-- Adminer 4.2.5 MySQL dump

SET NAMES utf8;
SET time_zone = '-09:00';
SET foreign_key_checks = 0;
SET sql_mode = 'NO_AUTO_VALUE_ON_ZERO';

TRUNCATE `chokus`;
INSERT INTO `chokus` (`code`, `name`, `status`, `created_at`, `updated_at`) VALUES
('B',	'黒直',	0,	'2017-03-23 06:40:13',	'2017-03-23 06:40:13'),
('W',	'白直',	1,	'2017-03-23 06:40:13',	'2017-03-23 06:40:13'),
('Y',	'黄直',	1,	'2017-03-23 06:40:13',	'2017-03-23 06:40:13');

TRUNCATE `failures`;
INSERT INTO `failures` (`id`, `x`, `y`, `sub_x`, `sub_y`, `type_id`, `ir_id`, `part_id`, `figure_id`, `created_at`, `updated_at`, `deleted_at`) VALUES
(1,	787,	164,	0,	0,	3,	1,	1,	2,	'2017-03-23 10:39:11',	'2017-03-23 10:39:11',	NULL),
(2,	1056,	228,	0,	0,	6,	1,	1,	2,	'2017-03-23 10:39:11',	'2017-03-23 10:39:11',	NULL),
(3,	909,	665,	0,	0,	9,	1,	1,	2,	'2017-03-23 10:39:11',	'2017-03-23 10:39:11',	NULL),
(4,	1025,	712,	0,	0,	11,	1,	1,	2,	'2017-03-23 10:39:11',	'2017-03-23 10:39:11',	NULL),
(5,	317,	407,	0,	0,	20,	2,	1,	15,	'2017-03-23 10:39:50',	'2017-03-23 10:39:50',	NULL),
(6,	663,	478,	0,	0,	18,	2,	1,	15,	'2017-03-23 10:39:50',	'2017-03-23 10:39:50',	NULL),
(7,	911,	589,	0,	0,	19,	2,	1,	15,	'2017-03-23 10:39:50',	'2017-03-23 10:39:50',	NULL),
(8,	396,	453,	0,	0,	21,	2,	1,	16,	'2017-03-23 10:39:50',	'2017-03-23 10:39:50',	NULL),
(9,	1221,	305,	0,	0,	44,	2,	1,	16,	'2017-03-23 10:39:50',	'2017-03-23 10:39:50',	NULL),
(10,	806,	137,	0,	0,	18,	2,	1,	17,	'2017-03-23 10:39:50',	'2017-03-23 10:39:50',	NULL),
(11,	1229,	226,	0,	0,	18,	2,	1,	17,	'2017-03-23 10:39:50',	'2017-03-23 10:39:50',	NULL),
(12,	1283,	806,	0,	0,	18,	2,	1,	17,	'2017-03-23 10:39:50',	'2017-03-23 10:39:50',	NULL),
(13,	845,	734,	0,	0,	18,	2,	1,	17,	'2017-03-23 10:39:50',	'2017-03-23 10:39:50',	NULL),
(14,	633,	235,	0,	0,	41,	3,	2,	18,	'2017-03-23 10:39:50',	'2017-03-23 10:39:50',	NULL),
(15,	1115,	207,	0,	0,	4,	3,	2,	18,	'2017-03-23 10:39:50',	'2017-03-23 10:39:50',	NULL),
(16,	684,	705,	0,	0,	9,	3,	2,	18,	'2017-03-23 10:39:50',	'2017-03-23 10:39:50',	NULL),
(17,	1418,	788,	0,	0,	9,	3,	2,	18,	'2017-03-23 10:39:50',	'2017-03-23 10:39:50',	NULL),
(18,	566,	620,	0,	0,	22,	4,	1,	27,	'2017-03-23 10:40:34',	'2017-03-23 10:40:34',	NULL),
(19,	1015,	497,	0,	0,	44,	4,	1,	27,	'2017-03-23 10:40:34',	'2017-03-23 10:40:34',	NULL),
(20,	1339,	329,	0,	0,	9,	4,	1,	27,	'2017-03-23 10:40:34',	'2017-03-23 10:40:34',	NULL),
(21,	461,	149,	0,	0,	2,	4,	1,	28,	'2017-03-23 10:40:34',	'2017-03-23 10:40:34',	NULL),
(22,	1252,	423,	0,	0,	18,	4,	1,	28,	'2017-03-23 10:40:34',	'2017-03-23 10:40:34',	NULL),
(23,	738,	521,	0,	0,	19,	4,	1,	28,	'2017-03-23 10:40:34',	'2017-03-23 10:40:34',	NULL),
(24,	730,	189,	0,	0,	4,	4,	1,	29,	'2017-03-23 10:40:34',	'2017-03-23 10:40:34',	NULL),
(25,	1256,	237,	0,	0,	4,	4,	1,	29,	'2017-03-23 10:40:34',	'2017-03-23 10:40:34',	NULL),
(26,	1340,	946,	0,	0,	41,	4,	1,	29,	'2017-03-23 10:40:34',	'2017-03-23 10:40:34',	NULL),
(27,	557,	677,	0,	0,	41,	4,	1,	29,	'2017-03-23 10:40:34',	'2017-03-23 10:40:34',	NULL),
(28,	1013,	168,	0,	0,	5,	5,	2,	30,	'2017-03-23 10:40:34',	'2017-03-23 10:40:34',	NULL),
(29,	685,	665,	0,	0,	22,	5,	2,	30,	'2017-03-23 10:40:34',	'2017-03-23 10:40:34',	NULL),
(30,	193,	214,	0,	0,	21,	5,	2,	30,	'2017-03-23 10:40:34',	'2017-03-23 10:40:34',	NULL),
(31,	884,	310,	0,	0,	20,	6,	1,	39,	'2017-03-23 10:41:39',	'2017-03-23 10:41:39',	NULL),
(32,	533,	312,	0,	0,	24,	6,	1,	39,	'2017-03-23 10:41:39',	'2017-03-23 10:41:39',	NULL),
(33,	1034,	441,	0,	0,	18,	6,	1,	40,	'2017-03-23 10:41:39',	'2017-03-23 10:41:39',	NULL),
(34,	1106,	223,	0,	0,	22,	6,	1,	42,	'2017-03-23 10:41:39',	'2017-03-23 10:41:39',	NULL),
(35,	1521,	332,	0,	0,	18,	6,	1,	44,	'2017-03-23 10:41:39',	'2017-03-23 10:41:39',	NULL),
(36,	1521,	465,	0,	0,	18,	6,	1,	44,	'2017-03-23 10:41:39',	'2017-03-23 10:41:39',	NULL),
(37,	1214,	302,	0,	0,	18,	7,	2,	46,	'2017-03-23 10:41:39',	'2017-03-23 10:41:39',	NULL),
(38,	903,	303,	0,	0,	18,	7,	2,	46,	'2017-03-23 10:41:39',	'2017-03-23 10:41:39',	NULL),
(39,	684,	195,	0,	0,	9,	8,	1,	66,	'2017-03-23 10:42:41',	'2017-03-23 10:42:41',	NULL),
(40,	860,	234,	0,	0,	9,	8,	1,	66,	'2017-03-23 10:42:41',	'2017-03-23 10:42:41',	NULL),
(41,	669,	31,	0,	0,	9,	8,	1,	66,	'2017-03-23 10:42:41',	'2017-03-23 10:42:41',	NULL),
(42,	1160,	503,	0,	0,	18,	8,	1,	67,	'2017-03-23 10:42:41',	'2017-03-23 10:42:41',	NULL),
(43,	640,	193,	0,	0,	3,	8,	1,	68,	'2017-03-23 10:42:41',	'2017-03-23 10:42:41',	NULL),
(44,	504,	494,	0,	0,	3,	8,	1,	68,	'2017-03-23 10:42:41',	'2017-03-23 10:42:41',	NULL),
(45,	1285,	509,	0,	0,	3,	8,	1,	68,	'2017-03-23 10:42:41',	'2017-03-23 10:42:41',	NULL),
(46,	1009,	142,	0,	0,	22,	9,	2,	72,	'2017-03-23 10:42:41',	'2017-03-23 10:42:41',	NULL),
(47,	1280,	118,	0,	0,	3,	10,	3,	2,	'2017-03-24 02:18:27',	'2017-03-24 02:18:27',	NULL),
(48,	827,	540,	0,	0,	6,	10,	3,	2,	'2017-03-24 02:18:27',	'2017-03-24 02:18:27',	NULL),
(49,	1041,	359,	0,	0,	6,	10,	3,	2,	'2017-03-24 02:18:27',	'2017-03-24 02:18:27',	NULL),
(50,	622,	685,	0,	0,	3,	10,	3,	2,	'2017-03-24 02:18:27',	'2017-03-24 02:18:27',	NULL),
(52,	529,	845,	0,	0,	4,	10,	3,	2,	'2017-03-24 02:18:58',	'2017-03-24 02:18:58',	NULL),
(53,	747,	283,	0,	0,	1,	11,	4,	1,	'2017-03-24 02:20:14',	'2017-03-24 02:20:14',	NULL),
(54,	665,	690,	0,	0,	3,	11,	4,	1,	'2017-03-24 02:20:14',	'2017-03-24 02:20:14',	NULL),
(55,	919,	315,	0,	0,	4,	11,	4,	1,	'2017-03-24 02:20:14',	'2017-03-24 02:20:14',	NULL),
(56,	919,	682,	0,	0,	4,	11,	4,	1,	'2017-03-24 02:20:14',	'2017-03-24 02:20:14',	NULL),
(57,	1164,	628,	0,	0,	5,	11,	4,	1,	'2017-03-24 02:20:14',	'2017-03-24 02:20:14',	NULL),
(58,	1135,	312,	0,	0,	4,	11,	4,	1,	'2017-03-24 02:20:40',	'2017-03-24 02:20:40',	NULL),
(59,	426,	276,	0,	0,	1,	12,	5,	3,	'2017-03-24 02:22:09',	'2017-03-24 02:22:09',	NULL),
(60,	870,	287,	0,	0,	1,	12,	5,	3,	'2017-03-24 02:22:09',	'2017-03-24 02:22:09',	NULL),
(61,	1186,	311,	0,	0,	5,	12,	5,	3,	'2017-03-24 02:22:09',	'2017-03-24 02:22:09',	NULL),
(62,	1314,	308,	0,	0,	7,	12,	5,	3,	'2017-03-24 02:22:09',	'2017-03-24 02:22:09',	NULL),
(63,	600,	818,	0,	0,	16,	12,	5,	3,	'2017-03-24 02:22:09',	'2017-03-24 02:22:09',	NULL),
(64,	1251,	707,	0,	0,	16,	12,	5,	3,	'2017-03-24 02:22:09',	'2017-03-24 02:22:09',	NULL),
(65,	1384,	849,	0,	0,	16,	12,	5,	3,	'2017-03-24 02:22:09',	'2017-03-24 02:22:09',	NULL),
(66,	803,	767,	0,	0,	16,	12,	5,	3,	'2017-03-24 02:22:09',	'2017-03-24 02:22:09',	NULL),
(67,	583,	222,	0,	0,	4,	13,	6,	4,	'2017-03-24 02:22:09',	'2017-03-24 02:22:09',	NULL),
(69,	639,	757,	0,	0,	4,	13,	6,	4,	'2017-03-24 02:22:09',	'2017-03-24 02:22:09',	NULL),
(70,	1112,	761,	0,	0,	4,	13,	6,	4,	'2017-03-24 02:22:09',	'2017-03-24 02:22:09',	NULL),
(71,	1176,	288,	0,	0,	7,	13,	6,	4,	'2017-03-24 02:22:26',	'2017-03-24 02:22:26',	NULL),
(78,	675,	228,	0,	0,	1,	15,	7,	5,	'2017-03-24 02:24:29',	'2017-03-24 02:24:29',	NULL),
(79,	1048,	232,	0,	0,	1,	15,	7,	5,	'2017-03-24 02:24:29',	'2017-03-24 02:24:29',	NULL),
(80,	646,	380,	0,	0,	4,	15,	7,	5,	'2017-03-24 02:24:29',	'2017-03-24 02:24:29',	NULL),
(81,	1207,	380,	0,	0,	4,	15,	7,	5,	'2017-03-24 02:24:29',	'2017-03-24 02:24:29',	NULL),
(82,	731,	650,	0,	0,	9,	15,	7,	5,	'2017-03-24 02:24:29',	'2017-03-24 02:24:29',	NULL),
(83,	1209,	647,	0,	0,	9,	15,	7,	5,	'2017-03-24 02:24:29',	'2017-03-24 02:24:29',	NULL),
(84,	716,	825,	0,	0,	10,	15,	7,	5,	'2017-03-24 02:24:29',	'2017-03-24 02:24:29',	NULL),
(85,	1161,	818,	0,	0,	10,	15,	7,	5,	'2017-03-24 02:24:29',	'2017-03-24 02:24:29',	NULL),
(87,	741,	251,	0,	0,	1,	16,	8,	6,	'2017-03-24 02:25:13',	'2017-03-24 02:25:13',	NULL),
(88,	1068,	247,	0,	0,	1,	16,	8,	6,	'2017-03-24 02:25:13',	'2017-03-24 02:25:13',	NULL),
(90,	740,	703,	0,	0,	6,	16,	8,	6,	'2017-03-24 02:25:13',	'2017-03-24 02:25:13',	NULL),
(91,	1006,	721,	0,	0,	6,	16,	8,	6,	'2017-03-24 02:25:13',	'2017-03-24 02:25:13',	NULL),
(92,	824,	138,	0,	0,	2,	17,	9,	7,	'2017-03-24 02:26:04',	'2017-03-24 02:26:04',	NULL),
(93,	860,	341,	0,	0,	2,	17,	9,	7,	'2017-03-24 02:26:04',	'2017-03-24 02:26:04',	NULL),
(94,	1011,	297,	0,	0,	2,	17,	9,	7,	'2017-03-24 02:26:04',	'2017-03-24 02:26:04',	NULL),
(95,	1011,	199,	0,	0,	2,	17,	9,	7,	'2017-03-24 02:26:04',	'2017-03-24 02:26:04',	NULL),
(96,	799,	744,	0,	0,	3,	17,	9,	7,	'2017-03-24 02:26:04',	'2017-03-24 02:26:04',	NULL),
(97,	808,	857,	0,	0,	3,	17,	9,	7,	'2017-03-24 02:26:04',	'2017-03-24 02:26:04',	NULL),
(98,	1139,	644,	0,	0,	14,	17,	9,	7,	'2017-03-24 02:26:04',	'2017-03-24 02:26:04',	NULL),
(99,	1140,	788,	0,	0,	14,	17,	9,	7,	'2017-03-24 02:26:04',	'2017-03-24 02:26:04',	NULL),
(100,	1170,	197,	0,	0,	5,	17,	9,	7,	'2017-03-24 02:26:29',	'2017-03-24 02:26:29',	NULL),
(101,	1169,	360,	0,	0,	5,	17,	9,	7,	'2017-03-24 02:26:29',	'2017-03-24 02:26:29',	NULL),
(102,	587,	191,	0,	0,	1,	18,	10,	8,	'2017-03-24 02:26:51',	'2017-03-24 02:26:51',	NULL),
(103,	936,	807,	0,	0,	15,	18,	10,	8,	'2017-03-24 02:26:51',	'2017-03-24 02:26:51',	NULL),
(106,	1220,	259,	0,	0,	7,	18,	10,	8,	'2017-03-24 02:27:05',	'2017-03-24 02:27:05',	NULL),
(113,	83,	297,	0,	0,	1,	20,	5,	18,	'2017-03-24 02:33:06',	'2017-03-24 02:33:06',	NULL),
(115,	117,	805,	0,	0,	3,	20,	5,	18,	'2017-03-24 02:33:06',	'2017-03-24 02:33:06',	NULL),
(117,	260,	147,	0,	0,	41,	19,	3,	15,	'2017-03-24 02:33:47',	'2017-03-24 02:33:47',	NULL),
(118,	573,	519,	0,	0,	2,	19,	3,	16,	'2017-03-24 02:33:47',	'2017-03-24 02:33:47',	NULL),
(119,	1128,	502,	0,	0,	3,	19,	3,	16,	'2017-03-24 02:33:47',	'2017-03-24 02:33:47',	NULL),
(120,	190,	281,	0,	0,	4,	19,	3,	17,	'2017-03-24 02:33:47',	'2017-03-24 02:33:47',	NULL),
(121,	351,	703,	0,	0,	4,	19,	3,	17,	'2017-03-24 02:33:47',	'2017-03-24 02:33:47',	NULL),
(122,	1110,	889,	0,	0,	4,	19,	3,	17,	'2017-03-24 02:33:47',	'2017-03-24 02:33:47',	NULL),
(123,	617,	280,	0,	0,	20,	20,	5,	18,	'2017-03-24 02:34:29',	'2017-03-24 02:34:29',	NULL),
(124,	855,	268,	0,	0,	20,	20,	5,	18,	'2017-03-24 02:34:29',	'2017-03-24 02:34:29',	NULL),
(126,	562,	505,	0,	0,	22,	21,	4,	20,	'2017-03-24 03:05:08',	'2017-03-24 03:05:08',	NULL),
(127,	1213,	459,	0,	0,	44,	21,	4,	20,	'2017-03-24 03:05:08',	'2017-03-24 03:05:08',	NULL),
(128,	469,	620,	0,	0,	4,	21,	4,	21,	'2017-03-24 03:05:08',	'2017-03-24 03:05:08',	NULL),
(129,	650,	226,	0,	0,	22,	21,	4,	21,	'2017-03-24 03:05:08',	'2017-03-24 03:05:08',	NULL),
(130,	1159,	548,	0,	0,	22,	21,	4,	21,	'2017-03-24 03:05:08',	'2017-03-24 03:05:08',	NULL),
(133,	836,	741,	0,	0,	18,	21,	4,	19,	'2017-03-24 03:06:51',	'2017-03-24 03:06:51',	NULL),
(134,	839,	246,	0,	0,	18,	22,	6,	22,	'2017-03-24 03:07:26',	'2017-03-24 03:07:26',	NULL),
(135,	815,	795,	0,	0,	18,	22,	6,	22,	'2017-03-24 03:07:26',	'2017-03-24 03:07:26',	NULL),
(138,	909,	243,	0,	0,	19,	23,	7,	23,	'2017-03-24 03:08:48',	'2017-03-24 03:08:48',	NULL),
(139,	923,	703,	0,	0,	18,	23,	7,	23,	'2017-03-24 03:08:48',	'2017-03-24 03:08:48',	NULL),
(140,	514,	109,	0,	0,	4,	24,	8,	24,	'2017-03-24 03:09:07',	'2017-03-24 03:09:07',	NULL),
(143,	774,	643,	0,	0,	9,	24,	8,	24,	'2017-03-24 03:09:07',	'2017-03-24 03:09:07',	NULL),
(146,	923,	163,	0,	0,	19,	26,	9,	25,	'2017-03-24 03:10:47',	'2017-03-24 03:10:47',	NULL),
(147,	891,	694,	0,	0,	19,	26,	9,	25,	'2017-03-24 03:10:47',	'2017-03-24 03:10:47',	NULL),
(148,	983,	341,	0,	0,	9,	27,	10,	26,	'2017-03-24 03:11:00',	'2017-03-24 03:11:00',	NULL),
(149,	647,	781,	0,	0,	21,	27,	10,	26,	'2017-03-24 03:11:00',	'2017-03-24 03:11:00',	NULL),
(150,	797,	549,	0,	0,	1,	28,	3,	27,	'2017-03-24 03:12:46',	'2017-03-24 03:12:46',	NULL),
(151,	556,	499,	0,	0,	2,	28,	3,	28,	'2017-03-24 03:12:46',	'2017-03-24 03:12:46',	NULL),
(152,	1107,	455,	0,	0,	2,	28,	3,	28,	'2017-03-24 03:12:46',	'2017-03-24 03:12:46',	NULL),
(154,	614,	646,	0,	0,	3,	28,	3,	29,	'2017-03-24 03:12:46',	'2017-03-24 03:12:46',	NULL),
(155,	1256,	667,	0,	0,	3,	28,	3,	29,	'2017-03-24 03:12:46',	'2017-03-24 03:12:46',	NULL),
(157,	907,	778,	0,	0,	41,	29,	5,	30,	'2017-03-24 03:12:58',	'2017-03-24 03:12:58',	NULL),
(158,	841,	312,	0,	0,	18,	28,	3,	29,	'2017-03-24 03:13:17',	'2017-03-24 03:13:17',	NULL),
(159,	909,	229,	0,	0,	18,	29,	5,	30,	'2017-03-24 03:13:50',	'2017-03-24 03:13:50',	NULL),
(160,	983,	452,	0,	0,	22,	30,	11,	31,	'2017-03-24 03:14:41',	'2017-03-24 03:14:41',	NULL),
(161,	1255,	670,	0,	0,	41,	30,	11,	32,	'2017-03-24 03:14:41',	'2017-03-24 03:14:41',	NULL),
(162,	477,	650,	0,	0,	41,	30,	11,	32,	'2017-03-24 03:14:41',	'2017-03-24 03:14:41',	NULL),
(163,	515,	813,	0,	0,	41,	30,	11,	33,	'2017-03-24 03:14:41',	'2017-03-24 03:14:41',	NULL),
(164,	911,	242,	0,	0,	9,	31,	6,	34,	'2017-03-24 03:14:41',	'2017-03-24 03:14:41',	NULL),
(166,	774,	155,	0,	0,	18,	32,	4,	33,	'2017-03-24 03:15:45',	'2017-03-24 03:15:45',	NULL),
(167,	654,	502,	0,	0,	18,	32,	4,	33,	'2017-03-24 03:15:45',	'2017-03-24 03:15:45',	NULL),
(168,	814,	336,	0,	0,	18,	33,	12,	31,	'2017-03-24 03:17:10',	'2017-03-24 03:17:10',	NULL),
(169,	1021,	296,	0,	0,	18,	33,	12,	31,	'2017-03-24 03:17:10',	'2017-03-24 03:17:10',	NULL),
(170,	588,	368,	0,	0,	18,	33,	12,	32,	'2017-03-24 03:17:10',	'2017-03-24 03:17:10',	NULL),
(171,	1200,	340,	0,	0,	18,	33,	12,	32,	'2017-03-24 03:17:10',	'2017-03-24 03:17:10',	NULL),
(172,	690,	294,	0,	0,	5,	33,	12,	33,	'2017-03-24 03:17:10',	'2017-03-24 03:17:10',	NULL),
(173,	611,	557,	0,	0,	5,	33,	12,	33,	'2017-03-24 03:17:10',	'2017-03-24 03:17:10',	NULL),
(174,	1341,	489,	0,	0,	5,	33,	12,	33,	'2017-03-24 03:17:10',	'2017-03-24 03:17:10',	NULL),
(175,	878,	282,	0,	0,	18,	34,	13,	34,	'2017-03-24 03:17:10',	'2017-03-24 03:17:10',	NULL),
(176,	951,	725,	0,	0,	18,	34,	13,	34,	'2017-03-24 03:17:10',	'2017-03-24 03:17:10',	NULL),
(177,	1232,	252,	0,	0,	9,	35,	7,	35,	'2017-03-24 03:17:50',	'2017-03-24 03:17:50',	NULL),
(178,	895,	688,	0,	0,	5,	36,	8,	36,	'2017-03-24 03:18:19',	'2017-03-24 03:18:19',	NULL),
(179,	599,	651,	0,	0,	5,	37,	9,	37,	'2017-03-24 03:18:32',	'2017-03-24 03:18:32',	NULL),
(181,	1185,	685,	0,	0,	2,	38,	10,	38,	'2017-03-24 04:38:01',	'2017-03-24 04:38:01',	NULL),
(183,	1063,	213,	0,	0,	4,	39,	3,	41,	'2017-03-24 04:40:11',	'2017-03-24 04:40:11',	NULL),
(184,	1526,	387,	0,	0,	22,	40,	5,	46,	'2017-03-24 04:40:11',	'2017-03-24 04:40:11',	NULL),
(185,	1077,	849,	0,	0,	24,	40,	5,	47,	'2017-03-24 04:40:11',	'2017-03-24 04:40:11',	NULL),
(186,	252,	601,	0,	0,	9,	39,	3,	39,	'2017-03-24 04:40:30',	'2017-03-24 04:40:30',	NULL),
(187,	581,	476,	0,	0,	3,	39,	3,	45,	'2017-03-24 04:41:04',	'2017-03-24 04:41:04',	NULL),
(188,	383,	350,	0,	0,	1,	41,	4,	48,	'2017-03-24 04:43:30',	'2017-03-24 04:43:30',	NULL),
(190,	343,	297,	0,	0,	22,	41,	4,	51,	'2017-03-24 04:44:02',	'2017-03-24 04:44:02',	NULL),
(191,	1021,	301,	0,	0,	21,	42,	6,	56,	'2017-03-24 04:44:57',	'2017-03-24 04:44:57',	NULL),
(194,	1431,	674,	0,	0,	20,	43,	7,	59,	'2017-03-24 05:19:01',	'2017-03-24 05:19:01',	NULL),
(195,	952,	747,	0,	0,	20,	43,	7,	60,	'2017-03-24 05:19:01',	'2017-03-24 05:19:01',	NULL),
(196,	636,	382,	0,	0,	1,	43,	7,	57,	'2017-03-24 05:19:41',	'2017-03-24 05:19:41',	NULL),
(197,	534,	716,	0,	0,	24,	43,	7,	58,	'2017-03-24 05:19:41',	'2017-03-24 05:19:41',	NULL),
(198,	1163,	291,	0,	0,	21,	44,	8,	61,	'2017-03-24 05:21:08',	'2017-03-24 05:21:08',	NULL),
(199,	684,	191,	0,	0,	4,	44,	8,	62,	'2017-03-24 05:21:08',	'2017-03-24 05:21:08',	NULL),
(200,	1350,	581,	0,	0,	22,	44,	8,	63,	'2017-03-24 05:21:08',	'2017-03-24 05:21:08',	NULL),
(201,	990,	848,	0,	0,	21,	44,	8,	64,	'2017-03-24 05:21:08',	'2017-03-24 05:21:08',	NULL),
(202,	749,	865,	0,	0,	21,	44,	8,	64,	'2017-03-24 05:21:08',	'2017-03-24 05:21:08',	NULL),
(203,	698,	184,	0,	0,	3,	45,	9,	65,	'2017-03-24 05:22:45',	'2017-03-24 05:22:45',	NULL),
(205,	897,	199,	0,	0,	24,	45,	9,	65,	'2017-03-24 05:23:18',	'2017-03-24 05:23:18',	NULL),
(206,	648,	470,	0,	0,	3,	46,	10,	66,	'2017-03-24 05:24:08',	'2017-03-24 05:24:08',	NULL),
(208,	891,	678,	0,	0,	20,	46,	10,	67,	'2017-03-24 05:24:08',	'2017-03-24 05:24:08',	NULL),
(210,	882,	512,	0,	0,	20,	46,	10,	66,	'2017-03-24 05:24:31',	'2017-03-24 05:24:31',	NULL),
(211,	846,	715,	0,	0,	41,	46,	10,	67,	'2017-03-24 05:24:31',	'2017-03-24 05:24:31',	NULL),
(213,	1158,	283,	0,	0,	21,	47,	3,	70,	'2017-03-24 05:30:12',	'2017-03-24 05:30:12',	NULL),
(216,	985,	199,	0,	0,	21,	48,	5,	74,	'2017-03-24 05:45:14',	'2017-03-24 05:45:14',	NULL),
(217,	1117,	276,	0,	0,	21,	49,	4,	72,	'2017-03-24 05:47:30',	'2017-03-24 05:47:30',	NULL),
(218,	626,	281,	0,	0,	21,	49,	4,	72,	'2017-03-24 05:47:30',	'2017-03-24 05:47:30',	NULL),
(219,	737,	214,	0,	0,	20,	50,	6,	75,	'2017-03-24 05:48:19',	'2017-03-24 05:48:19',	NULL),
(220,	1087,	141,	0,	0,	20,	51,	7,	76,	'2017-03-24 05:52:46',	'2017-03-24 05:52:46',	NULL),
(221,	1145,	707,	0,	0,	19,	51,	7,	77,	'2017-03-24 05:52:46',	'2017-03-24 05:52:46',	NULL),
(223,	579,	15,	0,	0,	2,	53,	8,	78,	'2017-03-24 05:58:14',	'2017-03-24 05:58:14',	NULL),
(224,	1059,	277,	0,	0,	22,	53,	8,	79,	'2017-03-24 05:58:14',	'2017-03-24 05:58:14',	NULL),
(226,	799,	295,	0,	0,	19,	56,	10,	83,	'2017-03-24 06:04:38',	'2017-03-24 06:04:38',	NULL),
(227,	1161,	502,	0,	0,	21,	56,	10,	82,	'2017-03-24 06:05:03',	'2017-03-24 06:05:03',	NULL),
(228,	569,	47,	0,	0,	21,	56,	10,	82,	'2017-03-24 06:05:03',	'2017-03-24 06:05:03',	NULL),
(229,	1169,	137,	0,	0,	5,	56,	10,	83,	'2017-03-24 06:05:03',	'2017-03-24 06:05:03',	NULL);

TRUNCATE `failure_types`;
INSERT INTO `failure_types` (`id`, `name`, `label`, `status`, `created_at`, `updated_at`) VALUES
(1,	'キズ',	1,	1,	'2017-03-23 06:40:13',	'2017-03-23 06:40:13'),
(2,	'凸',	2,	1,	'2017-03-23 06:40:13',	'2017-03-23 06:40:13'),
(3,	'凹',	3,	1,	'2017-03-23 06:40:13',	'2017-03-23 06:40:13'),
(4,	'ワレ・ヒビ',	4,	1,	'2017-03-23 06:40:13',	'2017-03-23 06:40:13'),
(5,	'ショート',	5,	1,	'2017-03-23 06:40:13',	'2017-03-23 06:40:13'),
(6,	'ヒケ',	6,	1,	'2017-03-23 06:40:13',	'2017-03-23 06:40:13'),
(7,	'未凍結',	7,	1,	'2017-03-23 06:40:13',	'2017-03-23 06:40:13'),
(8,	'シボかすれ',	8,	1,	'2017-03-23 06:40:13',	'2017-03-23 06:40:13'),
(9,	'異物混入',	9,	1,	'2017-03-23 06:40:13',	'2017-03-23 06:40:13'),
(10,	'白斑点',	10,	1,	'2017-03-23 06:40:13',	'2017-03-23 06:40:13'),
(11,	'樹脂抜け',	11,	1,	'2017-03-23 06:40:13',	'2017-03-23 06:40:13'),
(12,	'上型残り',	12,	1,	'2017-03-23 06:40:13',	'2017-03-23 06:40:13'),
(13,	'下型残り',	13,	1,	'2017-03-23 06:40:13',	'2017-03-23 06:40:13'),
(14,	'リブ欠け',	14,	1,	'2017-03-23 06:40:13',	'2017-03-23 06:40:13'),
(15,	'黒斑点',	15,	1,	'2017-03-23 06:40:13',	'2017-03-23 06:40:13'),
(16,	'面荒れ',	16,	1,	'2017-03-23 06:40:13',	'2017-03-23 06:40:13'),
(17,	'ピンホール',	17,	1,	'2017-03-23 06:40:13',	'2017-03-23 06:40:13'),
(18,	'ボイド',	18,	1,	'2017-03-23 06:40:13',	'2017-03-23 06:40:13'),
(19,	'バリ',	19,	1,	'2017-03-23 06:40:13',	'2017-03-23 06:40:13'),
(20,	'加工不良',	20,	1,	'2017-03-23 06:40:13',	'2017-03-23 06:40:13'),
(21,	'剥離',	21,	1,	'2017-03-23 06:40:13',	'2017-03-23 06:40:13'),
(22,	'穴位置NG',	22,	1,	'2017-03-23 06:40:13',	'2017-03-23 06:40:13'),
(23,	'穴径小',	23,	1,	'2017-03-23 06:40:13',	'2017-03-23 06:40:13'),
(24,	'穴径大',	24,	1,	'2017-03-23 06:40:13',	'2017-03-23 06:40:13'),
(25,	'座屈',	25,	1,	'2017-03-23 06:40:13',	'2017-03-23 06:40:13'),
(26,	'接着剤はみ出',	26,	1,	'2017-03-23 06:40:13',	'2017-03-23 06:40:13'),
(27,	'接着剤付着',	27,	1,	'2017-03-23 06:40:13',	'2017-03-23 06:40:13'),
(28,	'リベット座屈',	28,	1,	'2017-03-23 06:40:13',	'2017-03-23 06:40:13'),
(29,	'汚れ',	29,	1,	'2017-03-23 06:40:13',	'2017-03-23 06:40:13'),
(30,	'ボルト塗料剥',	30,	1,	'2017-03-23 06:40:13',	'2017-03-23 06:40:13'),
(31,	'ボルト欠',	31,	1,	'2017-03-23 06:40:13',	'2017-03-23 06:40:13'),
(32,	'端末欠け',	32,	1,	'2017-03-23 06:40:13',	'2017-03-23 06:40:13'),
(33,	'ワキ',	33,	1,	'2017-03-23 06:40:13',	'2017-03-23 06:40:13'),
(34,	'ブツ',	34,	1,	'2017-03-23 06:40:13',	'2017-03-23 06:40:13'),
(35,	'糸ブツ',	35,	1,	'2017-03-23 06:40:13',	'2017-03-23 06:40:13'),
(36,	'肌不良',	36,	1,	'2017-03-23 06:40:13',	'2017-03-23 06:40:13'),
(37,	'色ムラ',	37,	1,	'2017-03-23 06:40:13',	'2017-03-23 06:40:13'),
(38,	'ダスト',	38,	1,	'2017-03-23 06:40:13',	'2017-03-23 06:40:13'),
(39,	'タレ',	39,	1,	'2017-03-23 06:40:13',	'2017-03-23 06:40:13'),
(40,	'カブリ',	40,	1,	'2017-03-23 06:40:13',	'2017-03-23 06:40:13'),
(41,	'その他',	99,	1,	'2017-03-23 06:40:13',	'2017-03-23 06:40:13'),
(42,	'水漏れ',	41,	1,	'2017-03-23 06:40:13',	'2017-03-23 06:40:13'),
(43,	'シワ',	42,	1,	'2017-03-23 06:40:13',	'2017-03-23 06:40:13'),
(44,	'波打ち',	43,	1,	'2017-03-23 06:40:13',	'2017-03-23 06:40:13');

TRUNCATE `figures`;
INSERT INTO `figures` (`id`, `path`, `process`, `inspection`, `pt_pn`, `page`, `size_x`, `size_y`, `status`, `created_at`, `updated_at`) VALUES
(1,	'm_gaikan_doorInnerR_1.png',	'molding',	'gaikan',	6714111020,	1,	1740,	980,	1,	'2017-03-23 06:40:13',	'2017-03-23 06:40:13'),
(2,	'm_gaikan_doorInnerL_1.png',	'molding',	'gaikan',	6714211020,	1,	1740,	980,	1,	'2017-03-23 06:40:13',	'2017-03-23 06:40:13'),
(3,	'm_gaikan_reinforceL_1.png',	'molding',	'gaikan',	6715211020,	2,	1740,	980,	1,	'2017-03-23 06:40:13',	'2017-03-23 06:40:13'),
(4,	'm_gaikan_reinforceR_1.png',	'molding',	'gaikan',	6715111020,	2,	1740,	980,	1,	'2017-03-23 06:40:13',	'2017-03-23 06:40:13'),
(5,	'm_gaikan_luggageInnerSTD_1.png',	'molding',	'gaikan',	6441211010,	1,	1740,	980,	1,	'2017-03-23 06:40:13',	'2017-03-23 06:40:13'),
(6,	'm_gaikan_luggageInnerARW_1.png',	'molding',	'gaikan',	6441211020,	1,	1740,	980,	1,	'2017-03-23 06:40:13',	'2017-03-23 06:40:13'),
(7,	'm_gaikan_luggageOuterSTD_1.png',	'molding',	'gaikan',	6441111010,	1,	1740,	980,	1,	'2017-03-23 06:40:13',	'2017-03-23 06:40:13'),
(8,	'm_gaikan_luggageOuterARW_1.png',	'molding',	'gaikan',	6441111020,	1,	1740,	980,	1,	'2017-03-23 06:40:13',	'2017-03-23 06:40:13'),
(9,	'm_inline_doorInnerL_1.png',	'molding',	'inline',	6714211020,	2,	1740,	660,	1,	'2017-03-23 06:40:13',	'2017-03-23 06:40:13'),
(10,	'm_inline_doorInnerR_1.png',	'molding',	'inline',	6714111020,	2,	1740,	660,	1,	'2017-03-23 06:40:13',	'2017-03-23 06:40:13'),
(11,	'm_inline_reinforceL_1.png',	'molding',	'inline',	6715211020,	1,	1740,	370,	1,	'2017-03-23 06:40:13',	'2017-03-23 06:40:13'),
(12,	'm_inline_reinforceR_1.png',	'molding',	'inline',	6715111020,	1,	1740,	370,	1,	'2017-03-23 06:40:13',	'2017-03-23 06:40:13'),
(13,	'm_inline_luggageInnerSTD_1.png',	'molding',	'inline',	6441211010,	1,	1740,	1030,	1,	'2017-03-23 06:40:13',	'2017-03-23 06:40:13'),
(14,	'm_inline_luggageInnerARW_1.png',	'molding',	'inline',	6441211020,	1,	1740,	1030,	1,	'2017-03-23 06:40:13',	'2017-03-23 06:40:13'),
(15,	'h_gaikan_doorInnerL_1.png',	'holing',	'maegaikan',	6714211020,	1,	1740,	980,	1,	'2017-03-23 06:40:13',	'2017-03-23 06:40:13'),
(16,	'h_gaikan_doorInnerL_2.png',	'holing',	'maegaikan',	6714211020,	2,	1740,	980,	1,	'2017-03-23 06:40:13',	'2017-03-23 06:40:13'),
(17,	'h_gaikan_doorInnerL_3.png',	'holing',	'maegaikan',	6714211020,	3,	1740,	980,	1,	'2017-03-23 06:40:13',	'2017-03-23 06:40:13'),
(18,	'h_gaikan_reinforceL_1.png',	'holing',	'maegaikan',	6715211020,	4,	1740,	980,	1,	'2017-03-23 06:40:13',	'2017-03-23 06:40:13'),
(19,	'h_gaikan_doorInnerR_1.png',	'holing',	'maegaikan',	6714111020,	1,	1740,	980,	1,	'2017-03-23 06:40:13',	'2017-03-23 06:40:13'),
(20,	'h_gaikan_doorInnerR_2.png',	'holing',	'maegaikan',	6714111020,	2,	1740,	980,	1,	'2017-03-23 06:40:13',	'2017-03-23 06:40:13'),
(21,	'h_gaikan_doorInnerR_3.png',	'holing',	'maegaikan',	6714111020,	3,	1740,	980,	1,	'2017-03-23 06:40:13',	'2017-03-23 06:40:13'),
(22,	'h_gaikan_reinforceR_1.png',	'holing',	'maegaikan',	6715111020,	4,	1740,	980,	1,	'2017-03-23 06:40:13',	'2017-03-23 06:40:13'),
(23,	'h_gaikan_luggageInnerSTD_1.png',	'holing',	'maegaikan',	6441211010,	1,	1740,	980,	1,	'2017-03-23 06:40:13',	'2017-03-23 06:40:13'),
(24,	'h_gaikan_luggageInnerARW_1.png',	'holing',	'maegaikan',	6441211020,	1,	1740,	980,	1,	'2017-03-23 06:40:13',	'2017-03-23 06:40:13'),
(25,	'h_gaikan_luggageOuterSTD_1.png',	'holing',	'maegaikan',	6441111010,	1,	1740,	980,	1,	'2017-03-23 06:40:13',	'2017-03-23 06:40:13'),
(26,	'h_gaikan_luggageOuterARW_1.png',	'holing',	'maegaikan',	6441111020,	1,	1740,	980,	1,	'2017-03-23 06:40:13',	'2017-03-23 06:40:13'),
(27,	'h_gaikan_doorInnerL_1.png',	'holing',	'atogaikan',	6714211020,	1,	1740,	980,	1,	'2017-03-23 06:40:13',	'2017-03-23 06:40:13'),
(28,	'h_gaikan_doorInnerL_2.png',	'holing',	'atogaikan',	6714211020,	2,	1740,	980,	1,	'2017-03-23 06:40:13',	'2017-03-23 06:40:13'),
(29,	'h_gaikan_doorInnerL_3.png',	'holing',	'atogaikan',	6714211020,	3,	1740,	980,	1,	'2017-03-23 06:40:13',	'2017-03-23 06:40:13'),
(30,	'h_gaikan_reinforceL_1.png',	'holing',	'atogaikan',	6715211020,	4,	1740,	980,	1,	'2017-03-23 06:40:13',	'2017-03-23 06:40:13'),
(31,	'h_gaikan_doorInnerR_1.png',	'holing',	'atogaikan',	6714111020,	1,	1740,	980,	1,	'2017-03-23 06:40:13',	'2017-03-23 06:40:13'),
(32,	'h_gaikan_doorInnerR_2.png',	'holing',	'atogaikan',	6714111020,	2,	1740,	980,	1,	'2017-03-23 06:40:13',	'2017-03-23 06:40:13'),
(33,	'h_gaikan_doorInnerR_3.png',	'holing',	'atogaikan',	6714111020,	3,	1740,	980,	1,	'2017-03-23 06:40:13',	'2017-03-23 06:40:13'),
(34,	'h_gaikan_reinforceR_1.png',	'holing',	'atogaikan',	6715111020,	4,	1740,	980,	1,	'2017-03-23 06:40:13',	'2017-03-23 06:40:13'),
(35,	'h_gaikan_luggageInnerSTD_1.png',	'holing',	'atogaikan',	6441211010,	1,	1740,	980,	1,	'2017-03-23 06:40:13',	'2017-03-23 06:40:13'),
(36,	'h_gaikan_luggageInnerARW_1.png',	'holing',	'atogaikan',	6441211020,	1,	1740,	980,	1,	'2017-03-23 06:40:13',	'2017-03-23 06:40:13'),
(37,	'h_gaikan_luggageOuterSTD_1.png',	'holing',	'atogaikan',	6441111010,	1,	1740,	980,	1,	'2017-03-23 06:40:13',	'2017-03-23 06:40:13'),
(38,	'h_gaikan_luggageOuterARW_1.png',	'holing',	'atogaikan',	6441111020,	1,	1740,	980,	1,	'2017-03-23 06:40:13',	'2017-03-23 06:40:13'),
(39,	'h_ana_doorInnerL_1.png',	'holing',	'ana',	6714211020,	1,	1740,	1030,	1,	'2017-03-23 06:40:13',	'2017-03-23 06:40:13'),
(40,	'h_ana_doorInnerL_2.png',	'holing',	'ana',	6714211020,	2,	1740,	1030,	1,	'2017-03-23 06:40:13',	'2017-03-23 06:40:13'),
(41,	'h_ana_doorInnerL_3.png',	'holing',	'ana',	6714211020,	3,	1740,	1030,	1,	'2017-03-23 06:40:13',	'2017-03-23 06:40:13'),
(42,	'h_ana_doorInnerL_4.png',	'holing',	'ana',	6714211020,	4,	1740,	1030,	1,	'2017-03-23 06:40:13',	'2017-03-23 06:40:13'),
(43,	'h_ana_doorInnerL_5.png',	'holing',	'ana',	6714211020,	5,	1740,	1030,	1,	'2017-03-23 06:40:13',	'2017-03-23 06:40:13'),
(44,	'h_ana_doorInnerL_6.png',	'holing',	'ana',	6714211020,	6,	1740,	1030,	1,	'2017-03-23 06:40:13',	'2017-03-23 06:40:13'),
(45,	'h_ana_doorInnerL_7.png',	'holing',	'ana',	6714211020,	7,	1740,	1030,	1,	'2017-03-23 06:40:13',	'2017-03-23 06:40:13'),
(46,	'h_ana_reinforceL_1.png',	'holing',	'ana',	6715211020,	8,	1740,	1030,	1,	'2017-03-23 06:40:13',	'2017-03-23 06:40:13'),
(47,	'h_ana_reinforceL_2.png',	'holing',	'ana',	6715211020,	9,	1740,	1030,	1,	'2017-03-23 06:40:13',	'2017-03-23 06:40:13'),
(48,	'h_ana_doorInnerR_1.png',	'holing',	'ana',	6714111020,	1,	1740,	1030,	1,	'2017-03-23 06:40:13',	'2017-03-23 06:40:13'),
(49,	'h_ana_doorInnerR_2.png',	'holing',	'ana',	6714111020,	2,	1740,	1030,	1,	'2017-03-23 06:40:13',	'2017-03-23 06:40:13'),
(50,	'h_ana_doorInnerR_3.png',	'holing',	'ana',	6714111020,	3,	1740,	1030,	1,	'2017-03-23 06:40:13',	'2017-03-23 06:40:13'),
(51,	'h_ana_doorInnerR_4.png',	'holing',	'ana',	6714111020,	4,	1740,	1030,	1,	'2017-03-23 06:40:13',	'2017-03-23 06:40:13'),
(52,	'h_ana_doorInnerR_5.png',	'holing',	'ana',	6714111020,	5,	1740,	1030,	1,	'2017-03-23 06:40:13',	'2017-03-23 06:40:13'),
(53,	'h_ana_doorInnerR_6.png',	'holing',	'ana',	6714111020,	6,	1740,	1030,	1,	'2017-03-23 06:40:13',	'2017-03-23 06:40:13'),
(54,	'h_ana_doorInnerR_7.png',	'holing',	'ana',	6714111020,	7,	1740,	1030,	1,	'2017-03-23 06:40:13',	'2017-03-23 06:40:13'),
(55,	'h_ana_reinforceR_1.png',	'holing',	'ana',	6715111020,	8,	1740,	1030,	1,	'2017-03-23 06:40:13',	'2017-03-23 06:40:13'),
(56,	'h_ana_reinforceR_2.png',	'holing',	'ana',	6715111020,	9,	1740,	1030,	1,	'2017-03-23 06:40:13',	'2017-03-23 06:40:13'),
(57,	'h_ana_luggageInnerSTD_1.png',	'holing',	'ana',	6441211010,	1,	1740,	1030,	1,	'2017-03-23 06:40:13',	'2017-03-23 06:40:13'),
(58,	'h_ana_luggageInnerSTD_1.png',	'holing',	'ana',	6441211010,	2,	1740,	1030,	1,	'2017-03-23 06:40:13',	'2017-03-23 06:40:13'),
(59,	'h_ana_luggageInnerSTD_1.png',	'holing',	'ana',	6441211010,	3,	1740,	1030,	1,	'2017-03-23 06:40:13',	'2017-03-23 06:40:13'),
(60,	'h_ana_luggageInnerSTD_1.png',	'holing',	'ana',	6441211010,	4,	1740,	1030,	1,	'2017-03-23 06:40:13',	'2017-03-23 06:40:13'),
(61,	'h_ana_luggageInnerARW_1.png',	'holing',	'ana',	6441211020,	1,	1740,	1030,	1,	'2017-03-23 06:40:13',	'2017-03-23 06:40:13'),
(62,	'h_ana_luggageInnerARW_1.png',	'holing',	'ana',	6441211020,	2,	1740,	1030,	1,	'2017-03-23 06:40:13',	'2017-03-23 06:40:13'),
(63,	'h_ana_luggageInnerARW_1.png',	'holing',	'ana',	6441211020,	3,	1740,	1030,	1,	'2017-03-23 06:40:13',	'2017-03-23 06:40:13'),
(64,	'h_ana_luggageInnerARW_1.png',	'holing',	'ana',	6441211020,	4,	1740,	1030,	1,	'2017-03-23 06:40:13',	'2017-03-23 06:40:13'),
(65,	'h_ana_luggageOuterSTD_1.png',	'holing',	'ana',	6441111010,	1,	1740,	1030,	1,	'2017-03-23 06:40:13',	'2017-03-23 06:40:13'),
(66,	'h_ana_luggageOuterARW_1.png',	'holing',	'ana',	6441111020,	1,	1740,	1030,	1,	'2017-03-23 06:40:13',	'2017-03-23 06:40:13'),
(67,	'h_ana_luggageOuterARW_1.png',	'holing',	'ana',	6441111020,	2,	1740,	1030,	1,	'2017-03-23 06:40:13',	'2017-03-23 06:40:13'),
(68,	'h_ana_doorInnerL_1.png',	'holing',	'tenaoshi',	6714211020,	1,	1740,	1030,	1,	'2017-03-23 06:40:13',	'2017-03-23 06:40:13'),
(69,	'h_gaikan_doorInnerL_2.png',	'holing',	'tenaoshi',	6714211020,	2,	1740,	980,	1,	'2017-03-23 06:40:13',	'2017-03-23 06:40:13'),
(70,	'h_gaikan_doorInnerL_3.png',	'holing',	'tenaoshi',	6714211020,	3,	1740,	980,	1,	'2017-03-23 06:40:13',	'2017-03-23 06:40:13'),
(71,	'h_ana_doorInnerR_1.png',	'holing',	'tenaoshi',	6714111020,	1,	1740,	1030,	1,	'2017-03-23 06:40:13',	'2017-03-23 06:40:13'),
(72,	'h_gaikan_doorInnerR_2.png',	'holing',	'tenaoshi',	6714111020,	2,	1740,	980,	1,	'2017-03-23 06:40:13',	'2017-03-23 06:40:13'),
(73,	'h_gaikan_doorInnerR_3.png',	'holing',	'tenaoshi',	6714111020,	3,	1740,	980,	1,	'2017-03-23 06:40:13',	'2017-03-23 06:40:13'),
(74,	'h_tenaoshi_reinforceL_1.png',	'holing',	'tenaoshi',	6715211020,	4,	1740,	1030,	1,	'2017-03-23 06:40:13',	'2017-03-23 06:40:13'),
(75,	'h_tenaoshi_reinforceR_1.png',	'holing',	'tenaoshi',	6715111020,	4,	1740,	1030,	1,	'2017-03-23 06:40:13',	'2017-03-23 06:40:13'),
(76,	'h_gaikan_luggageInnerSTD_1.png',	'holing',	'tenaoshi',	6441211010,	1,	1740,	1030,	1,	'2017-03-23 06:40:13',	'2017-03-23 06:40:13'),
(77,	'h_ana_luggageInnerSTD_1.png',	'holing',	'tenaoshi',	6441211010,	2,	1740,	1030,	1,	'2017-03-23 06:40:13',	'2017-03-23 06:40:13'),
(78,	'h_gaikan_luggageInnerARW_1.png',	'holing',	'tenaoshi',	6441211020,	1,	1740,	980,	1,	'2017-03-23 06:40:13',	'2017-03-23 06:40:13'),
(79,	'h_ana_luggageInnerARW_1.png',	'holing',	'tenaoshi',	6441211020,	2,	1740,	1030,	1,	'2017-03-23 06:40:13',	'2017-03-23 06:40:13'),
(80,	'h_gaikan_luggageOuterSTD_1.png',	'holing',	'tenaoshi',	6441111010,	1,	1740,	980,	1,	'2017-03-23 06:40:13',	'2017-03-23 06:40:13'),
(81,	'h_ana_luggageOuterSTD_1.png',	'holing',	'tenaoshi',	6441111010,	2,	1740,	1030,	1,	'2017-03-23 06:40:13',	'2017-03-23 06:40:13'),
(82,	'h_gaikan_luggageOuterARW_1.png',	'holing',	'tenaoshi',	6441111020,	1,	1740,	980,	1,	'2017-03-23 06:40:13',	'2017-03-23 06:40:13'),
(83,	'h_ana_luggageOuterARW_1.png',	'holing',	'tenaoshi',	6441111020,	2,	1740,	1030,	1,	'2017-03-23 06:40:13',	'2017-03-23 06:40:13'),
(84,	'h_ana_doorInnerL_1.png',	'jointing',	'kashimego',	6714211020,	1,	1740,	1030,	1,	'2017-03-23 06:40:13',	'2017-03-23 06:40:13'),
(85,	'h_ana_doorInnerL_1.png',	'jointing',	'kashimego',	6714211020,	2,	1740,	1030,	1,	'2017-03-23 06:40:13',	'2017-03-23 06:40:13'),
(86,	'h_ana_reinforceL_1.png',	'jointing',	'kashimego',	6715211020,	1,	1740,	1030,	1,	'2017-03-23 06:40:13',	'2017-03-23 06:40:13'),
(87,	'h_ana_reinforceL_2.png',	'jointing',	'kashimego',	6715211020,	2,	1740,	1030,	1,	'2017-03-23 06:40:13',	'2017-03-23 06:40:13'),
(88,	'h_ana_doorInnerR_1.png',	'jointing',	'kashimego',	6714111020,	1,	1740,	1030,	1,	'2017-03-23 06:40:13',	'2017-03-23 06:40:13'),
(89,	'h_ana_doorInnerR_1.png',	'jointing',	'kashimego',	6714111020,	2,	1740,	1030,	1,	'2017-03-23 06:40:13',	'2017-03-23 06:40:13'),
(90,	'h_ana_reinforceR_1.png',	'jointing',	'kashimego',	6715111020,	1,	1740,	1030,	1,	'2017-03-23 06:40:13',	'2017-03-23 06:40:13'),
(91,	'h_ana_reinforceR_2.png',	'jointing',	'kashimego',	6715111020,	2,	1740,	1030,	1,	'2017-03-23 06:40:13',	'2017-03-23 06:40:13'),
(92,	'h_ana_luggageInnerSTD_1.png',	'jointing',	'kashimego',	6441211010,	1,	1740,	1030,	1,	'2017-03-23 06:40:13',	'2017-03-23 06:40:13'),
(93,	'h_ana_luggageInnerARW_1.png',	'jointing',	'kashimego',	6441211020,	1,	1740,	1030,	1,	'2017-03-23 06:40:13',	'2017-03-23 06:40:13'),
(94,	'h_ana_luggageOuterSTD_1.png',	'jointing',	'kashimego',	6441111010,	1,	1740,	1030,	1,	'2017-03-23 06:40:13',	'2017-03-23 06:40:13'),
(95,	'h_ana_luggageOuterARW_1.png',	'jointing',	'kashimego',	6441111020,	1,	1740,	1030,	1,	'2017-03-23 06:40:13',	'2017-03-23 06:40:13'),
(96,	'j_luggageOuterSTD.png',	'jointing',	'gaishushiage',	6441111010,	1,	1740,	1030,	1,	'2017-03-23 06:40:13',	'2017-03-23 06:40:13'),
(97,	'j_luggageOuterARW.png',	'jointing',	'gaishushiage',	6441111020,	1,	1740,	1030,	1,	'2017-03-23 06:40:13',	'2017-03-23 06:40:13'),
(98,	'j_luggageOuterSTD.png',	'jointing',	'pateshufukugo',	6441111010,	1,	1740,	1030,	1,	'2017-03-23 06:40:13',	'2017-03-23 06:40:13'),
(99,	'j_luggageOuterARW.png',	'jointing',	'pateshufukugo',	6441111020,	1,	1740,	1030,	1,	'2017-03-23 06:40:13',	'2017-03-23 06:40:13'),
(100,	'j_luggageOuterSTD.png',	'jointing',	'suikengo',	6441111010,	1,	1740,	1030,	1,	'2017-03-23 06:40:13',	'2017-03-23 06:40:13'),
(101,	'j_luggageOuterARW.png',	'jointing',	'suikengo',	6441111020,	1,	1740,	1030,	1,	'2017-03-23 06:40:13',	'2017-03-23 06:40:13'),
(102,	'j_luggageOuterSTD.png',	'jointing',	'tosoukeirego',	6441111010,	1,	1740,	1030,	1,	'2017-03-23 06:40:13',	'2017-03-23 06:40:13'),
(103,	'j_luggageOuterARW.png',	'jointing',	'tosoukeirego',	6441111020,	1,	1740,	1030,	1,	'2017-03-23 06:40:13',	'2017-03-23 06:40:13'),
(104,	'j_inline_doorAssyL_1.png',	'jointing',	'inline',	6701611020,	1,	1740,	1030,	1,	'2017-03-23 06:40:13',	'2017-03-23 06:40:13'),
(105,	'j_inline_doorAssyR_1.png',	'jointing',	'inline',	6701511020,	1,	1740,	1030,	1,	'2017-03-23 06:40:13',	'2017-03-23 06:40:13'),
(106,	'j_inline_luggageAssySTD_1.png',	'jointing',	'inline',	6440111010,	1,	1740,	1030,	1,	'2017-03-23 06:40:13',	'2017-03-23 06:40:13'),
(107,	'j_inline_luggageAssyARW_1.png',	'jointing',	'inline',	6440111020,	1,	1740,	1030,	1,	'2017-03-23 06:40:13',	'2017-03-23 06:40:13'),
(108,	'j_doorAssyR_1.png',	'jointing',	'gaikan',	6701511020,	1,	1740,	1030,	1,	'2017-03-23 06:40:13',	'2017-03-23 06:40:13'),
(109,	'j_doorAssyL_1.png',	'jointing',	'gaikan',	6701611020,	1,	1740,	1030,	1,	'2017-03-23 06:40:13',	'2017-03-23 06:40:13'),
(110,	'j_luggageAssySTD_1.png',	'jointing',	'gaikan',	6440111010,	1,	1740,	1030,	1,	'2017-03-23 06:40:13',	'2017-03-23 06:40:13'),
(111,	'j_luggageAssyARW_1.png',	'jointing',	'gaikan',	6440111020,	1,	1740,	1030,	1,	'2017-03-23 06:40:13',	'2017-03-23 06:40:13'),
(112,	'j_doorAssyR_1.png',	'jointing',	'tenaoshi',	6701511020,	1,	1740,	1030,	1,	'2017-03-23 06:40:13',	'2017-03-23 06:40:13'),
(113,	'j_doorAssyL_1.png',	'jointing',	'tenaoshi',	6701611020,	1,	1740,	1030,	1,	'2017-03-23 06:40:13',	'2017-03-23 06:40:13'),
(114,	'j_luggageAssySTD_1.png',	'jointing',	'tenaoshi',	6440111010,	1,	1740,	1030,	1,	'2017-03-23 06:40:13',	'2017-03-23 06:40:13'),
(115,	'j_luggageAssyARW_1.png',	'jointing',	'tenaoshi',	6440111020,	1,	1740,	1030,	1,	'2017-03-23 06:40:13',	'2017-03-23 06:40:13');

TRUNCATE `ft_related`;
INSERT INTO `ft_related` (`process`, `inspection`, `division`, `type_id`, `type`, `sort`, `created_at`, `updated_at`) VALUES
('holing',	'ana',	'doorInner',	1,	2,	1,	NULL,	NULL),
('holing',	'ana',	'doorInner',	2,	2,	2,	NULL,	NULL),
('holing',	'ana',	'doorInner',	3,	2,	3,	NULL,	NULL),
('holing',	'ana',	'doorInner',	4,	2,	4,	NULL,	NULL),
('holing',	'ana',	'doorInner',	5,	2,	5,	NULL,	NULL),
('holing',	'ana',	'doorInner',	9,	2,	9,	NULL,	NULL),
('holing',	'ana',	'doorInner',	18,	2,	13,	NULL,	NULL),
('holing',	'ana',	'doorInner',	19,	2,	6,	NULL,	NULL),
('holing',	'ana',	'doorInner',	20,	2,	10,	NULL,	NULL),
('holing',	'ana',	'doorInner',	21,	2,	11,	NULL,	NULL),
('holing',	'ana',	'doorInner',	22,	2,	12,	NULL,	NULL),
('holing',	'ana',	'doorInner',	23,	2,	7,	NULL,	NULL),
('holing',	'ana',	'doorInner',	24,	2,	8,	NULL,	NULL),
('holing',	'ana',	'doorInner',	41,	2,	15,	NULL,	NULL),
('holing',	'ana',	'doorInner',	44,	2,	14,	NULL,	NULL),
('holing',	'ana',	'luggageInner',	1,	2,	1,	NULL,	NULL),
('holing',	'ana',	'luggageInner',	2,	2,	2,	NULL,	NULL),
('holing',	'ana',	'luggageInner',	3,	2,	3,	NULL,	NULL),
('holing',	'ana',	'luggageInner',	4,	2,	4,	NULL,	NULL),
('holing',	'ana',	'luggageInner',	5,	2,	5,	NULL,	NULL),
('holing',	'ana',	'luggageInner',	9,	2,	9,	NULL,	NULL),
('holing',	'ana',	'luggageInner',	18,	2,	13,	NULL,	NULL),
('holing',	'ana',	'luggageInner',	19,	2,	6,	NULL,	NULL),
('holing',	'ana',	'luggageInner',	20,	2,	10,	NULL,	NULL),
('holing',	'ana',	'luggageInner',	21,	2,	11,	NULL,	NULL),
('holing',	'ana',	'luggageInner',	22,	2,	12,	NULL,	NULL),
('holing',	'ana',	'luggageInner',	23,	2,	7,	NULL,	NULL),
('holing',	'ana',	'luggageInner',	24,	2,	8,	NULL,	NULL),
('holing',	'ana',	'luggageInner',	41,	2,	14,	NULL,	NULL),
('holing',	'ana',	'luggageOuter',	1,	2,	1,	NULL,	NULL),
('holing',	'ana',	'luggageOuter',	2,	2,	2,	NULL,	NULL),
('holing',	'ana',	'luggageOuter',	3,	2,	3,	NULL,	NULL),
('holing',	'ana',	'luggageOuter',	4,	2,	4,	NULL,	NULL),
('holing',	'ana',	'luggageOuter',	5,	2,	5,	NULL,	NULL),
('holing',	'ana',	'luggageOuter',	9,	2,	9,	NULL,	NULL),
('holing',	'ana',	'luggageOuter',	19,	2,	6,	NULL,	NULL),
('holing',	'ana',	'luggageOuter',	20,	2,	10,	NULL,	NULL),
('holing',	'ana',	'luggageOuter',	21,	2,	11,	NULL,	NULL),
('holing',	'ana',	'luggageOuter',	22,	2,	12,	NULL,	NULL),
('holing',	'ana',	'luggageOuter',	23,	2,	7,	NULL,	NULL),
('holing',	'ana',	'luggageOuter',	24,	2,	8,	NULL,	NULL),
('holing',	'ana',	'luggageOuter',	41,	2,	13,	NULL,	NULL),
('holing',	'ana',	'reinforce',	1,	2,	1,	NULL,	NULL),
('holing',	'ana',	'reinforce',	2,	2,	2,	NULL,	NULL),
('holing',	'ana',	'reinforce',	3,	2,	3,	NULL,	NULL),
('holing',	'ana',	'reinforce',	4,	2,	4,	NULL,	NULL),
('holing',	'ana',	'reinforce',	5,	2,	5,	NULL,	NULL),
('holing',	'ana',	'reinforce',	9,	2,	9,	NULL,	NULL),
('holing',	'ana',	'reinforce',	18,	2,	13,	NULL,	NULL),
('holing',	'ana',	'reinforce',	19,	2,	6,	NULL,	NULL),
('holing',	'ana',	'reinforce',	20,	2,	10,	NULL,	NULL),
('holing',	'ana',	'reinforce',	21,	2,	11,	NULL,	NULL),
('holing',	'ana',	'reinforce',	22,	2,	12,	NULL,	NULL),
('holing',	'ana',	'reinforce',	23,	2,	7,	NULL,	NULL),
('holing',	'ana',	'reinforce',	24,	2,	8,	NULL,	NULL),
('holing',	'ana',	'reinforce',	41,	2,	14,	NULL,	NULL),
('holing',	'atogaikan',	'doorInner',	1,	2,	1,	NULL,	NULL),
('holing',	'atogaikan',	'doorInner',	2,	2,	2,	NULL,	NULL),
('holing',	'atogaikan',	'doorInner',	3,	2,	3,	NULL,	NULL),
('holing',	'atogaikan',	'doorInner',	4,	2,	4,	NULL,	NULL),
('holing',	'atogaikan',	'doorInner',	5,	2,	5,	NULL,	NULL),
('holing',	'atogaikan',	'doorInner',	9,	2,	7,	NULL,	NULL),
('holing',	'atogaikan',	'doorInner',	18,	2,	11,	NULL,	NULL),
('holing',	'atogaikan',	'doorInner',	19,	2,	6,	NULL,	NULL),
('holing',	'atogaikan',	'doorInner',	20,	2,	8,	NULL,	NULL),
('holing',	'atogaikan',	'doorInner',	21,	2,	9,	NULL,	NULL),
('holing',	'atogaikan',	'doorInner',	22,	2,	10,	NULL,	NULL),
('holing',	'atogaikan',	'doorInner',	41,	2,	13,	NULL,	NULL),
('holing',	'atogaikan',	'doorInner',	44,	2,	12,	NULL,	NULL),
('holing',	'atogaikan',	'luggageInner',	1,	2,	1,	NULL,	NULL),
('holing',	'atogaikan',	'luggageInner',	2,	2,	2,	NULL,	NULL),
('holing',	'atogaikan',	'luggageInner',	3,	2,	3,	NULL,	NULL),
('holing',	'atogaikan',	'luggageInner',	4,	2,	4,	NULL,	NULL),
('holing',	'atogaikan',	'luggageInner',	5,	2,	5,	NULL,	NULL),
('holing',	'atogaikan',	'luggageInner',	9,	2,	7,	NULL,	NULL),
('holing',	'atogaikan',	'luggageInner',	18,	2,	11,	NULL,	NULL),
('holing',	'atogaikan',	'luggageInner',	19,	2,	6,	NULL,	NULL),
('holing',	'atogaikan',	'luggageInner',	20,	2,	8,	NULL,	NULL),
('holing',	'atogaikan',	'luggageInner',	21,	2,	9,	NULL,	NULL),
('holing',	'atogaikan',	'luggageInner',	22,	2,	10,	NULL,	NULL),
('holing',	'atogaikan',	'luggageInner',	41,	2,	12,	NULL,	NULL),
('holing',	'atogaikan',	'luggageOuter',	1,	2,	1,	NULL,	NULL),
('holing',	'atogaikan',	'luggageOuter',	2,	2,	2,	NULL,	NULL),
('holing',	'atogaikan',	'luggageOuter',	3,	2,	3,	NULL,	NULL),
('holing',	'atogaikan',	'luggageOuter',	4,	2,	4,	NULL,	NULL),
('holing',	'atogaikan',	'luggageOuter',	5,	2,	5,	NULL,	NULL),
('holing',	'atogaikan',	'luggageOuter',	9,	2,	7,	NULL,	NULL),
('holing',	'atogaikan',	'luggageOuter',	19,	2,	6,	NULL,	NULL),
('holing',	'atogaikan',	'luggageOuter',	20,	2,	8,	NULL,	NULL),
('holing',	'atogaikan',	'luggageOuter',	21,	2,	9,	NULL,	NULL),
('holing',	'atogaikan',	'luggageOuter',	22,	2,	10,	NULL,	NULL),
('holing',	'atogaikan',	'luggageOuter',	41,	2,	11,	NULL,	NULL),
('holing',	'atogaikan',	'reinforce',	1,	2,	1,	NULL,	NULL),
('holing',	'atogaikan',	'reinforce',	2,	2,	2,	NULL,	NULL),
('holing',	'atogaikan',	'reinforce',	3,	2,	3,	NULL,	NULL),
('holing',	'atogaikan',	'reinforce',	4,	2,	4,	NULL,	NULL),
('holing',	'atogaikan',	'reinforce',	5,	2,	5,	NULL,	NULL),
('holing',	'atogaikan',	'reinforce',	9,	2,	7,	NULL,	NULL),
('holing',	'atogaikan',	'reinforce',	18,	2,	11,	NULL,	NULL),
('holing',	'atogaikan',	'reinforce',	19,	2,	6,	NULL,	NULL),
('holing',	'atogaikan',	'reinforce',	20,	2,	8,	NULL,	NULL),
('holing',	'atogaikan',	'reinforce',	21,	2,	9,	NULL,	NULL),
('holing',	'atogaikan',	'reinforce',	22,	2,	10,	NULL,	NULL),
('holing',	'atogaikan',	'reinforce',	41,	2,	12,	NULL,	NULL),
('holing',	'maegaikan',	'doorInner',	1,	2,	1,	NULL,	NULL),
('holing',	'maegaikan',	'doorInner',	2,	2,	2,	NULL,	NULL),
('holing',	'maegaikan',	'doorInner',	3,	2,	3,	NULL,	NULL),
('holing',	'maegaikan',	'doorInner',	4,	2,	4,	NULL,	NULL),
('holing',	'maegaikan',	'doorInner',	5,	2,	5,	NULL,	NULL),
('holing',	'maegaikan',	'doorInner',	9,	2,	7,	NULL,	NULL),
('holing',	'maegaikan',	'doorInner',	18,	2,	11,	NULL,	NULL),
('holing',	'maegaikan',	'doorInner',	19,	2,	6,	NULL,	NULL),
('holing',	'maegaikan',	'doorInner',	20,	2,	8,	NULL,	NULL),
('holing',	'maegaikan',	'doorInner',	21,	2,	9,	NULL,	NULL),
('holing',	'maegaikan',	'doorInner',	22,	2,	10,	NULL,	NULL),
('holing',	'maegaikan',	'doorInner',	41,	2,	13,	NULL,	NULL),
('holing',	'maegaikan',	'doorInner',	44,	2,	12,	NULL,	NULL),
('holing',	'maegaikan',	'luggageInner',	1,	2,	1,	NULL,	NULL),
('holing',	'maegaikan',	'luggageInner',	2,	2,	2,	NULL,	NULL),
('holing',	'maegaikan',	'luggageInner',	3,	2,	3,	NULL,	NULL),
('holing',	'maegaikan',	'luggageInner',	4,	2,	4,	NULL,	NULL),
('holing',	'maegaikan',	'luggageInner',	5,	2,	5,	NULL,	NULL),
('holing',	'maegaikan',	'luggageInner',	9,	2,	7,	NULL,	NULL),
('holing',	'maegaikan',	'luggageInner',	18,	2,	11,	NULL,	NULL),
('holing',	'maegaikan',	'luggageInner',	19,	2,	6,	NULL,	NULL),
('holing',	'maegaikan',	'luggageInner',	20,	2,	8,	NULL,	NULL),
('holing',	'maegaikan',	'luggageInner',	21,	2,	9,	NULL,	NULL),
('holing',	'maegaikan',	'luggageInner',	22,	2,	10,	NULL,	NULL),
('holing',	'maegaikan',	'luggageInner',	41,	2,	12,	NULL,	NULL),
('holing',	'maegaikan',	'luggageOuter',	1,	2,	1,	NULL,	NULL),
('holing',	'maegaikan',	'luggageOuter',	2,	2,	2,	NULL,	NULL),
('holing',	'maegaikan',	'luggageOuter',	3,	2,	3,	NULL,	NULL),
('holing',	'maegaikan',	'luggageOuter',	4,	2,	4,	NULL,	NULL),
('holing',	'maegaikan',	'luggageOuter',	5,	2,	5,	NULL,	NULL),
('holing',	'maegaikan',	'luggageOuter',	9,	2,	7,	NULL,	NULL),
('holing',	'maegaikan',	'luggageOuter',	19,	2,	6,	NULL,	NULL),
('holing',	'maegaikan',	'luggageOuter',	20,	2,	8,	NULL,	NULL),
('holing',	'maegaikan',	'luggageOuter',	21,	2,	9,	NULL,	NULL),
('holing',	'maegaikan',	'luggageOuter',	22,	2,	10,	NULL,	NULL),
('holing',	'maegaikan',	'luggageOuter',	41,	2,	11,	NULL,	NULL),
('holing',	'maegaikan',	'reinforce',	1,	2,	1,	NULL,	NULL),
('holing',	'maegaikan',	'reinforce',	2,	2,	2,	NULL,	NULL),
('holing',	'maegaikan',	'reinforce',	3,	2,	3,	NULL,	NULL),
('holing',	'maegaikan',	'reinforce',	4,	2,	4,	NULL,	NULL),
('holing',	'maegaikan',	'reinforce',	5,	2,	5,	NULL,	NULL),
('holing',	'maegaikan',	'reinforce',	9,	2,	7,	NULL,	NULL),
('holing',	'maegaikan',	'reinforce',	18,	2,	11,	NULL,	NULL),
('holing',	'maegaikan',	'reinforce',	19,	2,	6,	NULL,	NULL),
('holing',	'maegaikan',	'reinforce',	20,	2,	8,	NULL,	NULL),
('holing',	'maegaikan',	'reinforce',	21,	2,	9,	NULL,	NULL),
('holing',	'maegaikan',	'reinforce',	22,	2,	10,	NULL,	NULL),
('holing',	'maegaikan',	'reinforce',	41,	2,	12,	NULL,	NULL),
('holing',	'tenaoshi',	'doorInner',	1,	2,	1,	NULL,	NULL),
('holing',	'tenaoshi',	'doorInner',	2,	2,	2,	NULL,	NULL),
('holing',	'tenaoshi',	'doorInner',	3,	2,	3,	NULL,	NULL),
('holing',	'tenaoshi',	'doorInner',	4,	2,	4,	NULL,	NULL),
('holing',	'tenaoshi',	'doorInner',	5,	2,	5,	NULL,	NULL),
('holing',	'tenaoshi',	'doorInner',	9,	2,	9,	NULL,	NULL),
('holing',	'tenaoshi',	'doorInner',	18,	2,	13,	NULL,	NULL),
('holing',	'tenaoshi',	'doorInner',	19,	2,	6,	NULL,	NULL),
('holing',	'tenaoshi',	'doorInner',	20,	2,	10,	NULL,	NULL),
('holing',	'tenaoshi',	'doorInner',	21,	2,	11,	NULL,	NULL),
('holing',	'tenaoshi',	'doorInner',	22,	2,	12,	NULL,	NULL),
('holing',	'tenaoshi',	'doorInner',	23,	2,	7,	NULL,	NULL),
('holing',	'tenaoshi',	'doorInner',	24,	2,	8,	NULL,	NULL),
('holing',	'tenaoshi',	'doorInner',	41,	2,	15,	NULL,	NULL),
('holing',	'tenaoshi',	'doorInner',	44,	2,	14,	NULL,	NULL),
('holing',	'tenaoshi',	'luggageInner',	1,	2,	1,	NULL,	NULL),
('holing',	'tenaoshi',	'luggageInner',	2,	2,	2,	NULL,	NULL),
('holing',	'tenaoshi',	'luggageInner',	3,	2,	3,	NULL,	NULL),
('holing',	'tenaoshi',	'luggageInner',	4,	2,	4,	NULL,	NULL),
('holing',	'tenaoshi',	'luggageInner',	5,	2,	5,	NULL,	NULL),
('holing',	'tenaoshi',	'luggageInner',	9,	2,	9,	NULL,	NULL),
('holing',	'tenaoshi',	'luggageInner',	18,	2,	13,	NULL,	NULL),
('holing',	'tenaoshi',	'luggageInner',	19,	2,	6,	NULL,	NULL),
('holing',	'tenaoshi',	'luggageInner',	20,	2,	10,	NULL,	NULL),
('holing',	'tenaoshi',	'luggageInner',	21,	2,	11,	NULL,	NULL),
('holing',	'tenaoshi',	'luggageInner',	22,	2,	12,	NULL,	NULL),
('holing',	'tenaoshi',	'luggageInner',	23,	2,	7,	NULL,	NULL),
('holing',	'tenaoshi',	'luggageInner',	24,	2,	8,	NULL,	NULL),
('holing',	'tenaoshi',	'luggageInner',	41,	2,	14,	NULL,	NULL),
('holing',	'tenaoshi',	'luggageOuter',	1,	2,	1,	NULL,	NULL),
('holing',	'tenaoshi',	'luggageOuter',	2,	2,	2,	NULL,	NULL),
('holing',	'tenaoshi',	'luggageOuter',	3,	2,	3,	NULL,	NULL),
('holing',	'tenaoshi',	'luggageOuter',	4,	2,	4,	NULL,	NULL),
('holing',	'tenaoshi',	'luggageOuter',	5,	2,	5,	NULL,	NULL),
('holing',	'tenaoshi',	'luggageOuter',	9,	2,	9,	NULL,	NULL),
('holing',	'tenaoshi',	'luggageOuter',	19,	2,	6,	NULL,	NULL),
('holing',	'tenaoshi',	'luggageOuter',	20,	2,	10,	NULL,	NULL),
('holing',	'tenaoshi',	'luggageOuter',	21,	2,	11,	NULL,	NULL),
('holing',	'tenaoshi',	'luggageOuter',	22,	2,	12,	NULL,	NULL),
('holing',	'tenaoshi',	'luggageOuter',	23,	2,	7,	NULL,	NULL),
('holing',	'tenaoshi',	'luggageOuter',	24,	2,	8,	NULL,	NULL),
('holing',	'tenaoshi',	'luggageOuter',	41,	2,	13,	NULL,	NULL),
('holing',	'tenaoshi',	'reinforce',	1,	2,	1,	NULL,	NULL),
('holing',	'tenaoshi',	'reinforce',	2,	2,	2,	NULL,	NULL),
('holing',	'tenaoshi',	'reinforce',	3,	2,	3,	NULL,	NULL),
('holing',	'tenaoshi',	'reinforce',	4,	2,	4,	NULL,	NULL),
('holing',	'tenaoshi',	'reinforce',	5,	2,	5,	NULL,	NULL),
('holing',	'tenaoshi',	'reinforce',	9,	2,	9,	NULL,	NULL),
('holing',	'tenaoshi',	'reinforce',	18,	2,	13,	NULL,	NULL),
('holing',	'tenaoshi',	'reinforce',	19,	2,	6,	NULL,	NULL),
('holing',	'tenaoshi',	'reinforce',	20,	2,	10,	NULL,	NULL),
('holing',	'tenaoshi',	'reinforce',	21,	2,	11,	NULL,	NULL),
('holing',	'tenaoshi',	'reinforce',	22,	2,	12,	NULL,	NULL),
('holing',	'tenaoshi',	'reinforce',	23,	2,	7,	NULL,	NULL),
('holing',	'tenaoshi',	'reinforce',	24,	2,	8,	NULL,	NULL),
('holing',	'tenaoshi',	'reinforce',	41,	2,	14,	NULL,	NULL),
('jointing',	'gaikan',	'doorASSY',	1,	2,	2,	NULL,	NULL),
('jointing',	'gaikan',	'doorASSY',	2,	2,	9,	NULL,	NULL),
('jointing',	'gaikan',	'doorASSY',	3,	2,	8,	NULL,	NULL),
('jointing',	'gaikan',	'doorASSY',	4,	2,	3,	NULL,	NULL),
('jointing',	'gaikan',	'doorASSY',	8,	2,	10,	NULL,	NULL),
('jointing',	'gaikan',	'doorASSY',	11,	2,	11,	NULL,	NULL),
('jointing',	'gaikan',	'doorASSY',	19,	2,	13,	NULL,	NULL),
('jointing',	'gaikan',	'doorASSY',	21,	2,	6,	NULL,	NULL),
('jointing',	'gaikan',	'doorASSY',	26,	2,	4,	NULL,	NULL),
('jointing',	'gaikan',	'doorASSY',	27,	2,	5,	NULL,	NULL),
('jointing',	'gaikan',	'doorASSY',	28,	2,	7,	NULL,	NULL),
('jointing',	'gaikan',	'doorASSY',	29,	2,	14,	NULL,	NULL),
('jointing',	'gaikan',	'doorASSY',	30,	2,	15,	NULL,	NULL),
('jointing',	'gaikan',	'doorASSY',	31,	2,	16,	NULL,	NULL),
('jointing',	'gaikan',	'doorASSY',	32,	2,	12,	NULL,	NULL),
('jointing',	'gaikan',	'doorASSY',	41,	2,	17,	NULL,	NULL),
('jointing',	'gaikan',	'doorASSY',	42,	2,	1,	NULL,	NULL),
('jointing',	'gaikan',	'luggageASSY',	1,	2,	2,	NULL,	NULL),
('jointing',	'gaikan',	'luggageASSY',	2,	2,	9,	NULL,	NULL),
('jointing',	'gaikan',	'luggageASSY',	3,	2,	8,	NULL,	NULL),
('jointing',	'gaikan',	'luggageASSY',	4,	2,	3,	NULL,	NULL),
('jointing',	'gaikan',	'luggageASSY',	8,	2,	10,	NULL,	NULL),
('jointing',	'gaikan',	'luggageASSY',	11,	2,	11,	NULL,	NULL),
('jointing',	'gaikan',	'luggageASSY',	19,	2,	13,	NULL,	NULL),
('jointing',	'gaikan',	'luggageASSY',	21,	2,	6,	NULL,	NULL),
('jointing',	'gaikan',	'luggageASSY',	26,	2,	4,	NULL,	NULL),
('jointing',	'gaikan',	'luggageASSY',	27,	2,	5,	NULL,	NULL),
('jointing',	'gaikan',	'luggageASSY',	28,	2,	7,	NULL,	NULL),
('jointing',	'gaikan',	'luggageASSY',	29,	2,	14,	NULL,	NULL),
('jointing',	'gaikan',	'luggageASSY',	30,	2,	15,	NULL,	NULL),
('jointing',	'gaikan',	'luggageASSY',	31,	2,	16,	NULL,	NULL),
('jointing',	'gaikan',	'luggageASSY',	32,	2,	12,	NULL,	NULL),
('jointing',	'gaikan',	'luggageASSY',	41,	2,	17,	NULL,	NULL),
('jointing',	'gaikan',	'luggageASSY',	42,	2,	1,	NULL,	NULL),
('jointing',	'gaishushiage',	'luggageOuter',	1,	2,	1,	NULL,	NULL),
('jointing',	'gaishushiage',	'luggageOuter',	2,	2,	5,	NULL,	NULL),
('jointing',	'gaishushiage',	'luggageOuter',	3,	2,	6,	NULL,	NULL),
('jointing',	'gaishushiage',	'luggageOuter',	4,	2,	2,	NULL,	NULL),
('jointing',	'gaishushiage',	'luggageOuter',	11,	2,	7,	NULL,	NULL),
('jointing',	'gaishushiage',	'luggageOuter',	17,	2,	11,	NULL,	NULL),
('jointing',	'gaishushiage',	'luggageOuter',	18,	2,	12,	NULL,	NULL),
('jointing',	'gaishushiage',	'luggageOuter',	19,	2,	9,	NULL,	NULL),
('jointing',	'gaishushiage',	'luggageOuter',	21,	2,	3,	NULL,	NULL),
('jointing',	'gaishushiage',	'luggageOuter',	28,	2,	4,	NULL,	NULL),
('jointing',	'gaishushiage',	'luggageOuter',	29,	2,	10,	NULL,	NULL),
('jointing',	'gaishushiage',	'luggageOuter',	32,	2,	8,	NULL,	NULL),
('jointing',	'gaishushiage',	'luggageOuter',	41,	2,	13,	NULL,	NULL),
('jointing',	'kashimego',	'doorInner',	1,	2,	1,	NULL,	NULL),
('jointing',	'kashimego',	'doorInner',	4,	2,	2,	NULL,	NULL),
('jointing',	'kashimego',	'doorInner',	21,	2,	4,	NULL,	NULL),
('jointing',	'kashimego',	'doorInner',	22,	2,	5,	NULL,	NULL),
('jointing',	'kashimego',	'doorInner',	25,	2,	3,	NULL,	NULL),
('jointing',	'kashimego',	'doorInner',	41,	2,	6,	NULL,	NULL),
('jointing',	'kashimego',	'luggageInner',	1,	2,	1,	NULL,	NULL),
('jointing',	'kashimego',	'luggageInner',	4,	2,	2,	NULL,	NULL),
('jointing',	'kashimego',	'luggageInner',	21,	2,	4,	NULL,	NULL),
('jointing',	'kashimego',	'luggageInner',	22,	2,	5,	NULL,	NULL),
('jointing',	'kashimego',	'luggageInner',	25,	2,	3,	NULL,	NULL),
('jointing',	'kashimego',	'luggageInner',	41,	2,	6,	NULL,	NULL),
('jointing',	'kashimego',	'luggageOuter',	1,	2,	1,	NULL,	NULL),
('jointing',	'kashimego',	'luggageOuter',	4,	2,	2,	NULL,	NULL),
('jointing',	'kashimego',	'luggageOuter',	21,	2,	4,	NULL,	NULL),
('jointing',	'kashimego',	'luggageOuter',	22,	2,	5,	NULL,	NULL),
('jointing',	'kashimego',	'luggageOuter',	25,	2,	3,	NULL,	NULL),
('jointing',	'kashimego',	'luggageOuter',	41,	2,	6,	NULL,	NULL),
('jointing',	'kashimego',	'reinforce',	1,	2,	1,	NULL,	NULL),
('jointing',	'kashimego',	'reinforce',	4,	2,	2,	NULL,	NULL),
('jointing',	'kashimego',	'reinforce',	21,	2,	4,	NULL,	NULL),
('jointing',	'kashimego',	'reinforce',	22,	2,	5,	NULL,	NULL),
('jointing',	'kashimego',	'reinforce',	25,	2,	3,	NULL,	NULL),
('jointing',	'kashimego',	'reinforce',	41,	2,	6,	NULL,	NULL),
('jointing',	'pateshufukugo',	'luggageOuter',	1,	2,	1,	NULL,	NULL),
('jointing',	'pateshufukugo',	'luggageOuter',	2,	2,	5,	NULL,	NULL),
('jointing',	'pateshufukugo',	'luggageOuter',	3,	2,	6,	NULL,	NULL),
('jointing',	'pateshufukugo',	'luggageOuter',	4,	2,	2,	NULL,	NULL),
('jointing',	'pateshufukugo',	'luggageOuter',	11,	2,	7,	NULL,	NULL),
('jointing',	'pateshufukugo',	'luggageOuter',	17,	2,	11,	NULL,	NULL),
('jointing',	'pateshufukugo',	'luggageOuter',	18,	2,	12,	NULL,	NULL),
('jointing',	'pateshufukugo',	'luggageOuter',	19,	2,	9,	NULL,	NULL),
('jointing',	'pateshufukugo',	'luggageOuter',	21,	2,	3,	NULL,	NULL),
('jointing',	'pateshufukugo',	'luggageOuter',	28,	2,	4,	NULL,	NULL),
('jointing',	'pateshufukugo',	'luggageOuter',	29,	2,	10,	NULL,	NULL),
('jointing',	'pateshufukugo',	'luggageOuter',	32,	2,	8,	NULL,	NULL),
('jointing',	'pateshufukugo',	'luggageOuter',	41,	2,	13,	NULL,	NULL),
('jointing',	'suikengo',	'luggageOuter',	1,	2,	1,	NULL,	NULL),
('jointing',	'suikengo',	'luggageOuter',	2,	2,	5,	NULL,	NULL),
('jointing',	'suikengo',	'luggageOuter',	3,	2,	6,	NULL,	NULL),
('jointing',	'suikengo',	'luggageOuter',	4,	2,	2,	NULL,	NULL),
('jointing',	'suikengo',	'luggageOuter',	11,	2,	7,	NULL,	NULL),
('jointing',	'suikengo',	'luggageOuter',	17,	2,	11,	NULL,	NULL),
('jointing',	'suikengo',	'luggageOuter',	18,	2,	12,	NULL,	NULL),
('jointing',	'suikengo',	'luggageOuter',	19,	2,	9,	NULL,	NULL),
('jointing',	'suikengo',	'luggageOuter',	21,	2,	3,	NULL,	NULL),
('jointing',	'suikengo',	'luggageOuter',	28,	2,	4,	NULL,	NULL),
('jointing',	'suikengo',	'luggageOuter',	29,	2,	10,	NULL,	NULL),
('jointing',	'suikengo',	'luggageOuter',	32,	2,	8,	NULL,	NULL),
('jointing',	'suikengo',	'luggageOuter',	41,	2,	13,	NULL,	NULL),
('jointing',	'tenaoshi',	'doorASSY',	1,	2,	2,	NULL,	NULL),
('jointing',	'tenaoshi',	'doorASSY',	2,	2,	9,	NULL,	NULL),
('jointing',	'tenaoshi',	'doorASSY',	3,	2,	8,	NULL,	NULL),
('jointing',	'tenaoshi',	'doorASSY',	4,	2,	3,	NULL,	NULL),
('jointing',	'tenaoshi',	'doorASSY',	8,	2,	10,	NULL,	NULL),
('jointing',	'tenaoshi',	'doorASSY',	11,	2,	11,	NULL,	NULL),
('jointing',	'tenaoshi',	'doorASSY',	19,	2,	13,	NULL,	NULL),
('jointing',	'tenaoshi',	'doorASSY',	21,	2,	6,	NULL,	NULL),
('jointing',	'tenaoshi',	'doorASSY',	26,	2,	4,	NULL,	NULL),
('jointing',	'tenaoshi',	'doorASSY',	27,	2,	5,	NULL,	NULL),
('jointing',	'tenaoshi',	'doorASSY',	28,	2,	7,	NULL,	NULL),
('jointing',	'tenaoshi',	'doorASSY',	29,	2,	14,	NULL,	NULL),
('jointing',	'tenaoshi',	'doorASSY',	30,	2,	15,	NULL,	NULL),
('jointing',	'tenaoshi',	'doorASSY',	31,	2,	16,	NULL,	NULL),
('jointing',	'tenaoshi',	'doorASSY',	32,	2,	12,	NULL,	NULL),
('jointing',	'tenaoshi',	'doorASSY',	41,	2,	17,	NULL,	NULL),
('jointing',	'tenaoshi',	'doorASSY',	42,	2,	1,	NULL,	NULL),
('jointing',	'tenaoshi',	'luggageASSY',	1,	2,	2,	NULL,	NULL),
('jointing',	'tenaoshi',	'luggageASSY',	2,	2,	9,	NULL,	NULL),
('jointing',	'tenaoshi',	'luggageASSY',	3,	2,	8,	NULL,	NULL),
('jointing',	'tenaoshi',	'luggageASSY',	4,	2,	3,	NULL,	NULL),
('jointing',	'tenaoshi',	'luggageASSY',	8,	2,	10,	NULL,	NULL),
('jointing',	'tenaoshi',	'luggageASSY',	11,	2,	11,	NULL,	NULL),
('jointing',	'tenaoshi',	'luggageASSY',	19,	2,	13,	NULL,	NULL),
('jointing',	'tenaoshi',	'luggageASSY',	21,	2,	6,	NULL,	NULL),
('jointing',	'tenaoshi',	'luggageASSY',	26,	2,	4,	NULL,	NULL),
('jointing',	'tenaoshi',	'luggageASSY',	27,	2,	5,	NULL,	NULL),
('jointing',	'tenaoshi',	'luggageASSY',	28,	2,	7,	NULL,	NULL),
('jointing',	'tenaoshi',	'luggageASSY',	29,	2,	14,	NULL,	NULL),
('jointing',	'tenaoshi',	'luggageASSY',	30,	2,	15,	NULL,	NULL),
('jointing',	'tenaoshi',	'luggageASSY',	31,	2,	16,	NULL,	NULL),
('jointing',	'tenaoshi',	'luggageASSY',	32,	2,	12,	NULL,	NULL),
('jointing',	'tenaoshi',	'luggageASSY',	41,	2,	17,	NULL,	NULL),
('jointing',	'tenaoshi',	'luggageASSY',	42,	2,	1,	NULL,	NULL),
('jointing',	'tosoukeirego',	'luggageOuter',	1,	2,	4,	NULL,	NULL),
('jointing',	'tosoukeirego',	'luggageOuter',	3,	2,	6,	NULL,	NULL),
('jointing',	'tosoukeirego',	'luggageOuter',	4,	2,	5,	NULL,	NULL),
('jointing',	'tosoukeirego',	'luggageOuter',	33,	2,	1,	NULL,	NULL),
('jointing',	'tosoukeirego',	'luggageOuter',	34,	2,	2,	NULL,	NULL),
('jointing',	'tosoukeirego',	'luggageOuter',	35,	2,	3,	NULL,	NULL),
('jointing',	'tosoukeirego',	'luggageOuter',	36,	2,	7,	NULL,	NULL),
('jointing',	'tosoukeirego',	'luggageOuter',	37,	2,	8,	NULL,	NULL),
('jointing',	'tosoukeirego',	'luggageOuter',	38,	2,	9,	NULL,	NULL),
('jointing',	'tosoukeirego',	'luggageOuter',	39,	2,	10,	NULL,	NULL),
('jointing',	'tosoukeirego',	'luggageOuter',	40,	2,	11,	NULL,	NULL),
('jointing',	'tosoukeirego',	'luggageOuter',	41,	2,	12,	NULL,	NULL),
('molding',	'gaikan',	'doorInner',	1,	1,	1,	NULL,	NULL),
('molding',	'gaikan',	'doorInner',	2,	1,	2,	NULL,	NULL),
('molding',	'gaikan',	'doorInner',	3,	1,	3,	NULL,	NULL),
('molding',	'gaikan',	'doorInner',	4,	1,	4,	NULL,	NULL),
('molding',	'gaikan',	'doorInner',	5,	1,	5,	NULL,	NULL),
('molding',	'gaikan',	'doorInner',	6,	1,	6,	NULL,	NULL),
('molding',	'gaikan',	'doorInner',	7,	1,	7,	NULL,	NULL),
('molding',	'gaikan',	'doorInner',	8,	2,	8,	NULL,	NULL),
('molding',	'gaikan',	'doorInner',	9,	2,	9,	NULL,	NULL),
('molding',	'gaikan',	'doorInner',	10,	2,	10,	NULL,	NULL),
('molding',	'gaikan',	'doorInner',	11,	2,	11,	NULL,	NULL),
('molding',	'gaikan',	'doorInner',	12,	2,	12,	NULL,	NULL),
('molding',	'gaikan',	'doorInner',	13,	2,	13,	NULL,	NULL),
('molding',	'gaikan',	'doorInner',	14,	2,	14,	NULL,	NULL),
('molding',	'gaikan',	'doorInner',	15,	2,	15,	NULL,	NULL),
('molding',	'gaikan',	'doorInner',	16,	2,	16,	NULL,	NULL),
('molding',	'gaikan',	'doorInner',	41,	2,	17,	NULL,	NULL),
('molding',	'gaikan',	'luggageInner',	1,	1,	1,	NULL,	NULL),
('molding',	'gaikan',	'luggageInner',	2,	1,	2,	NULL,	NULL),
('molding',	'gaikan',	'luggageInner',	3,	1,	3,	NULL,	NULL),
('molding',	'gaikan',	'luggageInner',	4,	1,	4,	NULL,	NULL),
('molding',	'gaikan',	'luggageInner',	5,	1,	5,	NULL,	NULL),
('molding',	'gaikan',	'luggageInner',	6,	1,	6,	NULL,	NULL),
('molding',	'gaikan',	'luggageInner',	7,	1,	7,	NULL,	NULL),
('molding',	'gaikan',	'luggageInner',	8,	2,	8,	NULL,	NULL),
('molding',	'gaikan',	'luggageInner',	9,	2,	9,	NULL,	NULL),
('molding',	'gaikan',	'luggageInner',	10,	2,	10,	NULL,	NULL),
('molding',	'gaikan',	'luggageInner',	11,	2,	11,	NULL,	NULL),
('molding',	'gaikan',	'luggageInner',	12,	2,	12,	NULL,	NULL),
('molding',	'gaikan',	'luggageInner',	13,	2,	13,	NULL,	NULL),
('molding',	'gaikan',	'luggageInner',	14,	2,	14,	NULL,	NULL),
('molding',	'gaikan',	'luggageInner',	15,	2,	15,	NULL,	NULL),
('molding',	'gaikan',	'luggageInner',	16,	2,	16,	NULL,	NULL),
('molding',	'gaikan',	'luggageInner',	41,	2,	18,	NULL,	NULL),
('molding',	'gaikan',	'luggageInner',	43,	2,	17,	NULL,	NULL),
('molding',	'gaikan',	'luggageOuter',	1,	1,	1,	NULL,	NULL),
('molding',	'gaikan',	'luggageOuter',	2,	1,	2,	NULL,	NULL),
('molding',	'gaikan',	'luggageOuter',	3,	1,	3,	NULL,	NULL),
('molding',	'gaikan',	'luggageOuter',	4,	1,	4,	NULL,	NULL),
('molding',	'gaikan',	'luggageOuter',	5,	1,	5,	NULL,	NULL),
('molding',	'gaikan',	'luggageOuter',	6,	1,	6,	NULL,	NULL),
('molding',	'gaikan',	'luggageOuter',	7,	1,	7,	NULL,	NULL),
('molding',	'gaikan',	'luggageOuter',	8,	2,	8,	NULL,	NULL),
('molding',	'gaikan',	'luggageOuter',	9,	2,	9,	NULL,	NULL),
('molding',	'gaikan',	'luggageOuter',	10,	2,	10,	NULL,	NULL),
('molding',	'gaikan',	'luggageOuter',	11,	2,	11,	NULL,	NULL),
('molding',	'gaikan',	'luggageOuter',	12,	2,	12,	NULL,	NULL),
('molding',	'gaikan',	'luggageOuter',	13,	2,	13,	NULL,	NULL),
('molding',	'gaikan',	'luggageOuter',	14,	2,	14,	NULL,	NULL),
('molding',	'gaikan',	'luggageOuter',	15,	2,	15,	NULL,	NULL),
('molding',	'gaikan',	'luggageOuter',	16,	2,	16,	NULL,	NULL),
('molding',	'gaikan',	'luggageOuter',	41,	2,	17,	NULL,	NULL),
('molding',	'gaikan',	'reinforce',	1,	1,	1,	NULL,	NULL),
('molding',	'gaikan',	'reinforce',	2,	1,	2,	NULL,	NULL),
('molding',	'gaikan',	'reinforce',	3,	1,	3,	NULL,	NULL),
('molding',	'gaikan',	'reinforce',	4,	1,	4,	NULL,	NULL),
('molding',	'gaikan',	'reinforce',	5,	1,	5,	NULL,	NULL),
('molding',	'gaikan',	'reinforce',	6,	1,	6,	NULL,	NULL),
('molding',	'gaikan',	'reinforce',	7,	1,	7,	NULL,	NULL),
('molding',	'gaikan',	'reinforce',	8,	2,	8,	NULL,	NULL),
('molding',	'gaikan',	'reinforce',	9,	2,	9,	NULL,	NULL),
('molding',	'gaikan',	'reinforce',	10,	2,	10,	NULL,	NULL),
('molding',	'gaikan',	'reinforce',	11,	2,	11,	NULL,	NULL),
('molding',	'gaikan',	'reinforce',	12,	2,	12,	NULL,	NULL),
('molding',	'gaikan',	'reinforce',	13,	2,	13,	NULL,	NULL),
('molding',	'gaikan',	'reinforce',	14,	2,	14,	NULL,	NULL),
('molding',	'gaikan',	'reinforce',	15,	2,	15,	NULL,	NULL),
('molding',	'gaikan',	'reinforce',	16,	2,	16,	NULL,	NULL),
('molding',	'gaikan',	'reinforce',	41,	2,	17,	NULL,	NULL);

TRUNCATE `hmt_related`;
INSERT INTO `hmt_related` (`process`, `inspection`, `division`, `type_id`, `type`, `sort`, `created_at`, `updated_at`) VALUES
('holing',	'ana',	'doorInner',	1,	1,	1,	NULL,	NULL),
('holing',	'ana',	'doorInner',	2,	1,	2,	NULL,	NULL),
('holing',	'ana',	'doorInner',	3,	1,	3,	NULL,	NULL),
('holing',	'ana',	'doorInner',	4,	1,	4,	NULL,	NULL),
('holing',	'ana',	'doorInner',	6,	1,	5,	NULL,	NULL),
('holing',	'ana',	'luggageInner',	1,	1,	1,	NULL,	NULL),
('holing',	'ana',	'luggageInner',	2,	1,	2,	NULL,	NULL),
('holing',	'ana',	'luggageInner',	3,	1,	3,	NULL,	NULL),
('holing',	'ana',	'luggageInner',	4,	1,	4,	NULL,	NULL),
('holing',	'ana',	'luggageInner',	6,	1,	5,	NULL,	NULL),
('holing',	'ana',	'luggageOuter',	1,	1,	1,	NULL,	NULL),
('holing',	'ana',	'luggageOuter',	2,	1,	2,	NULL,	NULL),
('holing',	'ana',	'luggageOuter',	3,	1,	3,	NULL,	NULL),
('holing',	'ana',	'luggageOuter',	4,	1,	4,	NULL,	NULL),
('holing',	'ana',	'luggageOuter',	6,	1,	5,	NULL,	NULL),
('holing',	'ana',	'reinforce',	1,	1,	1,	NULL,	NULL),
('holing',	'ana',	'reinforce',	2,	1,	2,	NULL,	NULL),
('holing',	'ana',	'reinforce',	3,	1,	3,	NULL,	NULL),
('holing',	'ana',	'reinforce',	4,	1,	4,	NULL,	NULL),
('holing',	'ana',	'reinforce',	6,	1,	5,	NULL,	NULL),
('holing',	'tenaoshi',	'doorInner',	1,	1,	1,	NULL,	NULL),
('holing',	'tenaoshi',	'doorInner',	2,	1,	2,	NULL,	NULL),
('holing',	'tenaoshi',	'doorInner',	3,	1,	3,	NULL,	NULL),
('holing',	'tenaoshi',	'doorInner',	4,	1,	4,	NULL,	NULL),
('holing',	'tenaoshi',	'doorInner',	6,	1,	5,	NULL,	NULL),
('holing',	'tenaoshi',	'luggageInner',	1,	1,	1,	NULL,	NULL),
('holing',	'tenaoshi',	'luggageInner',	2,	1,	2,	NULL,	NULL),
('holing',	'tenaoshi',	'luggageInner',	3,	1,	3,	NULL,	NULL),
('holing',	'tenaoshi',	'luggageInner',	4,	1,	4,	NULL,	NULL),
('holing',	'tenaoshi',	'luggageInner',	6,	1,	5,	NULL,	NULL),
('holing',	'tenaoshi',	'luggageOuter',	1,	1,	1,	NULL,	NULL),
('holing',	'tenaoshi',	'luggageOuter',	2,	1,	2,	NULL,	NULL),
('holing',	'tenaoshi',	'luggageOuter',	3,	1,	3,	NULL,	NULL),
('holing',	'tenaoshi',	'luggageOuter',	4,	1,	4,	NULL,	NULL),
('holing',	'tenaoshi',	'luggageOuter',	6,	1,	5,	NULL,	NULL),
('holing',	'tenaoshi',	'reinforce',	1,	1,	1,	NULL,	NULL),
('holing',	'tenaoshi',	'reinforce',	2,	1,	2,	NULL,	NULL),
('holing',	'tenaoshi',	'reinforce',	3,	1,	3,	NULL,	NULL),
('holing',	'tenaoshi',	'reinforce',	4,	1,	4,	NULL,	NULL),
('holing',	'tenaoshi',	'reinforce',	6,	1,	5,	NULL,	NULL),
('jointing',	'kashimego',	'doorInner',	5,	1,	1,	NULL,	NULL),
('jointing',	'kashimego',	'doorInner',	6,	1,	2,	NULL,	NULL),
('jointing',	'kashimego',	'luggageInner',	5,	1,	1,	NULL,	NULL),
('jointing',	'kashimego',	'luggageInner',	6,	1,	2,	NULL,	NULL),
('jointing',	'kashimego',	'luggageOuter',	5,	1,	1,	NULL,	NULL),
('jointing',	'kashimego',	'luggageOuter',	6,	1,	2,	NULL,	NULL),
('jointing',	'kashimego',	'reinforce',	5,	1,	1,	NULL,	NULL),
('jointing',	'kashimego',	'reinforce',	6,	1,	2,	NULL,	NULL);

TRUNCATE `holes`;
INSERT INTO `holes` (`id`, `type_id`, `ir_id`, `part_id`, `status`, `created_at`, `updated_at`) VALUES
(1,	132,	6,	1,	1,	'2017-03-23 10:41:39',	'2017-03-23 10:41:39'),
(2,	133,	6,	1,	1,	'2017-03-23 10:41:39',	'2017-03-23 10:41:39'),
(3,	134,	6,	1,	1,	'2017-03-23 10:41:39',	'2017-03-23 10:41:39'),
(4,	135,	6,	1,	1,	'2017-03-23 10:41:39',	'2017-03-23 10:41:39'),
(5,	136,	6,	1,	1,	'2017-03-23 10:41:39',	'2017-03-23 10:41:39'),
(6,	137,	6,	1,	1,	'2017-03-23 10:41:39',	'2017-03-23 10:41:39'),
(7,	138,	6,	1,	1,	'2017-03-23 10:41:39',	'2017-03-23 10:41:39'),
(8,	139,	6,	1,	1,	'2017-03-23 10:41:39',	'2017-03-23 10:41:39'),
(9,	140,	6,	1,	1,	'2017-03-23 10:41:39',	'2017-03-23 10:41:39'),
(10,	141,	6,	1,	1,	'2017-03-23 10:41:39',	'2017-03-23 10:41:39'),
(11,	142,	6,	1,	1,	'2017-03-23 10:41:39',	'2017-03-23 10:41:39'),
(12,	143,	6,	1,	1,	'2017-03-23 10:41:39',	'2017-03-23 10:41:39'),
(13,	144,	6,	1,	1,	'2017-03-23 10:41:39',	'2017-03-23 10:41:39'),
(14,	145,	6,	1,	1,	'2017-03-23 10:41:39',	'2017-03-23 10:41:39'),
(15,	148,	6,	1,	1,	'2017-03-23 10:41:39',	'2017-03-23 10:41:39'),
(16,	147,	6,	1,	2,	'2017-03-23 10:41:39',	'2017-03-23 10:41:39'),
(17,	146,	6,	1,	2,	'2017-03-23 10:41:39',	'2017-03-23 10:41:39'),
(18,	149,	6,	1,	1,	'2017-03-23 10:41:39',	'2017-03-23 10:41:39'),
(19,	150,	6,	1,	1,	'2017-03-23 10:41:39',	'2017-03-23 10:41:39'),
(20,	152,	6,	1,	1,	'2017-03-23 10:41:39',	'2017-03-23 10:41:39'),
(21,	153,	6,	1,	1,	'2017-03-23 10:41:39',	'2017-03-23 10:41:39'),
(22,	154,	6,	1,	1,	'2017-03-23 10:41:39',	'2017-03-23 10:41:39'),
(23,	156,	6,	1,	1,	'2017-03-23 10:41:39',	'2017-03-23 10:41:39'),
(24,	157,	6,	1,	1,	'2017-03-23 10:41:39',	'2017-03-23 10:41:39'),
(25,	158,	6,	1,	1,	'2017-03-23 10:41:39',	'2017-03-23 10:41:39'),
(26,	159,	6,	1,	1,	'2017-03-23 10:41:39',	'2017-03-23 10:41:39'),
(27,	160,	6,	1,	1,	'2017-03-23 10:41:39',	'2017-03-23 10:41:39'),
(28,	161,	6,	1,	1,	'2017-03-23 10:41:39',	'2017-03-23 10:41:39'),
(29,	164,	6,	1,	1,	'2017-03-23 10:41:39',	'2017-03-23 10:41:39'),
(30,	165,	6,	1,	1,	'2017-03-23 10:41:39',	'2017-03-23 10:41:39'),
(31,	166,	6,	1,	1,	'2017-03-23 10:41:39',	'2017-03-23 10:41:39'),
(32,	167,	6,	1,	1,	'2017-03-23 10:41:39',	'2017-03-23 10:41:39'),
(33,	168,	6,	1,	1,	'2017-03-23 10:41:39',	'2017-03-23 10:41:39'),
(34,	169,	6,	1,	1,	'2017-03-23 10:41:39',	'2017-03-23 10:41:39'),
(35,	170,	6,	1,	1,	'2017-03-23 10:41:39',	'2017-03-23 10:41:39'),
(36,	171,	6,	1,	1,	'2017-03-23 10:41:39',	'2017-03-23 10:41:39'),
(37,	172,	6,	1,	1,	'2017-03-23 10:41:39',	'2017-03-23 10:41:39'),
(38,	173,	6,	1,	1,	'2017-03-23 10:41:39',	'2017-03-23 10:41:39'),
(39,	174,	6,	1,	1,	'2017-03-23 10:41:39',	'2017-03-23 10:41:39'),
(40,	175,	6,	1,	1,	'2017-03-23 10:41:39',	'2017-03-23 10:41:39'),
(41,	176,	6,	1,	1,	'2017-03-23 10:41:39',	'2017-03-23 10:41:39'),
(42,	177,	6,	1,	1,	'2017-03-23 10:41:39',	'2017-03-23 10:41:39'),
(43,	178,	6,	1,	1,	'2017-03-23 10:41:39',	'2017-03-23 10:41:39'),
(44,	179,	6,	1,	1,	'2017-03-23 10:41:39',	'2017-03-23 10:41:39'),
(45,	180,	6,	1,	1,	'2017-03-23 10:41:39',	'2017-03-23 10:41:39'),
(46,	151,	6,	1,	2,	'2017-03-23 10:41:39',	'2017-03-23 10:41:39'),
(47,	155,	6,	1,	2,	'2017-03-23 10:41:39',	'2017-03-23 10:41:39'),
(48,	163,	6,	1,	0,	'2017-03-23 10:41:39',	'2017-03-23 10:41:39'),
(49,	162,	6,	1,	0,	'2017-03-23 10:41:39',	'2017-03-23 10:41:39'),
(50,	181,	6,	1,	1,	'2017-03-23 10:41:39',	'2017-03-23 10:41:39'),
(51,	182,	6,	1,	1,	'2017-03-23 10:41:39',	'2017-03-23 10:41:39'),
(52,	183,	6,	1,	1,	'2017-03-23 10:41:39',	'2017-03-23 10:41:39'),
(53,	184,	6,	1,	1,	'2017-03-23 10:41:39',	'2017-03-23 10:41:39'),
(54,	185,	6,	1,	1,	'2017-03-23 10:41:39',	'2017-03-23 10:41:39'),
(55,	186,	6,	1,	1,	'2017-03-23 10:41:39',	'2017-03-23 10:41:39'),
(56,	188,	6,	1,	1,	'2017-03-23 10:41:39',	'2017-03-23 10:41:39'),
(57,	189,	6,	1,	1,	'2017-03-23 10:41:39',	'2017-03-23 10:41:39'),
(58,	190,	6,	1,	1,	'2017-03-23 10:41:39',	'2017-03-23 10:41:39'),
(59,	191,	6,	1,	1,	'2017-03-23 10:41:39',	'2017-03-23 10:41:39'),
(60,	192,	6,	1,	1,	'2017-03-23 10:41:39',	'2017-03-23 10:41:39'),
(61,	193,	6,	1,	1,	'2017-03-23 10:41:39',	'2017-03-23 10:41:39'),
(62,	194,	6,	1,	1,	'2017-03-23 10:41:39',	'2017-03-23 10:41:39'),
(63,	195,	6,	1,	1,	'2017-03-23 10:41:39',	'2017-03-23 10:41:39'),
(64,	196,	6,	1,	1,	'2017-03-23 10:41:39',	'2017-03-23 10:41:39'),
(65,	197,	6,	1,	1,	'2017-03-23 10:41:39',	'2017-03-23 10:41:39'),
(66,	198,	6,	1,	1,	'2017-03-23 10:41:39',	'2017-03-23 10:41:39'),
(67,	199,	6,	1,	1,	'2017-03-23 10:41:39',	'2017-03-23 10:41:39'),
(68,	200,	6,	1,	1,	'2017-03-23 10:41:39',	'2017-03-23 10:41:39'),
(69,	201,	6,	1,	1,	'2017-03-23 10:41:39',	'2017-03-23 10:41:39'),
(70,	187,	6,	1,	2,	'2017-03-23 10:41:39',	'2017-03-23 10:41:39'),
(71,	202,	6,	1,	1,	'2017-03-23 10:41:39',	'2017-03-23 10:41:39'),
(72,	203,	6,	1,	1,	'2017-03-23 10:41:39',	'2017-03-23 10:41:39'),
(73,	204,	6,	1,	1,	'2017-03-23 10:41:39',	'2017-03-23 10:41:39'),
(74,	205,	6,	1,	1,	'2017-03-23 10:41:39',	'2017-03-23 10:41:39'),
(75,	206,	6,	1,	1,	'2017-03-23 10:41:39',	'2017-03-23 10:41:39'),
(76,	207,	6,	1,	1,	'2017-03-23 10:41:39',	'2017-03-23 10:41:39'),
(77,	208,	6,	1,	1,	'2017-03-23 10:41:39',	'2017-03-23 10:41:39'),
(78,	209,	6,	1,	1,	'2017-03-23 10:41:39',	'2017-03-23 10:41:39'),
(79,	210,	6,	1,	1,	'2017-03-23 10:41:39',	'2017-03-23 10:41:39'),
(80,	211,	6,	1,	1,	'2017-03-23 10:41:39',	'2017-03-23 10:41:39'),
(81,	212,	6,	1,	1,	'2017-03-23 10:41:39',	'2017-03-23 10:41:39'),
(82,	213,	6,	1,	1,	'2017-03-23 10:41:39',	'2017-03-23 10:41:39'),
(83,	214,	6,	1,	1,	'2017-03-23 10:41:39',	'2017-03-23 10:41:39'),
(84,	215,	6,	1,	1,	'2017-03-23 10:41:39',	'2017-03-23 10:41:39'),
(85,	216,	6,	1,	1,	'2017-03-23 10:41:39',	'2017-03-23 10:41:39'),
(86,	217,	6,	1,	1,	'2017-03-23 10:41:39',	'2017-03-23 10:41:39'),
(87,	218,	6,	1,	1,	'2017-03-23 10:41:39',	'2017-03-23 10:41:39'),
(88,	219,	6,	1,	1,	'2017-03-23 10:41:39',	'2017-03-23 10:41:39'),
(89,	220,	6,	1,	1,	'2017-03-23 10:41:39',	'2017-03-23 10:41:39'),
(90,	221,	6,	1,	1,	'2017-03-23 10:41:39',	'2017-03-23 10:41:39'),
(91,	222,	6,	1,	1,	'2017-03-23 10:41:39',	'2017-03-23 10:41:39'),
(92,	223,	6,	1,	1,	'2017-03-23 10:41:39',	'2017-03-23 10:41:39'),
(93,	224,	6,	1,	1,	'2017-03-23 10:41:39',	'2017-03-23 10:41:39'),
(94,	226,	6,	1,	1,	'2017-03-23 10:41:39',	'2017-03-23 10:41:39'),
(95,	227,	6,	1,	1,	'2017-03-23 10:41:39',	'2017-03-23 10:41:39'),
(96,	229,	6,	1,	1,	'2017-03-23 10:41:39',	'2017-03-23 10:41:39'),
(97,	230,	6,	1,	1,	'2017-03-23 10:41:39',	'2017-03-23 10:41:39'),
(98,	228,	6,	1,	2,	'2017-03-23 10:41:39',	'2017-03-23 10:41:39'),
(99,	225,	6,	1,	2,	'2017-03-23 10:41:39',	'2017-03-23 10:41:39'),
(100,	231,	6,	1,	1,	'2017-03-23 10:41:39',	'2017-03-23 10:41:39'),
(101,	232,	6,	1,	1,	'2017-03-23 10:41:39',	'2017-03-23 10:41:39'),
(102,	233,	6,	1,	1,	'2017-03-23 10:41:39',	'2017-03-23 10:41:39'),
(103,	234,	6,	1,	1,	'2017-03-23 10:41:39',	'2017-03-23 10:41:39'),
(104,	235,	6,	1,	1,	'2017-03-23 10:41:39',	'2017-03-23 10:41:39'),
(105,	238,	6,	1,	1,	'2017-03-23 10:41:39',	'2017-03-23 10:41:39'),
(106,	239,	6,	1,	1,	'2017-03-23 10:41:39',	'2017-03-23 10:41:39'),
(107,	241,	6,	1,	1,	'2017-03-23 10:41:39',	'2017-03-23 10:41:39'),
(108,	242,	6,	1,	1,	'2017-03-23 10:41:39',	'2017-03-23 10:41:39'),
(109,	243,	6,	1,	1,	'2017-03-23 10:41:39',	'2017-03-23 10:41:39'),
(110,	244,	6,	1,	1,	'2017-03-23 10:41:39',	'2017-03-23 10:41:39'),
(111,	245,	6,	1,	1,	'2017-03-23 10:41:39',	'2017-03-23 10:41:39'),
(112,	246,	6,	1,	1,	'2017-03-23 10:41:39',	'2017-03-23 10:41:39'),
(113,	247,	6,	1,	1,	'2017-03-23 10:41:39',	'2017-03-23 10:41:39'),
(114,	240,	6,	1,	2,	'2017-03-23 10:41:39',	'2017-03-23 10:41:39'),
(115,	236,	6,	1,	2,	'2017-03-23 10:41:39',	'2017-03-23 10:41:39'),
(116,	237,	6,	1,	2,	'2017-03-23 10:41:39',	'2017-03-23 10:41:39'),
(117,	248,	6,	1,	1,	'2017-03-23 10:41:39',	'2017-03-23 10:41:39'),
(118,	249,	6,	1,	1,	'2017-03-23 10:41:39',	'2017-03-23 10:41:39'),
(119,	250,	6,	1,	1,	'2017-03-23 10:41:39',	'2017-03-23 10:41:39'),
(120,	251,	6,	1,	1,	'2017-03-23 10:41:39',	'2017-03-23 10:41:39'),
(121,	252,	6,	1,	1,	'2017-03-23 10:41:39',	'2017-03-23 10:41:39'),
(122,	253,	6,	1,	1,	'2017-03-23 10:41:39',	'2017-03-23 10:41:39'),
(123,	254,	6,	1,	1,	'2017-03-23 10:41:39',	'2017-03-23 10:41:39'),
(124,	255,	6,	1,	1,	'2017-03-23 10:41:39',	'2017-03-23 10:41:39'),
(125,	256,	6,	1,	1,	'2017-03-23 10:41:39',	'2017-03-23 10:41:39'),
(126,	257,	6,	1,	1,	'2017-03-23 10:41:39',	'2017-03-23 10:41:39'),
(127,	258,	6,	1,	1,	'2017-03-23 10:41:39',	'2017-03-23 10:41:39'),
(128,	259,	6,	1,	1,	'2017-03-23 10:41:39',	'2017-03-23 10:41:39'),
(129,	260,	6,	1,	1,	'2017-03-23 10:41:39',	'2017-03-23 10:41:39'),
(130,	261,	6,	1,	1,	'2017-03-23 10:41:39',	'2017-03-23 10:41:39'),
(131,	262,	6,	1,	1,	'2017-03-23 10:41:39',	'2017-03-23 10:41:39'),
(132,	298,	7,	2,	1,	'2017-03-23 10:41:39',	'2017-03-23 10:41:39'),
(133,	299,	7,	2,	1,	'2017-03-23 10:41:39',	'2017-03-23 10:41:39'),
(134,	301,	7,	2,	1,	'2017-03-23 10:41:39',	'2017-03-23 10:41:39'),
(135,	302,	7,	2,	1,	'2017-03-23 10:41:39',	'2017-03-23 10:41:39'),
(136,	303,	7,	2,	1,	'2017-03-23 10:41:39',	'2017-03-23 10:41:39'),
(137,	305,	7,	2,	1,	'2017-03-23 10:41:39',	'2017-03-23 10:41:39'),
(138,	306,	7,	2,	1,	'2017-03-23 10:41:39',	'2017-03-23 10:41:39'),
(139,	307,	7,	2,	1,	'2017-03-23 10:41:39',	'2017-03-23 10:41:39'),
(140,	308,	7,	2,	1,	'2017-03-23 10:41:39',	'2017-03-23 10:41:39'),
(141,	309,	7,	2,	1,	'2017-03-23 10:41:39',	'2017-03-23 10:41:39'),
(142,	310,	7,	2,	1,	'2017-03-23 10:41:39',	'2017-03-23 10:41:39'),
(143,	311,	7,	2,	1,	'2017-03-23 10:41:39',	'2017-03-23 10:41:39'),
(144,	312,	7,	2,	1,	'2017-03-23 10:41:39',	'2017-03-23 10:41:39'),
(145,	313,	7,	2,	1,	'2017-03-23 10:41:39',	'2017-03-23 10:41:39'),
(146,	314,	7,	2,	1,	'2017-03-23 10:41:39',	'2017-03-23 10:41:39'),
(147,	315,	7,	2,	1,	'2017-03-23 10:41:39',	'2017-03-23 10:41:39'),
(148,	304,	7,	2,	2,	'2017-03-23 10:41:39',	'2017-03-23 10:41:39'),
(149,	300,	7,	2,	2,	'2017-03-23 10:41:39',	'2017-03-23 10:41:39'),
(150,	318,	7,	2,	1,	'2017-03-23 10:41:39',	'2017-03-23 10:41:39'),
(151,	319,	7,	2,	1,	'2017-03-23 10:41:39',	'2017-03-23 10:41:39'),
(152,	320,	7,	2,	1,	'2017-03-23 10:41:39',	'2017-03-23 10:41:39'),
(153,	321,	7,	2,	1,	'2017-03-23 10:41:39',	'2017-03-23 10:41:39'),
(154,	322,	7,	2,	1,	'2017-03-23 10:41:39',	'2017-03-23 10:41:39'),
(155,	323,	7,	2,	1,	'2017-03-23 10:41:39',	'2017-03-23 10:41:39'),
(156,	324,	7,	2,	1,	'2017-03-23 10:41:39',	'2017-03-23 10:41:39'),
(157,	325,	7,	2,	1,	'2017-03-23 10:41:39',	'2017-03-23 10:41:39'),
(158,	326,	7,	2,	1,	'2017-03-23 10:41:39',	'2017-03-23 10:41:39'),
(159,	327,	7,	2,	1,	'2017-03-23 10:41:39',	'2017-03-23 10:41:39'),
(160,	328,	7,	2,	1,	'2017-03-23 10:41:39',	'2017-03-23 10:41:39'),
(161,	329,	7,	2,	1,	'2017-03-23 10:41:39',	'2017-03-23 10:41:39'),
(162,	332,	7,	2,	1,	'2017-03-23 10:41:39',	'2017-03-23 10:41:39'),
(163,	316,	7,	2,	2,	'2017-03-23 10:41:39',	'2017-03-23 10:41:39'),
(164,	317,	7,	2,	2,	'2017-03-23 10:41:39',	'2017-03-23 10:41:39'),
(165,	331,	7,	2,	0,	'2017-03-23 10:41:39',	'2017-03-23 10:41:39'),
(166,	330,	7,	2,	0,	'2017-03-23 10:41:39',	'2017-03-23 10:41:39'),
(167,	132,	39,	3,	1,	'2017-03-24 04:40:11',	'2017-03-24 04:40:11'),
(168,	133,	39,	3,	1,	'2017-03-24 04:40:11',	'2017-03-24 04:40:11'),
(169,	134,	39,	3,	1,	'2017-03-24 04:40:11',	'2017-03-24 04:40:11'),
(170,	135,	39,	3,	1,	'2017-03-24 04:40:11',	'2017-03-24 04:40:11'),
(171,	136,	39,	3,	1,	'2017-03-24 04:40:11',	'2017-03-24 04:40:11'),
(172,	137,	39,	3,	1,	'2017-03-24 04:40:11',	'2017-03-24 04:40:11'),
(173,	138,	39,	3,	1,	'2017-03-24 04:40:11',	'2017-03-24 04:40:11'),
(174,	139,	39,	3,	1,	'2017-03-24 04:40:11',	'2017-03-24 04:40:11'),
(175,	140,	39,	3,	1,	'2017-03-24 04:40:11',	'2017-03-24 04:40:11'),
(176,	141,	39,	3,	1,	'2017-03-24 04:40:11',	'2017-03-24 04:40:11'),
(177,	142,	39,	3,	1,	'2017-03-24 04:40:11',	'2017-03-24 04:40:11'),
(178,	143,	39,	3,	1,	'2017-03-24 04:40:11',	'2017-03-24 04:40:11'),
(179,	144,	39,	3,	1,	'2017-03-24 04:40:11',	'2017-03-24 04:40:11'),
(180,	147,	39,	3,	1,	'2017-03-24 04:40:11',	'2017-03-24 04:40:11'),
(181,	148,	39,	3,	1,	'2017-03-24 04:40:11',	'2017-03-24 04:40:11'),
(182,	146,	39,	3,	2,	'2017-03-24 04:40:11',	'2017-03-24 04:40:11'),
(183,	145,	39,	3,	2,	'2017-03-24 04:40:11',	'2017-03-24 04:40:11'),
(184,	149,	39,	3,	1,	'2017-03-24 04:40:11',	'2017-03-24 04:40:11'),
(185,	150,	39,	3,	1,	'2017-03-24 04:40:11',	'2017-03-24 04:40:11'),
(186,	152,	39,	3,	2,	'2017-03-24 04:40:11',	'2017-03-24 04:41:04'),
(187,	153,	39,	3,	1,	'2017-03-24 04:40:11',	'2017-03-24 04:40:11'),
(188,	154,	39,	3,	1,	'2017-03-24 04:40:11',	'2017-03-24 04:40:11'),
(189,	155,	39,	3,	1,	'2017-03-24 04:40:11',	'2017-03-24 04:40:11'),
(190,	156,	39,	3,	1,	'2017-03-24 04:40:11',	'2017-03-24 04:40:11'),
(191,	157,	39,	3,	1,	'2017-03-24 04:40:11',	'2017-03-24 04:40:11'),
(192,	158,	39,	3,	1,	'2017-03-24 04:40:11',	'2017-03-24 04:40:11'),
(193,	159,	39,	3,	1,	'2017-03-24 04:40:11',	'2017-03-24 04:40:11'),
(194,	160,	39,	3,	1,	'2017-03-24 04:40:11',	'2017-03-24 04:40:11'),
(195,	161,	39,	3,	1,	'2017-03-24 04:40:11',	'2017-03-24 04:40:11'),
(196,	162,	39,	3,	1,	'2017-03-24 04:40:11',	'2017-03-24 04:40:11'),
(197,	163,	39,	3,	1,	'2017-03-24 04:40:11',	'2017-03-24 04:40:11'),
(198,	164,	39,	3,	1,	'2017-03-24 04:40:11',	'2017-03-24 04:40:11'),
(199,	165,	39,	3,	1,	'2017-03-24 04:40:11',	'2017-03-24 04:40:11'),
(200,	166,	39,	3,	1,	'2017-03-24 04:40:11',	'2017-03-24 04:40:11'),
(201,	167,	39,	3,	1,	'2017-03-24 04:40:11',	'2017-03-24 04:40:11'),
(202,	168,	39,	3,	1,	'2017-03-24 04:40:11',	'2017-03-24 04:40:11'),
(203,	169,	39,	3,	1,	'2017-03-24 04:40:11',	'2017-03-24 04:40:11'),
(204,	170,	39,	3,	1,	'2017-03-24 04:40:11',	'2017-03-24 04:40:11'),
(205,	171,	39,	3,	1,	'2017-03-24 04:40:11',	'2017-03-24 04:40:11'),
(206,	172,	39,	3,	1,	'2017-03-24 04:40:11',	'2017-03-24 04:40:11'),
(207,	173,	39,	3,	1,	'2017-03-24 04:40:11',	'2017-03-24 04:40:11'),
(208,	174,	39,	3,	1,	'2017-03-24 04:40:11',	'2017-03-24 04:40:11'),
(209,	175,	39,	3,	1,	'2017-03-24 04:40:11',	'2017-03-24 04:40:11'),
(210,	176,	39,	3,	1,	'2017-03-24 04:40:11',	'2017-03-24 04:40:11'),
(211,	177,	39,	3,	1,	'2017-03-24 04:40:11',	'2017-03-24 04:40:11'),
(212,	178,	39,	3,	1,	'2017-03-24 04:40:11',	'2017-03-24 04:40:11'),
(213,	179,	39,	3,	1,	'2017-03-24 04:40:11',	'2017-03-24 04:40:11'),
(214,	180,	39,	3,	2,	'2017-03-24 04:40:11',	'2017-03-24 04:41:04'),
(215,	151,	39,	3,	2,	'2017-03-24 04:40:11',	'2017-03-24 04:40:11'),
(216,	181,	39,	3,	1,	'2017-03-24 04:40:11',	'2017-03-24 04:40:11'),
(217,	186,	39,	3,	1,	'2017-03-24 04:40:11',	'2017-03-24 04:40:11'),
(218,	187,	39,	3,	1,	'2017-03-24 04:40:11',	'2017-03-24 04:40:11'),
(219,	188,	39,	3,	1,	'2017-03-24 04:40:11',	'2017-03-24 04:40:11'),
(220,	189,	39,	3,	1,	'2017-03-24 04:40:11',	'2017-03-24 04:40:11'),
(221,	190,	39,	3,	1,	'2017-03-24 04:40:11',	'2017-03-24 04:40:11'),
(222,	195,	39,	3,	1,	'2017-03-24 04:40:11',	'2017-03-24 04:40:11'),
(223,	196,	39,	3,	1,	'2017-03-24 04:40:11',	'2017-03-24 04:40:11'),
(224,	197,	39,	3,	1,	'2017-03-24 04:40:11',	'2017-03-24 04:40:11'),
(225,	198,	39,	3,	1,	'2017-03-24 04:40:11',	'2017-03-24 04:40:11'),
(226,	199,	39,	3,	1,	'2017-03-24 04:40:11',	'2017-03-24 04:40:11'),
(227,	200,	39,	3,	1,	'2017-03-24 04:40:11',	'2017-03-24 04:40:11'),
(228,	201,	39,	3,	1,	'2017-03-24 04:40:11',	'2017-03-24 04:40:11'),
(229,	185,	39,	3,	0,	'2017-03-24 04:40:11',	'2017-03-24 04:40:11'),
(230,	184,	39,	3,	0,	'2017-03-24 04:40:11',	'2017-03-24 04:40:11'),
(231,	183,	39,	3,	0,	'2017-03-24 04:40:11',	'2017-03-24 04:40:11'),
(232,	182,	39,	3,	0,	'2017-03-24 04:40:11',	'2017-03-24 04:40:11'),
(233,	191,	39,	3,	2,	'2017-03-24 04:40:11',	'2017-03-24 04:40:11'),
(234,	192,	39,	3,	2,	'2017-03-24 04:40:11',	'2017-03-24 04:40:11'),
(235,	193,	39,	3,	2,	'2017-03-24 04:40:11',	'2017-03-24 04:40:11'),
(236,	194,	39,	3,	2,	'2017-03-24 04:40:11',	'2017-03-24 04:40:11'),
(237,	202,	39,	3,	1,	'2017-03-24 04:40:11',	'2017-03-24 04:40:11'),
(238,	203,	39,	3,	1,	'2017-03-24 04:40:11',	'2017-03-24 04:40:11'),
(239,	205,	39,	3,	1,	'2017-03-24 04:40:11',	'2017-03-24 04:40:11'),
(240,	206,	39,	3,	1,	'2017-03-24 04:40:11',	'2017-03-24 04:40:11'),
(241,	207,	39,	3,	1,	'2017-03-24 04:40:11',	'2017-03-24 04:40:11'),
(242,	208,	39,	3,	1,	'2017-03-24 04:40:11',	'2017-03-24 04:40:11'),
(243,	210,	39,	3,	1,	'2017-03-24 04:40:11',	'2017-03-24 04:40:11'),
(244,	211,	39,	3,	1,	'2017-03-24 04:40:11',	'2017-03-24 04:40:11'),
(245,	212,	39,	3,	1,	'2017-03-24 04:40:11',	'2017-03-24 04:40:11'),
(246,	213,	39,	3,	1,	'2017-03-24 04:40:11',	'2017-03-24 04:40:11'),
(247,	214,	39,	3,	1,	'2017-03-24 04:40:11',	'2017-03-24 04:40:11'),
(248,	215,	39,	3,	1,	'2017-03-24 04:40:11',	'2017-03-24 04:40:11'),
(249,	216,	39,	3,	1,	'2017-03-24 04:40:11',	'2017-03-24 04:40:11'),
(250,	217,	39,	3,	1,	'2017-03-24 04:40:11',	'2017-03-24 04:40:11'),
(251,	204,	39,	3,	2,	'2017-03-24 04:40:11',	'2017-03-24 04:40:11'),
(252,	209,	39,	3,	2,	'2017-03-24 04:40:11',	'2017-03-24 04:40:11'),
(253,	219,	39,	3,	1,	'2017-03-24 04:40:11',	'2017-03-24 04:40:11'),
(254,	220,	39,	3,	1,	'2017-03-24 04:40:11',	'2017-03-24 04:40:11'),
(255,	222,	39,	3,	1,	'2017-03-24 04:40:11',	'2017-03-24 04:40:11'),
(256,	223,	39,	3,	1,	'2017-03-24 04:40:11',	'2017-03-24 04:40:11'),
(257,	224,	39,	3,	1,	'2017-03-24 04:40:11',	'2017-03-24 04:40:11'),
(258,	225,	39,	3,	1,	'2017-03-24 04:40:11',	'2017-03-24 04:40:11'),
(259,	226,	39,	3,	1,	'2017-03-24 04:40:11',	'2017-03-24 04:40:11'),
(260,	227,	39,	3,	1,	'2017-03-24 04:40:11',	'2017-03-24 04:40:11'),
(261,	228,	39,	3,	1,	'2017-03-24 04:40:11',	'2017-03-24 04:40:11'),
(262,	229,	39,	3,	1,	'2017-03-24 04:40:11',	'2017-03-24 04:40:11'),
(263,	230,	39,	3,	1,	'2017-03-24 04:40:11',	'2017-03-24 04:40:11'),
(264,	218,	39,	3,	2,	'2017-03-24 04:40:11',	'2017-03-24 04:40:11'),
(265,	221,	39,	3,	2,	'2017-03-24 04:40:11',	'2017-03-24 04:40:11'),
(266,	231,	39,	3,	1,	'2017-03-24 04:40:11',	'2017-03-24 04:40:11'),
(267,	233,	39,	3,	1,	'2017-03-24 04:40:11',	'2017-03-24 04:40:11'),
(268,	234,	39,	3,	1,	'2017-03-24 04:40:11',	'2017-03-24 04:40:11'),
(269,	235,	39,	3,	1,	'2017-03-24 04:40:11',	'2017-03-24 04:40:11'),
(270,	237,	39,	3,	1,	'2017-03-24 04:40:11',	'2017-03-24 04:40:11'),
(271,	238,	39,	3,	1,	'2017-03-24 04:40:11',	'2017-03-24 04:40:11'),
(272,	239,	39,	3,	1,	'2017-03-24 04:40:11',	'2017-03-24 04:40:11'),
(273,	240,	39,	3,	1,	'2017-03-24 04:40:11',	'2017-03-24 04:40:11'),
(274,	241,	39,	3,	1,	'2017-03-24 04:40:11',	'2017-03-24 04:40:11'),
(275,	242,	39,	3,	1,	'2017-03-24 04:40:11',	'2017-03-24 04:40:11'),
(276,	243,	39,	3,	1,	'2017-03-24 04:40:11',	'2017-03-24 04:40:11'),
(277,	244,	39,	3,	1,	'2017-03-24 04:40:11',	'2017-03-24 04:40:11'),
(278,	245,	39,	3,	1,	'2017-03-24 04:40:11',	'2017-03-24 04:40:11'),
(279,	246,	39,	3,	1,	'2017-03-24 04:40:11',	'2017-03-24 04:40:11'),
(280,	247,	39,	3,	1,	'2017-03-24 04:40:11',	'2017-03-24 04:40:11'),
(281,	236,	39,	3,	2,	'2017-03-24 04:40:11',	'2017-03-24 04:40:11'),
(282,	232,	39,	3,	0,	'2017-03-24 04:40:11',	'2017-03-24 04:40:11'),
(283,	248,	39,	3,	1,	'2017-03-24 04:40:11',	'2017-03-24 04:40:11'),
(284,	249,	39,	3,	1,	'2017-03-24 04:40:11',	'2017-03-24 04:40:11'),
(285,	250,	39,	3,	1,	'2017-03-24 04:40:11',	'2017-03-24 04:40:11'),
(286,	251,	39,	3,	1,	'2017-03-24 04:40:11',	'2017-03-24 04:40:11'),
(287,	252,	39,	3,	1,	'2017-03-24 04:40:11',	'2017-03-24 04:40:11'),
(288,	253,	39,	3,	1,	'2017-03-24 04:40:11',	'2017-03-24 04:40:11'),
(289,	254,	39,	3,	1,	'2017-03-24 04:40:11',	'2017-03-24 04:40:11'),
(290,	255,	39,	3,	1,	'2017-03-24 04:40:11',	'2017-03-24 04:40:11'),
(291,	256,	39,	3,	1,	'2017-03-24 04:40:11',	'2017-03-24 04:40:11'),
(292,	257,	39,	3,	1,	'2017-03-24 04:40:11',	'2017-03-24 04:40:11'),
(293,	258,	39,	3,	1,	'2017-03-24 04:40:11',	'2017-03-24 04:40:11'),
(294,	261,	39,	3,	1,	'2017-03-24 04:40:11',	'2017-03-24 04:40:11'),
(295,	262,	39,	3,	1,	'2017-03-24 04:40:11',	'2017-03-24 04:40:11'),
(296,	259,	39,	3,	2,	'2017-03-24 04:40:11',	'2017-03-24 04:40:11'),
(297,	260,	39,	3,	2,	'2017-03-24 04:40:11',	'2017-03-24 04:40:11'),
(298,	298,	40,	5,	1,	'2017-03-24 04:40:11',	'2017-03-24 04:40:11'),
(299,	300,	40,	5,	1,	'2017-03-24 04:40:11',	'2017-03-24 04:40:11'),
(300,	301,	40,	5,	1,	'2017-03-24 04:40:11',	'2017-03-24 04:40:11'),
(301,	302,	40,	5,	1,	'2017-03-24 04:40:11',	'2017-03-24 04:40:11'),
(302,	303,	40,	5,	1,	'2017-03-24 04:40:11',	'2017-03-24 04:40:11'),
(303,	304,	40,	5,	1,	'2017-03-24 04:40:11',	'2017-03-24 04:40:11'),
(304,	305,	40,	5,	1,	'2017-03-24 04:40:11',	'2017-03-24 04:40:11'),
(305,	307,	40,	5,	1,	'2017-03-24 04:40:11',	'2017-03-24 04:40:11'),
(306,	308,	40,	5,	1,	'2017-03-24 04:40:11',	'2017-03-24 04:40:11'),
(307,	309,	40,	5,	1,	'2017-03-24 04:40:11',	'2017-03-24 04:40:11'),
(308,	310,	40,	5,	1,	'2017-03-24 04:40:11',	'2017-03-24 04:40:11'),
(309,	311,	40,	5,	1,	'2017-03-24 04:40:11',	'2017-03-24 04:40:11'),
(310,	312,	40,	5,	1,	'2017-03-24 04:40:11',	'2017-03-24 04:40:11'),
(311,	313,	40,	5,	1,	'2017-03-24 04:40:11',	'2017-03-24 04:40:11'),
(312,	314,	40,	5,	1,	'2017-03-24 04:40:11',	'2017-03-24 04:40:11'),
(313,	315,	40,	5,	1,	'2017-03-24 04:40:11',	'2017-03-24 04:40:11'),
(314,	299,	40,	5,	2,	'2017-03-24 04:40:11',	'2017-03-24 04:40:11'),
(315,	306,	40,	5,	2,	'2017-03-24 04:40:11',	'2017-03-24 04:40:11'),
(316,	318,	40,	5,	1,	'2017-03-24 04:40:11',	'2017-03-24 04:40:11'),
(317,	319,	40,	5,	1,	'2017-03-24 04:40:11',	'2017-03-24 04:40:11'),
(318,	320,	40,	5,	1,	'2017-03-24 04:40:11',	'2017-03-24 04:40:11'),
(319,	321,	40,	5,	1,	'2017-03-24 04:40:11',	'2017-03-24 04:40:11'),
(320,	322,	40,	5,	1,	'2017-03-24 04:40:11',	'2017-03-24 04:40:11'),
(321,	323,	40,	5,	1,	'2017-03-24 04:40:11',	'2017-03-24 04:40:11'),
(322,	324,	40,	5,	1,	'2017-03-24 04:40:11',	'2017-03-24 04:40:11'),
(323,	325,	40,	5,	1,	'2017-03-24 04:40:11',	'2017-03-24 04:40:11'),
(324,	326,	40,	5,	1,	'2017-03-24 04:40:11',	'2017-03-24 04:40:11'),
(325,	328,	40,	5,	1,	'2017-03-24 04:40:11',	'2017-03-24 04:40:11'),
(326,	329,	40,	5,	1,	'2017-03-24 04:40:11',	'2017-03-24 04:40:11'),
(327,	330,	40,	5,	1,	'2017-03-24 04:40:11',	'2017-03-24 04:40:11'),
(328,	331,	40,	5,	1,	'2017-03-24 04:40:11',	'2017-03-24 04:40:11'),
(329,	332,	40,	5,	1,	'2017-03-24 04:40:11',	'2017-03-24 04:40:11'),
(330,	327,	40,	5,	2,	'2017-03-24 04:40:11',	'2017-03-24 04:40:11'),
(331,	316,	40,	5,	2,	'2017-03-24 04:40:11',	'2017-03-24 04:40:11'),
(332,	317,	40,	5,	2,	'2017-03-24 04:40:11',	'2017-03-24 04:40:11'),
(333,	1,	41,	4,	1,	'2017-03-24 04:43:30',	'2017-03-24 04:43:30'),
(334,	2,	41,	4,	1,	'2017-03-24 04:43:30',	'2017-03-24 04:43:30'),
(335,	3,	41,	4,	1,	'2017-03-24 04:43:30',	'2017-03-24 04:43:30'),
(336,	4,	41,	4,	1,	'2017-03-24 04:43:30',	'2017-03-24 04:43:30'),
(337,	5,	41,	4,	1,	'2017-03-24 04:43:30',	'2017-03-24 04:43:30'),
(338,	6,	41,	4,	1,	'2017-03-24 04:43:30',	'2017-03-24 04:43:30'),
(339,	7,	41,	4,	1,	'2017-03-24 04:43:30',	'2017-03-24 04:43:30'),
(340,	8,	41,	4,	1,	'2017-03-24 04:43:30',	'2017-03-24 04:43:30'),
(341,	9,	41,	4,	1,	'2017-03-24 04:43:30',	'2017-03-24 04:43:30'),
(342,	10,	41,	4,	1,	'2017-03-24 04:43:30',	'2017-03-24 04:43:30'),
(343,	11,	41,	4,	1,	'2017-03-24 04:43:30',	'2017-03-24 04:43:30'),
(344,	12,	41,	4,	1,	'2017-03-24 04:43:30',	'2017-03-24 04:43:30'),
(345,	13,	41,	4,	1,	'2017-03-24 04:43:30',	'2017-03-24 04:43:30'),
(346,	14,	41,	4,	1,	'2017-03-24 04:43:30',	'2017-03-24 04:43:30'),
(347,	15,	41,	4,	1,	'2017-03-24 04:43:30',	'2017-03-24 04:43:30'),
(348,	17,	41,	4,	2,	'2017-03-24 04:43:30',	'2017-03-24 04:43:30'),
(349,	16,	41,	4,	2,	'2017-03-24 04:43:30',	'2017-03-24 04:43:30'),
(350,	18,	41,	4,	1,	'2017-03-24 04:43:30',	'2017-03-24 04:43:30'),
(351,	19,	41,	4,	1,	'2017-03-24 04:43:30',	'2017-03-24 04:43:30'),
(352,	20,	41,	4,	1,	'2017-03-24 04:43:30',	'2017-03-24 04:43:30'),
(353,	21,	41,	4,	1,	'2017-03-24 04:43:30',	'2017-03-24 04:43:30'),
(354,	22,	41,	4,	1,	'2017-03-24 04:43:30',	'2017-03-24 04:43:30'),
(355,	23,	41,	4,	1,	'2017-03-24 04:43:30',	'2017-03-24 04:43:30'),
(356,	24,	41,	4,	1,	'2017-03-24 04:43:30',	'2017-03-24 04:43:30'),
(357,	25,	41,	4,	1,	'2017-03-24 04:43:30',	'2017-03-24 04:43:30'),
(358,	26,	41,	4,	1,	'2017-03-24 04:43:30',	'2017-03-24 04:43:30'),
(359,	27,	41,	4,	1,	'2017-03-24 04:43:30',	'2017-03-24 04:43:30'),
(360,	28,	41,	4,	1,	'2017-03-24 04:43:30',	'2017-03-24 04:43:30'),
(361,	29,	41,	4,	1,	'2017-03-24 04:43:30',	'2017-03-24 04:43:30'),
(362,	30,	41,	4,	1,	'2017-03-24 04:43:30',	'2017-03-24 04:43:30'),
(363,	31,	41,	4,	1,	'2017-03-24 04:43:30',	'2017-03-24 04:43:30'),
(364,	32,	41,	4,	1,	'2017-03-24 04:43:30',	'2017-03-24 04:43:30'),
(365,	33,	41,	4,	1,	'2017-03-24 04:43:30',	'2017-03-24 04:43:30'),
(366,	34,	41,	4,	1,	'2017-03-24 04:43:30',	'2017-03-24 04:43:30'),
(367,	35,	41,	4,	1,	'2017-03-24 04:43:30',	'2017-03-24 04:43:30'),
(368,	36,	41,	4,	1,	'2017-03-24 04:43:30',	'2017-03-24 04:43:30'),
(369,	37,	41,	4,	1,	'2017-03-24 04:43:30',	'2017-03-24 04:43:30'),
(370,	38,	41,	4,	1,	'2017-03-24 04:43:30',	'2017-03-24 04:43:30'),
(371,	39,	41,	4,	1,	'2017-03-24 04:43:30',	'2017-03-24 04:43:30'),
(372,	40,	41,	4,	1,	'2017-03-24 04:43:30',	'2017-03-24 04:43:30'),
(373,	41,	41,	4,	1,	'2017-03-24 04:43:30',	'2017-03-24 04:43:30'),
(374,	42,	41,	4,	1,	'2017-03-24 04:43:30',	'2017-03-24 04:43:30'),
(375,	45,	41,	4,	1,	'2017-03-24 04:43:30',	'2017-03-24 04:43:30'),
(376,	46,	41,	4,	1,	'2017-03-24 04:43:30',	'2017-03-24 04:43:30'),
(377,	47,	41,	4,	1,	'2017-03-24 04:43:30',	'2017-03-24 04:43:30'),
(378,	48,	41,	4,	1,	'2017-03-24 04:43:30',	'2017-03-24 04:43:30'),
(379,	49,	41,	4,	1,	'2017-03-24 04:43:30',	'2017-03-24 04:43:30'),
(380,	43,	41,	4,	2,	'2017-03-24 04:43:30',	'2017-03-24 04:43:30'),
(381,	44,	41,	4,	2,	'2017-03-24 04:43:30',	'2017-03-24 04:43:30'),
(382,	50,	41,	4,	1,	'2017-03-24 04:43:30',	'2017-03-24 04:43:30'),
(383,	51,	41,	4,	1,	'2017-03-24 04:43:30',	'2017-03-24 04:43:30'),
(384,	52,	41,	4,	1,	'2017-03-24 04:43:30',	'2017-03-24 04:43:30'),
(385,	53,	41,	4,	1,	'2017-03-24 04:43:30',	'2017-03-24 04:43:30'),
(386,	54,	41,	4,	1,	'2017-03-24 04:43:30',	'2017-03-24 04:43:30'),
(387,	55,	41,	4,	1,	'2017-03-24 04:43:30',	'2017-03-24 04:43:30'),
(388,	56,	41,	4,	1,	'2017-03-24 04:43:30',	'2017-03-24 04:43:30'),
(389,	57,	41,	4,	1,	'2017-03-24 04:43:30',	'2017-03-24 04:43:30'),
(390,	58,	41,	4,	1,	'2017-03-24 04:43:30',	'2017-03-24 04:43:30'),
(391,	59,	41,	4,	1,	'2017-03-24 04:43:30',	'2017-03-24 04:43:30'),
(392,	60,	41,	4,	1,	'2017-03-24 04:43:30',	'2017-03-24 04:43:30'),
(393,	61,	41,	4,	1,	'2017-03-24 04:43:30',	'2017-03-24 04:43:30'),
(394,	62,	41,	4,	1,	'2017-03-24 04:43:30',	'2017-03-24 04:43:30'),
(395,	63,	41,	4,	1,	'2017-03-24 04:43:30',	'2017-03-24 04:43:30'),
(396,	64,	41,	4,	1,	'2017-03-24 04:43:30',	'2017-03-24 04:43:30'),
(397,	65,	41,	4,	1,	'2017-03-24 04:43:30',	'2017-03-24 04:43:30'),
(398,	66,	41,	4,	1,	'2017-03-24 04:43:30',	'2017-03-24 04:43:30'),
(399,	67,	41,	4,	1,	'2017-03-24 04:43:30',	'2017-03-24 04:43:30'),
(400,	68,	41,	4,	1,	'2017-03-24 04:43:30',	'2017-03-24 04:43:30'),
(401,	69,	41,	4,	1,	'2017-03-24 04:43:30',	'2017-03-24 04:43:30'),
(402,	70,	41,	4,	1,	'2017-03-24 04:43:30',	'2017-03-24 04:43:30'),
(403,	72,	41,	4,	1,	'2017-03-24 04:43:30',	'2017-03-24 04:43:30'),
(404,	73,	41,	4,	1,	'2017-03-24 04:43:30',	'2017-03-24 04:43:30'),
(405,	75,	41,	4,	1,	'2017-03-24 04:43:30',	'2017-03-24 04:43:30'),
(406,	78,	41,	4,	1,	'2017-03-24 04:43:30',	'2017-03-24 04:43:30'),
(407,	79,	41,	4,	1,	'2017-03-24 04:43:30',	'2017-03-24 04:43:30'),
(408,	80,	41,	4,	1,	'2017-03-24 04:43:30',	'2017-03-24 04:43:30'),
(409,	81,	41,	4,	1,	'2017-03-24 04:43:30',	'2017-03-24 04:43:30'),
(410,	82,	41,	4,	1,	'2017-03-24 04:43:30',	'2017-03-24 04:43:30'),
(411,	83,	41,	4,	1,	'2017-03-24 04:43:30',	'2017-03-24 04:43:30'),
(412,	84,	41,	4,	1,	'2017-03-24 04:43:30',	'2017-03-24 04:43:30'),
(413,	85,	41,	4,	1,	'2017-03-24 04:43:30',	'2017-03-24 04:43:30'),
(414,	86,	41,	4,	1,	'2017-03-24 04:43:30',	'2017-03-24 04:43:30'),
(415,	76,	41,	4,	0,	'2017-03-24 04:43:30',	'2017-03-24 04:43:30'),
(416,	77,	41,	4,	0,	'2017-03-24 04:43:30',	'2017-03-24 04:43:30'),
(417,	74,	41,	4,	0,	'2017-03-24 04:43:30',	'2017-03-24 04:43:30'),
(418,	71,	41,	4,	0,	'2017-03-24 04:43:30',	'2017-03-24 04:43:30'),
(419,	87,	41,	4,	1,	'2017-03-24 04:43:30',	'2017-03-24 04:43:30'),
(420,	88,	41,	4,	1,	'2017-03-24 04:43:30',	'2017-03-24 04:43:30'),
(421,	89,	41,	4,	1,	'2017-03-24 04:43:30',	'2017-03-24 04:43:30'),
(422,	90,	41,	4,	1,	'2017-03-24 04:43:30',	'2017-03-24 04:43:30'),
(423,	91,	41,	4,	1,	'2017-03-24 04:43:30',	'2017-03-24 04:43:30'),
(424,	92,	41,	4,	1,	'2017-03-24 04:43:30',	'2017-03-24 04:43:30'),
(425,	95,	41,	4,	1,	'2017-03-24 04:43:30',	'2017-03-24 04:43:30'),
(426,	96,	41,	4,	1,	'2017-03-24 04:43:30',	'2017-03-24 04:43:30'),
(427,	97,	41,	4,	1,	'2017-03-24 04:43:30',	'2017-03-24 04:43:30'),
(428,	98,	41,	4,	1,	'2017-03-24 04:43:30',	'2017-03-24 04:43:30'),
(429,	99,	41,	4,	1,	'2017-03-24 04:43:30',	'2017-03-24 04:43:30'),
(430,	94,	41,	4,	2,	'2017-03-24 04:43:30',	'2017-03-24 04:43:30'),
(431,	93,	41,	4,	2,	'2017-03-24 04:43:30',	'2017-03-24 04:43:30'),
(432,	100,	41,	4,	1,	'2017-03-24 04:43:30',	'2017-03-24 04:43:30'),
(433,	101,	41,	4,	1,	'2017-03-24 04:43:30',	'2017-03-24 04:43:30'),
(434,	103,	41,	4,	1,	'2017-03-24 04:43:30',	'2017-03-24 04:43:30'),
(435,	104,	41,	4,	1,	'2017-03-24 04:43:30',	'2017-03-24 04:43:30'),
(436,	105,	41,	4,	1,	'2017-03-24 04:43:30',	'2017-03-24 04:43:30'),
(437,	106,	41,	4,	1,	'2017-03-24 04:43:30',	'2017-03-24 04:43:30'),
(438,	107,	41,	4,	1,	'2017-03-24 04:43:30',	'2017-03-24 04:43:30'),
(439,	108,	41,	4,	1,	'2017-03-24 04:43:30',	'2017-03-24 04:43:30'),
(440,	109,	41,	4,	1,	'2017-03-24 04:43:30',	'2017-03-24 04:43:30'),
(441,	110,	41,	4,	1,	'2017-03-24 04:43:30',	'2017-03-24 04:43:30'),
(442,	111,	41,	4,	1,	'2017-03-24 04:43:30',	'2017-03-24 04:43:30'),
(443,	112,	41,	4,	1,	'2017-03-24 04:43:30',	'2017-03-24 04:43:30'),
(444,	113,	41,	4,	1,	'2017-03-24 04:43:30',	'2017-03-24 04:43:30'),
(445,	115,	41,	4,	1,	'2017-03-24 04:43:30',	'2017-03-24 04:43:30'),
(446,	116,	41,	4,	1,	'2017-03-24 04:43:30',	'2017-03-24 04:43:30'),
(447,	114,	41,	4,	2,	'2017-03-24 04:43:30',	'2017-03-24 04:43:30'),
(448,	102,	41,	4,	0,	'2017-03-24 04:43:30',	'2017-03-24 04:43:30'),
(449,	117,	41,	4,	1,	'2017-03-24 04:43:30',	'2017-03-24 04:43:30'),
(450,	118,	41,	4,	1,	'2017-03-24 04:43:30',	'2017-03-24 04:43:30'),
(451,	119,	41,	4,	1,	'2017-03-24 04:43:30',	'2017-03-24 04:43:30'),
(452,	120,	41,	4,	1,	'2017-03-24 04:43:30',	'2017-03-24 04:43:30'),
(453,	121,	41,	4,	1,	'2017-03-24 04:43:30',	'2017-03-24 04:43:30'),
(454,	122,	41,	4,	1,	'2017-03-24 04:43:30',	'2017-03-24 04:43:30'),
(455,	123,	41,	4,	1,	'2017-03-24 04:43:30',	'2017-03-24 04:43:30'),
(456,	124,	41,	4,	1,	'2017-03-24 04:43:30',	'2017-03-24 04:43:30'),
(457,	125,	41,	4,	1,	'2017-03-24 04:43:30',	'2017-03-24 04:43:30'),
(458,	126,	41,	4,	1,	'2017-03-24 04:43:30',	'2017-03-24 04:43:30'),
(459,	127,	41,	4,	1,	'2017-03-24 04:43:30',	'2017-03-24 04:43:30'),
(460,	128,	41,	4,	1,	'2017-03-24 04:43:30',	'2017-03-24 04:43:30'),
(461,	131,	41,	4,	1,	'2017-03-24 04:43:30',	'2017-03-24 04:43:30'),
(462,	130,	41,	4,	0,	'2017-03-24 04:43:30',	'2017-03-24 04:43:30'),
(463,	129,	41,	4,	2,	'2017-03-24 04:43:30',	'2017-03-24 04:43:30'),
(464,	263,	42,	6,	1,	'2017-03-24 04:44:57',	'2017-03-24 04:44:57'),
(465,	264,	42,	6,	1,	'2017-03-24 04:44:57',	'2017-03-24 04:44:57'),
(466,	265,	42,	6,	1,	'2017-03-24 04:44:57',	'2017-03-24 04:44:57'),
(467,	266,	42,	6,	1,	'2017-03-24 04:44:57',	'2017-03-24 04:44:57'),
(468,	267,	42,	6,	1,	'2017-03-24 04:44:57',	'2017-03-24 04:44:57'),
(469,	268,	42,	6,	1,	'2017-03-24 04:44:57',	'2017-03-24 04:44:57'),
(470,	269,	42,	6,	1,	'2017-03-24 04:44:57',	'2017-03-24 04:44:57'),
(471,	270,	42,	6,	1,	'2017-03-24 04:44:57',	'2017-03-24 04:44:57'),
(472,	271,	42,	6,	1,	'2017-03-24 04:44:57',	'2017-03-24 04:44:57'),
(473,	272,	42,	6,	1,	'2017-03-24 04:44:57',	'2017-03-24 04:44:57'),
(474,	276,	42,	6,	1,	'2017-03-24 04:44:57',	'2017-03-24 04:44:57'),
(475,	277,	42,	6,	1,	'2017-03-24 04:44:57',	'2017-03-24 04:44:57'),
(476,	278,	42,	6,	1,	'2017-03-24 04:44:57',	'2017-03-24 04:44:57'),
(477,	279,	42,	6,	1,	'2017-03-24 04:44:57',	'2017-03-24 04:44:57'),
(478,	280,	42,	6,	1,	'2017-03-24 04:44:57',	'2017-03-24 04:44:57'),
(479,	273,	42,	6,	2,	'2017-03-24 04:44:57',	'2017-03-24 04:44:57'),
(480,	274,	42,	6,	2,	'2017-03-24 04:44:57',	'2017-03-24 04:44:57'),
(481,	275,	42,	6,	2,	'2017-03-24 04:44:57',	'2017-03-24 04:44:57'),
(482,	281,	42,	6,	1,	'2017-03-24 04:44:57',	'2017-03-24 04:44:57'),
(483,	282,	42,	6,	1,	'2017-03-24 04:44:57',	'2017-03-24 04:44:57'),
(484,	283,	42,	6,	1,	'2017-03-24 04:44:57',	'2017-03-24 04:44:57'),
(485,	284,	42,	6,	1,	'2017-03-24 04:44:57',	'2017-03-24 04:44:57'),
(486,	285,	42,	6,	1,	'2017-03-24 04:44:57',	'2017-03-24 04:44:57'),
(487,	286,	42,	6,	1,	'2017-03-24 04:44:57',	'2017-03-24 04:44:57'),
(488,	287,	42,	6,	1,	'2017-03-24 04:44:57',	'2017-03-24 04:44:57'),
(489,	288,	42,	6,	1,	'2017-03-24 04:44:57',	'2017-03-24 04:44:57'),
(490,	289,	42,	6,	1,	'2017-03-24 04:44:57',	'2017-03-24 04:44:57'),
(491,	290,	42,	6,	1,	'2017-03-24 04:44:57',	'2017-03-24 04:44:57'),
(492,	291,	42,	6,	1,	'2017-03-24 04:44:57',	'2017-03-24 04:44:57'),
(493,	292,	42,	6,	1,	'2017-03-24 04:44:57',	'2017-03-24 04:44:57'),
(494,	293,	42,	6,	1,	'2017-03-24 04:44:57',	'2017-03-24 04:44:57'),
(495,	294,	42,	6,	1,	'2017-03-24 04:44:57',	'2017-03-24 04:44:57'),
(496,	297,	42,	6,	1,	'2017-03-24 04:44:57',	'2017-03-24 04:44:57'),
(497,	295,	42,	6,	2,	'2017-03-24 04:44:57',	'2017-03-24 04:44:57'),
(498,	296,	42,	6,	2,	'2017-03-24 04:44:57',	'2017-03-24 04:44:57'),
(499,	335,	43,	7,	1,	'2017-03-24 05:19:01',	'2017-03-24 05:19:01'),
(500,	336,	43,	7,	1,	'2017-03-24 05:19:01',	'2017-03-24 05:19:01'),
(501,	337,	43,	7,	1,	'2017-03-24 05:19:01',	'2017-03-24 05:19:01'),
(502,	338,	43,	7,	1,	'2017-03-24 05:19:01',	'2017-03-24 05:19:01'),
(503,	339,	43,	7,	1,	'2017-03-24 05:19:01',	'2017-03-24 05:19:01'),
(504,	340,	43,	7,	1,	'2017-03-24 05:19:01',	'2017-03-24 05:19:01'),
(505,	341,	43,	7,	1,	'2017-03-24 05:19:01',	'2017-03-24 05:19:01'),
(506,	343,	43,	7,	1,	'2017-03-24 05:19:01',	'2017-03-24 05:19:01'),
(507,	344,	43,	7,	1,	'2017-03-24 05:19:01',	'2017-03-24 05:19:01'),
(508,	345,	43,	7,	1,	'2017-03-24 05:19:01',	'2017-03-24 05:19:01'),
(509,	347,	43,	7,	1,	'2017-03-24 05:19:01',	'2017-03-24 05:19:01'),
(510,	348,	43,	7,	1,	'2017-03-24 05:19:01',	'2017-03-24 05:19:01'),
(511,	346,	43,	7,	2,	'2017-03-24 05:19:01',	'2017-03-24 05:19:01'),
(512,	334,	43,	7,	2,	'2017-03-24 05:19:01',	'2017-03-24 05:19:01'),
(513,	342,	43,	7,	2,	'2017-03-24 05:19:01',	'2017-03-24 05:19:01'),
(514,	333,	43,	7,	2,	'2017-03-24 05:19:01',	'2017-03-24 05:19:01'),
(515,	349,	43,	7,	1,	'2017-03-24 05:19:01',	'2017-03-24 05:19:01'),
(516,	350,	43,	7,	1,	'2017-03-24 05:19:01',	'2017-03-24 05:19:01'),
(517,	353,	43,	7,	1,	'2017-03-24 05:19:01',	'2017-03-24 05:19:01'),
(518,	354,	43,	7,	1,	'2017-03-24 05:19:01',	'2017-03-24 05:19:01'),
(519,	355,	43,	7,	1,	'2017-03-24 05:19:01',	'2017-03-24 05:19:01'),
(520,	356,	43,	7,	1,	'2017-03-24 05:19:01',	'2017-03-24 05:19:01'),
(521,	359,	43,	7,	1,	'2017-03-24 05:19:01',	'2017-03-24 05:19:01'),
(522,	360,	43,	7,	1,	'2017-03-24 05:19:01',	'2017-03-24 05:19:01'),
(523,	361,	43,	7,	1,	'2017-03-24 05:19:01',	'2017-03-24 05:19:01'),
(524,	362,	43,	7,	1,	'2017-03-24 05:19:01',	'2017-03-24 05:19:01'),
(525,	363,	43,	7,	1,	'2017-03-24 05:19:01',	'2017-03-24 05:19:01'),
(526,	364,	43,	7,	1,	'2017-03-24 05:19:01',	'2017-03-24 05:19:01'),
(527,	365,	43,	7,	1,	'2017-03-24 05:19:01',	'2017-03-24 05:19:01'),
(528,	366,	43,	7,	1,	'2017-03-24 05:19:01',	'2017-03-24 05:19:01'),
(529,	367,	43,	7,	1,	'2017-03-24 05:19:01',	'2017-03-24 05:19:01'),
(530,	369,	43,	7,	1,	'2017-03-24 05:19:01',	'2017-03-24 05:19:01'),
(531,	368,	43,	7,	2,	'2017-03-24 05:19:01',	'2017-03-24 05:19:01'),
(532,	370,	43,	7,	2,	'2017-03-24 05:19:01',	'2017-03-24 05:19:01'),
(533,	351,	43,	7,	0,	'2017-03-24 05:19:01',	'2017-03-24 05:19:01'),
(534,	357,	43,	7,	0,	'2017-03-24 05:19:01',	'2017-03-24 05:19:01'),
(535,	352,	43,	7,	0,	'2017-03-24 05:19:01',	'2017-03-24 05:19:01'),
(536,	358,	43,	7,	0,	'2017-03-24 05:19:01',	'2017-03-24 05:19:01'),
(537,	372,	43,	7,	1,	'2017-03-24 05:19:01',	'2017-03-24 05:19:01'),
(538,	373,	43,	7,	1,	'2017-03-24 05:19:01',	'2017-03-24 05:19:01'),
(539,	374,	43,	7,	1,	'2017-03-24 05:19:01',	'2017-03-24 05:19:01'),
(540,	375,	43,	7,	1,	'2017-03-24 05:19:01',	'2017-03-24 05:19:01'),
(541,	376,	43,	7,	1,	'2017-03-24 05:19:01',	'2017-03-24 05:19:01'),
(542,	377,	43,	7,	1,	'2017-03-24 05:19:01',	'2017-03-24 05:19:01'),
(543,	378,	43,	7,	1,	'2017-03-24 05:19:01',	'2017-03-24 05:19:01'),
(544,	380,	43,	7,	1,	'2017-03-24 05:19:01',	'2017-03-24 05:19:01'),
(545,	381,	43,	7,	1,	'2017-03-24 05:19:01',	'2017-03-24 05:19:01'),
(546,	382,	43,	7,	1,	'2017-03-24 05:19:01',	'2017-03-24 05:19:01'),
(547,	383,	43,	7,	1,	'2017-03-24 05:19:01',	'2017-03-24 05:19:01'),
(548,	384,	43,	7,	1,	'2017-03-24 05:19:01',	'2017-03-24 05:19:01'),
(549,	385,	43,	7,	1,	'2017-03-24 05:19:01',	'2017-03-24 05:19:01'),
(550,	386,	43,	7,	1,	'2017-03-24 05:19:01',	'2017-03-24 05:19:01'),
(551,	379,	43,	7,	2,	'2017-03-24 05:19:01',	'2017-03-24 05:19:01'),
(552,	371,	43,	7,	2,	'2017-03-24 05:19:01',	'2017-03-24 05:19:01'),
(553,	387,	43,	7,	1,	'2017-03-24 05:19:01',	'2017-03-24 05:19:01'),
(554,	388,	43,	7,	1,	'2017-03-24 05:19:01',	'2017-03-24 05:19:01'),
(555,	389,	43,	7,	1,	'2017-03-24 05:19:01',	'2017-03-24 05:19:01'),
(556,	393,	43,	7,	1,	'2017-03-24 05:19:01',	'2017-03-24 05:19:01'),
(557,	394,	43,	7,	1,	'2017-03-24 05:19:01',	'2017-03-24 05:19:01'),
(558,	395,	43,	7,	1,	'2017-03-24 05:19:01',	'2017-03-24 05:19:01'),
(559,	396,	43,	7,	1,	'2017-03-24 05:19:01',	'2017-03-24 05:19:01'),
(560,	397,	43,	7,	1,	'2017-03-24 05:19:01',	'2017-03-24 05:19:01'),
(561,	398,	43,	7,	1,	'2017-03-24 05:19:01',	'2017-03-24 05:19:01'),
(562,	399,	43,	7,	1,	'2017-03-24 05:19:01',	'2017-03-24 05:19:01'),
(563,	400,	43,	7,	1,	'2017-03-24 05:19:01',	'2017-03-24 05:19:01'),
(564,	401,	43,	7,	1,	'2017-03-24 05:19:01',	'2017-03-24 05:19:01'),
(565,	390,	43,	7,	2,	'2017-03-24 05:19:01',	'2017-03-24 05:19:01'),
(566,	391,	43,	7,	2,	'2017-03-24 05:19:01',	'2017-03-24 05:19:01'),
(567,	392,	43,	7,	2,	'2017-03-24 05:19:01',	'2017-03-24 05:19:01'),
(568,	404,	44,	8,	1,	'2017-03-24 05:21:08',	'2017-03-24 05:21:08'),
(569,	405,	44,	8,	1,	'2017-03-24 05:21:08',	'2017-03-24 05:21:08'),
(570,	406,	44,	8,	1,	'2017-03-24 05:21:08',	'2017-03-24 05:21:08'),
(571,	407,	44,	8,	1,	'2017-03-24 05:21:08',	'2017-03-24 05:21:08'),
(572,	409,	44,	8,	1,	'2017-03-24 05:21:08',	'2017-03-24 05:21:08'),
(573,	410,	44,	8,	1,	'2017-03-24 05:21:08',	'2017-03-24 05:21:08'),
(574,	411,	44,	8,	1,	'2017-03-24 05:21:08',	'2017-03-24 05:21:08'),
(575,	412,	44,	8,	1,	'2017-03-24 05:21:08',	'2017-03-24 05:21:08'),
(576,	413,	44,	8,	1,	'2017-03-24 05:21:08',	'2017-03-24 05:21:08'),
(577,	414,	44,	8,	1,	'2017-03-24 05:21:08',	'2017-03-24 05:21:08'),
(578,	415,	44,	8,	1,	'2017-03-24 05:21:08',	'2017-03-24 05:21:08'),
(579,	416,	44,	8,	1,	'2017-03-24 05:21:08',	'2017-03-24 05:21:08'),
(580,	417,	44,	8,	1,	'2017-03-24 05:21:08',	'2017-03-24 05:21:08'),
(581,	403,	44,	8,	2,	'2017-03-24 05:21:08',	'2017-03-24 05:21:08'),
(582,	402,	44,	8,	2,	'2017-03-24 05:21:08',	'2017-03-24 05:21:08'),
(583,	408,	44,	8,	2,	'2017-03-24 05:21:08',	'2017-03-24 05:21:08'),
(584,	418,	44,	8,	1,	'2017-03-24 05:21:08',	'2017-03-24 05:21:08'),
(585,	419,	44,	8,	1,	'2017-03-24 05:21:08',	'2017-03-24 05:21:08'),
(586,	420,	44,	8,	1,	'2017-03-24 05:21:08',	'2017-03-24 05:21:08'),
(587,	421,	44,	8,	1,	'2017-03-24 05:21:08',	'2017-03-24 05:21:08'),
(588,	422,	44,	8,	1,	'2017-03-24 05:21:08',	'2017-03-24 05:21:08'),
(589,	423,	44,	8,	1,	'2017-03-24 05:21:08',	'2017-03-24 05:21:08'),
(590,	424,	44,	8,	1,	'2017-03-24 05:21:08',	'2017-03-24 05:21:08'),
(591,	425,	44,	8,	1,	'2017-03-24 05:21:08',	'2017-03-24 05:21:08'),
(592,	426,	44,	8,	1,	'2017-03-24 05:21:08',	'2017-03-24 05:21:08'),
(593,	427,	44,	8,	1,	'2017-03-24 05:21:08',	'2017-03-24 05:21:08'),
(594,	428,	44,	8,	1,	'2017-03-24 05:21:08',	'2017-03-24 05:21:08'),
(595,	429,	44,	8,	1,	'2017-03-24 05:21:08',	'2017-03-24 05:21:08'),
(596,	430,	44,	8,	1,	'2017-03-24 05:21:08',	'2017-03-24 05:21:08'),
(597,	431,	44,	8,	1,	'2017-03-24 05:21:08',	'2017-03-24 05:21:08'),
(598,	434,	44,	8,	1,	'2017-03-24 05:21:08',	'2017-03-24 05:21:08'),
(599,	435,	44,	8,	1,	'2017-03-24 05:21:08',	'2017-03-24 05:21:08'),
(600,	438,	44,	8,	1,	'2017-03-24 05:21:08',	'2017-03-24 05:21:08'),
(601,	437,	44,	8,	0,	'2017-03-24 05:21:08',	'2017-03-24 05:21:08'),
(602,	439,	44,	8,	0,	'2017-03-24 05:21:08',	'2017-03-24 05:21:08'),
(603,	436,	44,	8,	0,	'2017-03-24 05:21:08',	'2017-03-24 05:21:08'),
(604,	432,	44,	8,	2,	'2017-03-24 05:21:08',	'2017-03-24 05:21:08'),
(605,	433,	44,	8,	2,	'2017-03-24 05:21:08',	'2017-03-24 05:21:08'),
(606,	440,	44,	8,	1,	'2017-03-24 05:21:08',	'2017-03-24 05:21:08'),
(607,	441,	44,	8,	1,	'2017-03-24 05:21:08',	'2017-03-24 05:21:08'),
(608,	442,	44,	8,	1,	'2017-03-24 05:21:08',	'2017-03-24 05:21:08'),
(609,	443,	44,	8,	1,	'2017-03-24 05:21:08',	'2017-03-24 05:21:08'),
(610,	444,	44,	8,	1,	'2017-03-24 05:21:08',	'2017-03-24 05:21:08'),
(611,	445,	44,	8,	1,	'2017-03-24 05:21:08',	'2017-03-24 05:21:08'),
(612,	446,	44,	8,	1,	'2017-03-24 05:21:08',	'2017-03-24 05:21:08'),
(613,	447,	44,	8,	1,	'2017-03-24 05:21:08',	'2017-03-24 05:21:08'),
(614,	450,	44,	8,	1,	'2017-03-24 05:21:08',	'2017-03-24 05:21:08'),
(615,	451,	44,	8,	1,	'2017-03-24 05:21:08',	'2017-03-24 05:21:08'),
(616,	452,	44,	8,	1,	'2017-03-24 05:21:08',	'2017-03-24 05:21:08'),
(617,	453,	44,	8,	1,	'2017-03-24 05:21:08',	'2017-03-24 05:21:08'),
(618,	454,	44,	8,	1,	'2017-03-24 05:21:08',	'2017-03-24 05:21:08'),
(619,	455,	44,	8,	1,	'2017-03-24 05:21:08',	'2017-03-24 05:21:08'),
(620,	448,	44,	8,	2,	'2017-03-24 05:21:08',	'2017-03-24 05:21:08'),
(621,	449,	44,	8,	2,	'2017-03-24 05:21:08',	'2017-03-24 05:21:08'),
(622,	457,	44,	8,	1,	'2017-03-24 05:21:08',	'2017-03-24 05:21:08'),
(623,	458,	44,	8,	1,	'2017-03-24 05:21:08',	'2017-03-24 05:21:08'),
(624,	459,	44,	8,	1,	'2017-03-24 05:21:08',	'2017-03-24 05:21:08'),
(625,	460,	44,	8,	1,	'2017-03-24 05:21:08',	'2017-03-24 05:21:08'),
(626,	461,	44,	8,	1,	'2017-03-24 05:21:08',	'2017-03-24 05:21:08'),
(627,	462,	44,	8,	1,	'2017-03-24 05:21:08',	'2017-03-24 05:21:08'),
(628,	463,	44,	8,	1,	'2017-03-24 05:21:08',	'2017-03-24 05:21:08'),
(629,	464,	44,	8,	1,	'2017-03-24 05:21:08',	'2017-03-24 05:21:08'),
(630,	465,	44,	8,	1,	'2017-03-24 05:21:08',	'2017-03-24 05:21:08'),
(631,	468,	44,	8,	1,	'2017-03-24 05:21:08',	'2017-03-24 05:21:08'),
(632,	470,	44,	8,	1,	'2017-03-24 05:21:08',	'2017-03-24 05:21:08'),
(633,	467,	44,	8,	2,	'2017-03-24 05:21:08',	'2017-03-24 05:21:08'),
(634,	456,	44,	8,	2,	'2017-03-24 05:21:08',	'2017-03-24 05:21:08'),
(635,	469,	44,	8,	2,	'2017-03-24 05:21:08',	'2017-03-24 05:21:08'),
(636,	466,	44,	8,	2,	'2017-03-24 05:21:08',	'2017-03-24 05:21:08'),
(637,	472,	45,	9,	1,	'2017-03-24 05:22:45',	'2017-03-24 05:22:45'),
(638,	476,	45,	9,	1,	'2017-03-24 05:22:45',	'2017-03-24 05:22:45'),
(639,	477,	45,	9,	1,	'2017-03-24 05:22:45',	'2017-03-24 05:22:45'),
(640,	478,	45,	9,	1,	'2017-03-24 05:22:45',	'2017-03-24 05:22:45'),
(641,	479,	45,	9,	1,	'2017-03-24 05:22:45',	'2017-03-24 05:22:45'),
(642,	480,	45,	9,	1,	'2017-03-24 05:22:45',	'2017-03-24 05:22:45'),
(643,	471,	45,	9,	2,	'2017-03-24 05:22:45',	'2017-03-24 05:22:45'),
(644,	473,	45,	9,	2,	'2017-03-24 05:22:45',	'2017-03-24 05:22:45'),
(645,	475,	45,	9,	2,	'2017-03-24 05:22:45',	'2017-03-24 05:22:45'),
(646,	474,	45,	9,	2,	'2017-03-24 05:22:45',	'2017-03-24 05:22:45'),
(647,	482,	46,	10,	1,	'2017-03-24 05:24:08',	'2017-03-24 05:24:08'),
(648,	484,	46,	10,	1,	'2017-03-24 05:24:08',	'2017-03-24 05:24:08'),
(649,	485,	46,	10,	1,	'2017-03-24 05:24:08',	'2017-03-24 05:24:08'),
(650,	486,	46,	10,	1,	'2017-03-24 05:24:08',	'2017-03-24 05:24:08'),
(651,	487,	46,	10,	1,	'2017-03-24 05:24:08',	'2017-03-24 05:24:08'),
(652,	489,	46,	10,	1,	'2017-03-24 05:24:08',	'2017-03-24 05:24:08'),
(653,	490,	46,	10,	1,	'2017-03-24 05:24:08',	'2017-03-24 05:24:08'),
(654,	481,	46,	10,	2,	'2017-03-24 05:24:08',	'2017-03-24 05:24:08'),
(655,	483,	46,	10,	2,	'2017-03-24 05:24:08',	'2017-03-24 05:24:08'),
(656,	488,	46,	10,	2,	'2017-03-24 05:24:08',	'2017-03-24 05:24:08'),
(657,	491,	46,	10,	1,	'2017-03-24 05:24:08',	'2017-03-24 05:24:08'),
(658,	492,	46,	10,	1,	'2017-03-24 05:24:08',	'2017-03-24 05:24:08'),
(659,	493,	46,	10,	1,	'2017-03-24 05:24:08',	'2017-03-24 05:24:08'),
(660,	494,	46,	10,	1,	'2017-03-24 05:24:08',	'2017-03-24 05:24:08'),
(661,	495,	46,	10,	1,	'2017-03-24 05:24:08',	'2017-03-24 05:24:08'),
(662,	496,	46,	10,	1,	'2017-03-24 05:24:08',	'2017-03-24 05:24:08'),
(663,	497,	46,	10,	1,	'2017-03-24 05:24:08',	'2017-03-24 05:24:08'),
(664,	498,	46,	10,	1,	'2017-03-24 05:24:08',	'2017-03-24 05:24:08'),
(665,	499,	46,	10,	1,	'2017-03-24 05:24:08',	'2017-03-24 05:24:08'),
(666,	502,	46,	10,	1,	'2017-03-24 05:24:08',	'2017-03-24 05:24:08'),
(667,	503,	46,	10,	1,	'2017-03-24 05:24:08',	'2017-03-24 05:24:08'),
(668,	504,	46,	10,	1,	'2017-03-24 05:24:08',	'2017-03-24 05:24:08'),
(669,	501,	46,	10,	2,	'2017-03-24 05:24:08',	'2017-03-24 05:24:08'),
(670,	500,	46,	10,	2,	'2017-03-24 05:24:08',	'2017-03-24 05:24:08');

TRUNCATE `hole_modifications`;
INSERT INTO `hole_modifications` (`id`, `type_id`, `hole_id`, `ir_id`, `part_id`, `comment`, `created_at`, `updated_at`) VALUES
(8,	1,	16,	8,	1,	NULL,	'2017-03-23 10:42:41',	'2017-03-23 10:42:41'),
(9,	3,	17,	8,	1,	NULL,	'2017-03-23 10:42:41',	'2017-03-23 10:42:41'),
(10,	3,	47,	8,	1,	NULL,	'2017-03-23 10:42:41',	'2017-03-23 10:42:41'),
(11,	4,	70,	8,	1,	NULL,	'2017-03-23 10:42:41',	'2017-03-23 10:42:41'),
(12,	4,	98,	8,	1,	NULL,	'2017-03-23 10:42:41',	'2017-03-23 10:42:41'),
(13,	4,	99,	8,	1,	NULL,	'2017-03-23 10:42:41',	'2017-03-23 10:42:41'),
(14,	3,	114,	8,	1,	NULL,	'2017-03-23 10:42:41',	'2017-03-23 10:42:41'),
(15,	4,	115,	8,	1,	NULL,	'2017-03-23 10:42:41',	'2017-03-23 10:42:41'),
(16,	6,	148,	9,	2,	NULL,	'2017-03-23 10:42:41',	'2017-03-23 10:42:41'),
(17,	6,	149,	9,	2,	NULL,	'2017-03-23 10:42:41',	'2017-03-23 10:42:41'),
(149,	6,	182,	47,	3,	NULL,	'2017-03-24 05:31:43',	'2017-03-24 05:31:43'),
(150,	6,	183,	47,	3,	NULL,	'2017-03-24 05:31:43',	'2017-03-24 05:31:43'),
(151,	6,	186,	47,	3,	NULL,	'2017-03-24 05:31:43',	'2017-03-24 05:31:43'),
(152,	6,	214,	47,	3,	NULL,	'2017-03-24 05:31:43',	'2017-03-24 05:31:43'),
(153,	6,	215,	47,	3,	NULL,	'2017-03-24 05:31:43',	'2017-03-24 05:31:43'),
(154,	6,	233,	47,	3,	NULL,	'2017-03-24 05:31:43',	'2017-03-24 05:31:43'),
(155,	6,	234,	47,	3,	NULL,	'2017-03-24 05:31:43',	'2017-03-24 05:31:43'),
(156,	6,	235,	47,	3,	NULL,	'2017-03-24 05:31:43',	'2017-03-24 05:31:43'),
(157,	6,	236,	47,	3,	NULL,	'2017-03-24 05:31:43',	'2017-03-24 05:31:43'),
(158,	4,	251,	47,	3,	NULL,	'2017-03-24 05:31:43',	'2017-03-24 05:31:43'),
(159,	6,	252,	47,	3,	NULL,	'2017-03-24 05:31:43',	'2017-03-24 05:31:43'),
(160,	6,	264,	47,	3,	NULL,	'2017-03-24 05:31:43',	'2017-03-24 05:31:43'),
(161,	6,	265,	47,	3,	NULL,	'2017-03-24 05:31:43',	'2017-03-24 05:31:43'),
(162,	4,	281,	47,	3,	NULL,	'2017-03-24 05:31:43',	'2017-03-24 05:31:43'),
(163,	6,	296,	47,	3,	NULL,	'2017-03-24 05:31:43',	'2017-03-24 05:31:43'),
(164,	6,	297,	47,	3,	NULL,	'2017-03-24 05:31:43',	'2017-03-24 05:31:43'),
(175,	6,	314,	48,	5,	NULL,	'2017-03-24 05:45:28',	'2017-03-24 05:45:28'),
(176,	4,	315,	48,	5,	NULL,	'2017-03-24 05:45:28',	'2017-03-24 05:45:28'),
(177,	6,	330,	48,	5,	NULL,	'2017-03-24 05:45:28',	'2017-03-24 05:45:28'),
(178,	6,	331,	48,	5,	NULL,	'2017-03-24 05:45:28',	'2017-03-24 05:45:28'),
(179,	6,	332,	48,	5,	NULL,	'2017-03-24 05:45:28',	'2017-03-24 05:45:28'),
(180,	1,	348,	49,	4,	NULL,	'2017-03-24 05:47:30',	'2017-03-24 05:47:30'),
(181,	1,	349,	49,	4,	NULL,	'2017-03-24 05:47:30',	'2017-03-24 05:47:30'),
(182,	1,	380,	49,	4,	NULL,	'2017-03-24 05:47:30',	'2017-03-24 05:47:30'),
(183,	1,	381,	49,	4,	NULL,	'2017-03-24 05:47:30',	'2017-03-24 05:47:30'),
(184,	1,	430,	49,	4,	NULL,	'2017-03-24 05:47:30',	'2017-03-24 05:47:30'),
(185,	1,	431,	49,	4,	NULL,	'2017-03-24 05:47:30',	'2017-03-24 05:47:30'),
(186,	1,	447,	49,	4,	NULL,	'2017-03-24 05:47:30',	'2017-03-24 05:47:30'),
(187,	2,	463,	49,	4,	NULL,	'2017-03-24 05:47:30',	'2017-03-24 05:47:30'),
(193,	3,	479,	50,	6,	NULL,	'2017-03-24 05:48:19',	'2017-03-24 05:48:19'),
(194,	2,	480,	50,	6,	NULL,	'2017-03-24 05:48:19',	'2017-03-24 05:48:19'),
(195,	2,	481,	50,	6,	NULL,	'2017-03-24 05:48:19',	'2017-03-24 05:48:19'),
(196,	2,	497,	50,	6,	NULL,	'2017-03-24 05:48:19',	'2017-03-24 05:48:19'),
(197,	2,	498,	50,	6,	NULL,	'2017-03-24 05:48:19',	'2017-03-24 05:48:19'),
(209,	6,	511,	51,	7,	NULL,	'2017-03-24 05:53:32',	'2017-03-24 05:53:32'),
(210,	6,	512,	51,	7,	NULL,	'2017-03-24 05:53:32',	'2017-03-24 05:53:32'),
(211,	6,	513,	51,	7,	NULL,	'2017-03-24 05:53:32',	'2017-03-24 05:53:32'),
(212,	6,	514,	51,	7,	NULL,	'2017-03-24 05:53:32',	'2017-03-24 05:53:32'),
(213,	6,	531,	51,	7,	NULL,	'2017-03-24 05:53:32',	'2017-03-24 05:53:32'),
(214,	6,	532,	51,	7,	NULL,	'2017-03-24 05:53:32',	'2017-03-24 05:53:32'),
(215,	6,	551,	51,	7,	NULL,	'2017-03-24 05:53:32',	'2017-03-24 05:53:32'),
(216,	6,	552,	51,	7,	NULL,	'2017-03-24 05:53:32',	'2017-03-24 05:53:32'),
(217,	6,	565,	51,	7,	NULL,	'2017-03-24 05:53:32',	'2017-03-24 05:53:32'),
(218,	6,	566,	51,	7,	NULL,	'2017-03-24 05:53:32',	'2017-03-24 05:53:32'),
(219,	6,	567,	51,	7,	NULL,	'2017-03-24 05:53:32',	'2017-03-24 05:53:32'),
(251,	3,	581,	53,	8,	NULL,	'2017-03-24 05:59:05',	'2017-03-24 05:59:05'),
(252,	2,	582,	53,	8,	NULL,	'2017-03-24 05:59:05',	'2017-03-24 05:59:05'),
(253,	2,	583,	53,	8,	NULL,	'2017-03-24 05:59:05',	'2017-03-24 05:59:05'),
(254,	2,	604,	53,	8,	NULL,	'2017-03-24 05:59:05',	'2017-03-24 05:59:05'),
(255,	2,	605,	53,	8,	NULL,	'2017-03-24 05:59:05',	'2017-03-24 05:59:05'),
(256,	2,	620,	53,	8,	NULL,	'2017-03-24 05:59:05',	'2017-03-24 05:59:05'),
(257,	2,	621,	53,	8,	NULL,	'2017-03-24 05:59:05',	'2017-03-24 05:59:05'),
(258,	2,	633,	53,	8,	NULL,	'2017-03-24 05:59:05',	'2017-03-24 05:59:05'),
(259,	2,	634,	53,	8,	NULL,	'2017-03-24 05:59:05',	'2017-03-24 05:59:05'),
(260,	2,	635,	53,	8,	NULL,	'2017-03-24 05:59:05',	'2017-03-24 05:59:05'),
(261,	4,	636,	53,	8,	NULL,	'2017-03-24 05:59:05',	'2017-03-24 05:59:05'),
(266,	2,	643,	55,	9,	NULL,	'2017-03-24 06:03:42',	'2017-03-24 06:03:42'),
(267,	2,	644,	55,	9,	NULL,	'2017-03-24 06:03:42',	'2017-03-24 06:03:42'),
(268,	2,	645,	55,	9,	NULL,	'2017-03-24 06:03:42',	'2017-03-24 06:03:42'),
(269,	2,	646,	55,	9,	NULL,	'2017-03-24 06:03:42',	'2017-03-24 06:03:42'),
(275,	1,	654,	56,	10,	NULL,	'2017-03-24 06:05:03',	'2017-03-24 06:05:03'),
(276,	1,	655,	56,	10,	NULL,	'2017-03-24 06:05:03',	'2017-03-24 06:05:03'),
(277,	4,	656,	56,	10,	NULL,	'2017-03-24 06:05:03',	'2017-03-24 06:05:03'),
(278,	2,	669,	56,	10,	NULL,	'2017-03-24 06:05:03',	'2017-03-24 06:05:03'),
(279,	2,	670,	56,	10,	NULL,	'2017-03-24 06:05:03',	'2017-03-24 06:05:03');

TRUNCATE `hole_modification_types`;
INSERT INTO `hole_modification_types` (`id`, `name`, `label`, `status`, `created_at`, `updated_at`) VALUES
(1,	'削り',	1,	1,	'2017-03-23 06:40:13',	'2017-03-23 06:40:13'),
(2,	'除去',	2,	1,	'2017-03-23 06:40:13',	'2017-03-23 06:40:13'),
(3,	'樹脂盛り',	3,	1,	'2017-03-23 06:40:13',	'2017-03-23 06:40:13'),
(4,	'伸縮防止',	4,	1,	'2017-03-23 06:40:13',	'2017-03-23 06:40:13'),
(5,	'かしめ直し',	5,	1,	'2017-03-23 06:40:13',	'2017-03-23 06:40:13'),
(6,	'その他',	99,	1,	'2017-03-23 06:40:13',	'2017-03-23 06:40:13');

TRUNCATE `hole_types`;
INSERT INTO `hole_types` (`id`, `x`, `y`, `label`, `direction`, `shape`, `border`, `color`, `pt_pn`, `figure_id`, `status`, `created_at`, `updated_at`) VALUES
(1,	180,	473,	1,	'right',	'square',	'solid',	'95CDDC',	6714111020,	48,	1,	'2017-03-23 06:40:13',	'2017-03-23 06:40:13'),
(2,	183,	542,	2,	'right',	'square',	'solid',	'95CDDC',	6714111020,	48,	1,	'2017-03-23 06:40:13',	'2017-03-23 06:40:13'),
(3,	273,	267,	3,	'top',	'square',	'solid',	'95CDDC',	6714111020,	48,	1,	'2017-03-23 06:40:13',	'2017-03-23 06:40:13'),
(4,	137,	307,	4,	'left',	'square',	'solid',	'95CDDC',	6714111020,	48,	1,	'2017-03-23 06:40:13',	'2017-03-23 06:40:13'),
(5,	134,	483,	5,	'top',	'square',	'solid',	'95CDDC',	6714111020,	48,	1,	'2017-03-23 06:40:13',	'2017-03-23 06:40:13'),
(6,	127,	518,	6,	'left',	'square',	'solid',	'95CDDC',	6714111020,	48,	1,	'2017-03-23 06:40:13',	'2017-03-23 06:40:13'),
(7,	127,	595,	7,	'left',	'square',	'solid',	'95CDDC',	6714111020,	48,	1,	'2017-03-23 06:40:13',	'2017-03-23 06:40:13'),
(8,	133,	627,	8,	'bottom',	'square',	'solid',	'95CDDC',	6714111020,	48,	1,	'2017-03-23 06:40:13',	'2017-03-23 06:40:13'),
(9,	185,	852,	9,	'bottom',	'square',	'solid',	'95CDDC',	6714111020,	48,	1,	'2017-03-23 06:40:13',	'2017-03-23 06:40:13'),
(10,	453,	875,	10,	'bottom',	'square',	'solid',	'95CDDC',	6714111020,	48,	1,	'2017-03-23 06:40:13',	'2017-03-23 06:40:13'),
(11,	727,	869,	11,	'bottom',	'square',	'solid',	'95CDDC',	6714111020,	48,	1,	'2017-03-23 06:40:13',	'2017-03-23 06:40:13'),
(12,	1002,	865,	12,	'bottom',	'square',	'solid',	'95CDDC',	6714111020,	48,	1,	'2017-03-23 06:40:13',	'2017-03-23 06:40:13'),
(13,	1330,	795,	13,	'bottom',	'square',	'solid',	'95CDDC',	6714111020,	48,	1,	'2017-03-23 06:40:13',	'2017-03-23 06:40:13'),
(14,	1458,	679,	14,	'right',	'square',	'solid',	'95CDDC',	6714111020,	48,	1,	'2017-03-23 06:40:13',	'2017-03-23 06:40:13'),
(15,	1548,	532,	15,	'right',	'square',	'solid',	'95CDDC',	6714111020,	48,	1,	'2017-03-23 06:40:13',	'2017-03-23 06:40:13'),
(16,	1581,	361,	16,	'right',	'square',	'solid',	'95CDDC',	6714111020,	48,	1,	'2017-03-23 06:40:13',	'2017-03-23 06:40:13'),
(17,	1581,	247,	17,	'right',	'square',	'solid',	'95CDDC',	6714111020,	48,	1,	'2017-03-23 06:40:13',	'2017-03-23 06:40:13'),
(18,	217,	274,	18,	'right',	'square',	'solid',	'B3A3C6',	6714111020,	49,	1,	'2017-03-23 06:40:13',	'2017-03-23 06:40:13'),
(19,	208,	325,	19,	'right',	'square',	'solid',	'B3A3C6',	6714111020,	49,	1,	'2017-03-23 06:40:13',	'2017-03-23 06:40:13'),
(20,	1418,	239,	20,	'top',	'square',	'solid',	'B3A3C6',	6714111020,	49,	1,	'2017-03-23 06:40:13',	'2017-03-23 06:40:13'),
(21,	1590,	218,	21,	'top',	'square',	'solid',	'B3A3C6',	6714111020,	49,	1,	'2017-03-23 06:40:13',	'2017-03-23 06:40:13'),
(22,	166,	262,	22,	'top',	'square',	'solid',	'C3D59E',	6714111020,	49,	1,	'2017-03-23 06:40:13',	'2017-03-23 06:40:13'),
(23,	149,	305,	23,	'left',	'square',	'solid',	'D89695',	6714111020,	49,	1,	'2017-03-23 06:40:13',	'2017-03-23 06:40:13'),
(24,	164,	372,	24,	'left',	'square',	'solid',	'D89695',	6714111020,	49,	1,	'2017-03-23 06:40:13',	'2017-03-23 06:40:13'),
(25,	151,	452,	25,	'left',	'square',	'solid',	'D89695',	6714111020,	49,	1,	'2017-03-23 06:40:13',	'2017-03-23 06:40:13'),
(26,	168,	560,	26,	'left',	'square',	'solid',	'D89695',	6714111020,	49,	1,	'2017-03-23 06:40:13',	'2017-03-23 06:40:13'),
(27,	168,	700,	27,	'left',	'square',	'solid',	'D89695',	6714111020,	49,	1,	'2017-03-23 06:40:13',	'2017-03-23 06:40:13'),
(28,	205,	796,	28,	'left',	'square',	'solid',	'D89695',	6714111020,	49,	1,	'2017-03-23 06:40:13',	'2017-03-23 06:40:13'),
(29,	240,	773,	29,	'top',	'square',	'solid',	'938957',	6714111020,	49,	1,	'2017-03-23 06:40:13',	'2017-03-23 06:40:13'),
(30,	283,	791,	30,	'top',	'square',	'solid',	'938957',	6714111020,	49,	1,	'2017-03-23 06:40:13',	'2017-03-23 06:40:13'),
(31,	386,	799,	31,	'top',	'square',	'solid',	'938957',	6714111020,	49,	1,	'2017-03-23 06:40:13',	'2017-03-23 06:40:13'),
(32,	536,	800,	32,	'top',	'square',	'solid',	'938957',	6714111020,	49,	1,	'2017-03-23 06:40:13',	'2017-03-23 06:40:13'),
(33,	685,	800,	33,	'top',	'square',	'solid',	'938957',	6714111020,	49,	1,	'2017-03-23 06:40:13',	'2017-03-23 06:40:13'),
(34,	835,	800,	34,	'top',	'square',	'solid',	'938957',	6714111020,	49,	1,	'2017-03-23 06:40:13',	'2017-03-23 06:40:13'),
(35,	984,	800,	35,	'top',	'square',	'solid',	'938957',	6714111020,	49,	1,	'2017-03-23 06:40:13',	'2017-03-23 06:40:13'),
(36,	1134,	800,	36,	'top',	'square',	'solid',	'938957',	6714111020,	49,	1,	'2017-03-23 06:40:13',	'2017-03-23 06:40:13'),
(37,	1202,	800,	37,	'top',	'square',	'solid',	'938957',	6714111020,	49,	1,	'2017-03-23 06:40:13',	'2017-03-23 06:40:13'),
(38,	272,	840,	38,	'bottom',	'square',	'solid',	'938957',	6714111020,	49,	1,	'2017-03-23 06:40:13',	'2017-03-23 06:40:13'),
(39,	460,	840,	39,	'bottom',	'square',	'solid',	'938957',	6714111020,	49,	1,	'2017-03-23 06:40:13',	'2017-03-23 06:40:13'),
(40,	591,	833,	40,	'bottom',	'square',	'solid',	'938957',	6714111020,	49,	1,	'2017-03-23 06:40:13',	'2017-03-23 06:40:13'),
(41,	751,	833,	41,	'bottom',	'square',	'solid',	'938957',	6714111020,	49,	1,	'2017-03-23 06:40:13',	'2017-03-23 06:40:13'),
(42,	908,	833,	42,	'bottom',	'square',	'solid',	'938957',	6714111020,	49,	1,	'2017-03-23 06:40:13',	'2017-03-23 06:40:13'),
(43,	1024,	833,	43,	'bottom',	'square',	'solid',	'938957',	6714111020,	49,	1,	'2017-03-23 06:40:13',	'2017-03-23 06:40:13'),
(44,	1179,	823,	44,	'bottom',	'square',	'solid',	'938957',	6714111020,	49,	1,	'2017-03-23 06:40:13',	'2017-03-23 06:40:13'),
(45,	1328,	745,	45,	'right',	'square',	'solid',	'938957',	6714111020,	49,	1,	'2017-03-23 06:40:13',	'2017-03-23 06:40:13'),
(46,	1411,	663,	46,	'right',	'square',	'solid',	'938957',	6714111020,	49,	1,	'2017-03-23 06:40:13',	'2017-03-23 06:40:13'),
(47,	1501,	531,	47,	'right',	'square',	'solid',	'938957',	6714111020,	49,	1,	'2017-03-23 06:40:13',	'2017-03-23 06:40:13'),
(48,	1533,	385,	48,	'right',	'square',	'solid',	'938957',	6714111020,	49,	1,	'2017-03-23 06:40:13',	'2017-03-23 06:40:13'),
(49,	1536,	291,	49,	'right',	'square',	'solid',	'938957',	6714111020,	49,	1,	'2017-03-23 06:40:13',	'2017-03-23 06:40:13'),
(50,	250,	243,	50,	'top',	'square',	'solid',	'E26C22',	6714111020,	50,	1,	'2017-03-23 06:40:13',	'2017-03-23 06:40:13'),
(51,	358,	245,	51,	'top',	'square',	'solid',	'E26C22',	6714111020,	50,	1,	'2017-03-23 06:40:13',	'2017-03-23 06:40:13'),
(52,	556,	233,	52,	'top',	'square',	'solid',	'E26C22',	6714111020,	50,	1,	'2017-03-23 06:40:13',	'2017-03-23 06:40:13'),
(53,	766,	220,	53,	'top',	'square',	'solid',	'E26C22',	6714111020,	50,	1,	'2017-03-23 06:40:13',	'2017-03-23 06:40:13'),
(54,	958,	212,	54,	'top',	'square',	'solid',	'E26C22',	6714111020,	50,	1,	'2017-03-23 06:40:13',	'2017-03-23 06:40:13'),
(55,	1140,	202,	55,	'top',	'square',	'solid',	'E26C22',	6714111020,	50,	1,	'2017-03-23 06:40:13',	'2017-03-23 06:40:13'),
(56,	1317,	193,	56,	'top',	'square',	'solid',	'E26C22',	6714111020,	50,	1,	'2017-03-23 06:40:13',	'2017-03-23 06:40:13'),
(57,	1445,	187,	57,	'top',	'square',	'solid',	'E26C22',	6714111020,	50,	1,	'2017-03-23 06:40:13',	'2017-03-23 06:40:13'),
(58,	243,	404,	58,	'top',	'square',	'solid',	'E26C22',	6714111020,	50,	1,	'2017-03-23 06:40:13',	'2017-03-23 06:40:13'),
(59,	404,	393,	59,	'top',	'square',	'solid',	'E26C22',	6714111020,	50,	1,	'2017-03-23 06:40:13',	'2017-03-23 06:40:13'),
(60,	612,	379,	60,	'top',	'square',	'solid',	'E26C22',	6714111020,	50,	1,	'2017-03-23 06:40:13',	'2017-03-23 06:40:13'),
(61,	742,	369,	61,	'top',	'square',	'solid',	'E26C22',	6714111020,	50,	1,	'2017-03-23 06:40:13',	'2017-03-23 06:40:13'),
(62,	902,	360,	62,	'top',	'square',	'solid',	'E26C22',	6714111020,	50,	1,	'2017-03-23 06:40:13',	'2017-03-23 06:40:13'),
(63,	1117,	348,	63,	'top',	'square',	'solid',	'E26C22',	6714111020,	50,	1,	'2017-03-23 06:40:13',	'2017-03-23 06:40:13'),
(64,	1270,	341,	64,	'top',	'square',	'solid',	'E26C22',	6714111020,	50,	1,	'2017-03-23 06:40:13',	'2017-03-23 06:40:13'),
(65,	1450,	337,	65,	'top',	'square',	'solid',	'E26C22',	6714111020,	50,	1,	'2017-03-23 06:40:13',	'2017-03-23 06:40:13'),
(66,	1533,	249,	66,	'right',	'square',	'solid',	'36859A',	6714111020,	50,	1,	'2017-03-23 06:40:13',	'2017-03-23 06:40:13'),
(67,	1414,	427,	67,	'right',	'square',	'solid',	'36859A',	6714111020,	50,	1,	'2017-03-23 06:40:13',	'2017-03-23 06:40:13'),
(68,	1394,	473,	68,	'right',	'square',	'solid',	'36859A',	6714111020,	50,	1,	'2017-03-23 06:40:13',	'2017-03-23 06:40:13'),
(69,	216,	436,	69,	'left',	'square',	'solid',	'604B7A',	6714111020,	50,	1,	'2017-03-23 06:40:13',	'2017-03-23 06:40:13'),
(70,	216,	526,	70,	'left',	'square',	'solid',	'604B7A',	6714111020,	50,	1,	'2017-03-23 06:40:13',	'2017-03-23 06:40:13'),
(71,	246,	279,	71,	'top',	'square',	'solid',	'779242',	6714111020,	51,	1,	'2017-03-23 06:40:13',	'2017-03-23 06:40:13'),
(72,	1570,	209,	72,	'top',	'square',	'solid',	'779242',	6714111020,	51,	1,	'2017-03-23 06:40:13',	'2017-03-23 06:40:13'),
(73,	208,	646,	73,	'left',	'square',	'solid',	'779242',	6714111020,	51,	1,	'2017-03-23 06:40:13',	'2017-03-23 06:40:13'),
(74,	265,	351,	74,	'right',	'square',	'solid',	'933837',	6714111020,	51,	1,	'2017-03-23 06:40:13',	'2017-03-23 06:40:13'),
(75,	1208,	275,	75,	'top',	'square',	'solid',	'933837',	6714111020,	51,	1,	'2017-03-23 06:40:13',	'2017-03-23 06:40:13'),
(76,	239,	317,	76,	'left',	'square',	'solid',	'FFFD38',	6714111020,	51,	1,	'2017-03-23 06:40:13',	'2017-03-23 06:40:13'),
(77,	226,	373,	77,	'left',	'square',	'solid',	'FFFD38',	6714111020,	51,	1,	'2017-03-23 06:40:13',	'2017-03-23 06:40:13'),
(78,	217,	698,	78,	'left',	'square',	'solid',	'FFFD38',	6714111020,	51,	1,	'2017-03-23 06:40:13',	'2017-03-23 06:40:13'),
(79,	378,	418,	79,	'bottom',	'square',	'solid',	'FFFD38',	6714111020,	51,	1,	'2017-03-23 06:40:13',	'2017-03-23 06:40:13'),
(80,	522,	497,	80,	'top',	'square',	'solid',	'FFFD38',	6714111020,	51,	1,	'2017-03-23 06:40:13',	'2017-03-23 06:40:13'),
(81,	541,	755,	81,	'bottom',	'square',	'solid',	'FFFD38',	6714111020,	51,	1,	'2017-03-23 06:40:13',	'2017-03-23 06:40:13'),
(82,	802,	757,	82,	'bottom',	'square',	'solid',	'FFFD38',	6714111020,	51,	1,	'2017-03-23 06:40:13',	'2017-03-23 06:40:13'),
(83,	1051,	749,	83,	'bottom',	'square',	'solid',	'FFFD38',	6714111020,	51,	1,	'2017-03-23 06:40:13',	'2017-03-23 06:40:13'),
(84,	1305,	691,	84,	'right',	'square',	'solid',	'FFFD38',	6714111020,	51,	1,	'2017-03-23 06:40:13',	'2017-03-23 06:40:13'),
(85,	1368,	498,	85,	'right',	'square',	'solid',	'FFFD38',	6714111020,	51,	1,	'2017-03-23 06:40:13',	'2017-03-23 06:40:13'),
(86,	1415,	304,	86,	'right',	'square',	'solid',	'FFFD38',	6714111020,	51,	1,	'2017-03-23 06:40:13',	'2017-03-23 06:40:13'),
(87,	458,	510,	87,	'left',	'square',	'solid',	'FDBF2D',	6714111020,	52,	1,	'2017-03-23 06:40:13',	'2017-03-23 06:40:13'),
(88,	1093,	400,	88,	'top',	'square',	'solid',	'FDBF2D',	6714111020,	52,	1,	'2017-03-23 06:40:13',	'2017-03-23 06:40:13'),
(89,	554,	482,	89,	'top',	'square',	'solid',	'964814',	6714111020,	52,	1,	'2017-03-23 06:40:13',	'2017-03-23 06:40:13'),
(90,	561,	557,	90,	'bottom',	'square',	'solid',	'964814',	6714111020,	52,	1,	'2017-03-23 06:40:13',	'2017-03-23 06:40:13'),
(91,	755,	756,	91,	'bottom',	'square',	'solid',	'1AAF54',	6714111020,	52,	1,	'2017-03-23 06:40:13',	'2017-03-23 06:40:13'),
(92,	945,	756,	92,	'bottom',	'square',	'solid',	'1AAF54',	6714111020,	52,	1,	'2017-03-23 06:40:13',	'2017-03-23 06:40:13'),
(93,	1510,	424,	93,	'right',	'square',	'solid',	'DB0B17',	6714111020,	52,	1,	'2017-03-23 06:40:13',	'2017-03-23 06:40:13'),
(94,	1494,	489,	94,	'bottom',	'square',	'solid',	'DB0B17',	6714111020,	52,	1,	'2017-03-23 06:40:13',	'2017-03-23 06:40:13'),
(95,	1519,	469,	95,	'right',	'square',	'solid',	'DB0B17',	6714111020,	52,	1,	'2017-03-23 06:40:13',	'2017-03-23 06:40:13'),
(96,	1446,	519,	96,	'left',	'square',	'solid',	'FFFFFF',	6714111020,	52,	1,	'2017-03-23 06:40:13',	'2017-03-23 06:40:13'),
(97,	1406,	379,	97,	'top',	'square',	'solid',	'90E941',	6714111020,	52,	1,	'2017-03-23 06:40:13',	'2017-03-23 06:40:13'),
(98,	464,	443,	98,	'top',	'square',	'solid',	'B3A3C6',	6714111020,	52,	1,	'2017-03-23 06:40:13',	'2017-03-23 06:40:13'),
(99,	1122,	649,	99,	'top',	'square',	'solid',	'FBD5B7',	6714111020,	52,	1,	'2017-03-23 06:40:13',	'2017-03-23 06:40:13'),
(100,	159,	527,	100,	'left',	'square',	'solid',	'B3A3C6',	6714111020,	53,	1,	'2017-03-23 06:40:13',	'2017-03-23 06:40:13'),
(101,	159,	587,	101,	'left',	'square',	'solid',	'B3A3C6',	6714111020,	53,	1,	'2017-03-23 06:40:13',	'2017-03-23 06:40:13'),
(102,	1178,	376,	102,	'top',	'square',	'solid',	'000000',	6714111020,	53,	1,	'2017-03-23 06:40:13',	'2017-03-23 06:40:13'),
(103,	413,	501,	103,	'left',	'square',	'solid',	'F5964F',	6714111020,	53,	1,	'2017-03-23 06:40:13',	'2017-03-23 06:40:13'),
(104,	583,	466,	104,	'right',	'square',	'solid',	'F5964F',	6714111020,	53,	1,	'2017-03-23 06:40:13',	'2017-03-23 06:40:13'),
(105,	518,	308,	105,	'top',	'square',	'solid',	'FFFD38',	6714111020,	53,	1,	'2017-03-23 06:40:13',	'2017-03-23 06:40:13'),
(106,	614,	422,	106,	'top',	'square',	'solid',	'FFFD38',	6714111020,	53,	1,	'2017-03-23 06:40:13',	'2017-03-23 06:40:13'),
(107,	531,	537,	107,	'bottom',	'square',	'solid',	'FFFD38',	6714111020,	53,	1,	'2017-03-23 06:40:13',	'2017-03-23 06:40:13'),
(108,	1048,	541,	108,	'bottom',	'square',	'solid',	'FFFD38',	6714111020,	53,	1,	'2017-03-23 06:40:13',	'2017-03-23 06:40:13'),
(109,	481,	341,	109,	'left',	'square',	'solid',	'D89695',	6714111020,	53,	1,	'2017-03-23 06:40:13',	'2017-03-23 06:40:13'),
(110,	754,	511,	110,	'top',	'square',	'solid',	'D89695',	6714111020,	53,	1,	'2017-03-23 06:40:13',	'2017-03-23 06:40:13'),
(111,	727,	635,	111,	'bottom',	'square',	'solid',	'D89695',	6714111020,	53,	1,	'2017-03-23 06:40:13',	'2017-03-23 06:40:13'),
(112,	856,	608,	112,	'bottom',	'square',	'solid',	'D89695',	6714111020,	53,	1,	'2017-03-23 06:40:13',	'2017-03-23 06:40:13'),
(113,	1159,	601,	113,	'bottom',	'square',	'solid',	'D89695',	6714111020,	53,	1,	'2017-03-23 06:40:13',	'2017-03-23 06:40:13'),
(114,	1313,	508,	114,	'right',	'square',	'solid',	'D89695',	6714111020,	53,	1,	'2017-03-23 06:40:13',	'2017-03-23 06:40:13'),
(115,	1308,	382,	115,	'top',	'square',	'solid',	'D89695',	6714111020,	53,	1,	'2017-03-23 06:40:13',	'2017-03-23 06:40:13'),
(116,	1088,	382,	116,	'top',	'square',	'solid',	'29FD2F',	6714111020,	53,	1,	'2017-03-23 06:40:13',	'2017-03-23 06:40:13'),
(117,	459,	396,	117,	'top',	'square',	'solid',	'B3A3C6',	6714111020,	54,	1,	'2017-03-23 06:40:13',	'2017-03-23 06:40:13'),
(118,	497,	511,	118,	'top',	'square',	'solid',	'B3A3C6',	6714111020,	54,	1,	'2017-03-23 06:40:13',	'2017-03-23 06:40:13'),
(119,	596,	523,	119,	'top',	'square',	'solid',	'B3A3C6',	6714111020,	54,	1,	'2017-03-23 06:40:13',	'2017-03-23 06:40:13'),
(120,	630,	542,	120,	'right',	'square',	'solid',	'B3A3C6',	6714111020,	54,	1,	'2017-03-23 06:40:13',	'2017-03-23 06:40:13'),
(121,	787,	543,	121,	'top',	'square',	'solid',	'B3A3C6',	6714111020,	54,	1,	'2017-03-23 06:40:13',	'2017-03-23 06:40:13'),
(122,	249,	526,	122,	'left',	'square',	'solid',	'C7DAF0',	6714111020,	54,	1,	'2017-03-23 06:40:13',	'2017-03-23 06:40:13'),
(123,	265,	740,	123,	'left',	'square',	'solid',	'C7DAF0',	6714111020,	54,	1,	'2017-03-23 06:40:13',	'2017-03-23 06:40:13'),
(124,	498,	583,	124,	'left',	'square',	'solid',	'C7DAF0',	6714111020,	54,	1,	'2017-03-23 06:40:13',	'2017-03-23 06:40:13'),
(125,	488,	760,	125,	'bottom',	'square',	'solid',	'C7DAF0',	6714111020,	54,	1,	'2017-03-23 06:40:13',	'2017-03-23 06:40:13'),
(126,	540,	661,	126,	'bottom',	'square',	'solid',	'C3D59E',	6714111020,	54,	1,	'2017-03-23 06:40:13',	'2017-03-23 06:40:13'),
(127,	694,	605,	127,	'bottom',	'square',	'solid',	'C3D59E',	6714111020,	54,	1,	'2017-03-23 06:40:13',	'2017-03-23 06:40:13'),
(128,	1143,	401,	128,	'top',	'square',	'solid',	'D89695',	6714111020,	54,	1,	'2017-03-23 06:40:13',	'2017-03-23 06:40:13'),
(129,	1156,	541,	129,	'bottom',	'square',	'solid',	'D89695',	6714111020,	54,	1,	'2017-03-23 06:40:13',	'2017-03-23 06:40:13'),
(130,	1282,	488,	130,	'right',	'square',	'solid',	'D89695',	6714111020,	54,	1,	'2017-03-23 06:40:13',	'2017-03-23 06:40:13'),
(131,	980,	511,	131,	'top',	'square',	'solid',	'FDBF2D',	6714111020,	54,	1,	'2017-03-23 06:40:13',	'2017-03-23 06:40:13'),
(132,	1560,	473,	1,	'left',	'square',	'solid',	'95CDDC',	6714211020,	39,	1,	'2017-03-23 06:40:13',	'2017-03-23 06:40:13'),
(133,	1557,	542,	2,	'left',	'square',	'solid',	'95CDDC',	6714211020,	39,	1,	'2017-03-23 06:40:13',	'2017-03-23 06:40:13'),
(134,	1467,	267,	3,	'top',	'square',	'solid',	'95CDDC',	6714211020,	39,	1,	'2017-03-23 06:40:13',	'2017-03-23 06:40:13'),
(135,	1603,	307,	4,	'right',	'square',	'solid',	'95CDDC',	6714211020,	39,	1,	'2017-03-23 06:40:13',	'2017-03-23 06:40:13'),
(136,	1606,	483,	5,	'top',	'square',	'solid',	'95CDDC',	6714211020,	39,	1,	'2017-03-23 06:40:13',	'2017-03-23 06:40:13'),
(137,	1613,	518,	6,	'right',	'square',	'solid',	'95CDDC',	6714211020,	39,	1,	'2017-03-23 06:40:13',	'2017-03-23 06:40:13'),
(138,	1613,	595,	7,	'right',	'square',	'solid',	'95CDDC',	6714211020,	39,	1,	'2017-03-23 06:40:13',	'2017-03-23 06:40:13'),
(139,	1607,	627,	8,	'bottom',	'square',	'solid',	'95CDDC',	6714211020,	39,	1,	'2017-03-23 06:40:13',	'2017-03-23 06:40:13'),
(140,	1555,	852,	9,	'bottom',	'square',	'solid',	'95CDDC',	6714211020,	39,	1,	'2017-03-23 06:40:13',	'2017-03-23 06:40:13'),
(141,	1287,	875,	10,	'bottom',	'square',	'solid',	'95CDDC',	6714211020,	39,	1,	'2017-03-23 06:40:13',	'2017-03-23 06:40:13'),
(142,	1013,	869,	11,	'bottom',	'square',	'solid',	'95CDDC',	6714211020,	39,	1,	'2017-03-23 06:40:13',	'2017-03-23 06:40:13'),
(143,	738,	865,	12,	'bottom',	'square',	'solid',	'95CDDC',	6714211020,	39,	1,	'2017-03-23 06:40:13',	'2017-03-23 06:40:13'),
(144,	410,	795,	13,	'bottom',	'square',	'solid',	'95CDDC',	6714211020,	39,	1,	'2017-03-23 06:40:13',	'2017-03-23 06:40:13'),
(145,	282,	679,	14,	'left',	'square',	'solid',	'95CDDC',	6714211020,	39,	1,	'2017-03-23 06:40:13',	'2017-03-23 06:40:13'),
(146,	192,	532,	15,	'left',	'square',	'solid',	'95CDDC',	6714211020,	39,	1,	'2017-03-23 06:40:13',	'2017-03-23 06:40:13'),
(147,	159,	361,	16,	'left',	'square',	'solid',	'95CDDC',	6714211020,	39,	1,	'2017-03-23 06:40:13',	'2017-03-23 06:40:13'),
(148,	159,	247,	17,	'left',	'square',	'solid',	'95CDDC',	6714211020,	39,	1,	'2017-03-23 06:40:13',	'2017-03-23 06:40:13'),
(149,	1523,	274,	18,	'left',	'square',	'solid',	'B3A3C6',	6714211020,	40,	1,	'2017-03-23 06:40:13',	'2017-03-23 06:40:13'),
(150,	1532,	325,	19,	'left',	'square',	'solid',	'B3A3C6',	6714211020,	40,	1,	'2017-03-23 06:40:13',	'2017-03-23 06:40:13'),
(151,	322,	239,	20,	'top',	'square',	'solid',	'B3A3C6',	6714211020,	40,	1,	'2017-03-23 06:40:13',	'2017-03-23 06:40:13'),
(152,	150,	218,	21,	'top',	'square',	'solid',	'B3A3C6',	6714211020,	40,	1,	'2017-03-23 06:40:13',	'2017-03-23 06:40:13'),
(153,	1574,	262,	22,	'top',	'square',	'solid',	'C3D59E',	6714211020,	40,	1,	'2017-03-23 06:40:13',	'2017-03-23 06:40:13'),
(154,	1591,	305,	23,	'right',	'square',	'solid',	'D89695',	6714211020,	40,	1,	'2017-03-23 06:40:13',	'2017-03-23 06:40:13'),
(155,	1576,	372,	24,	'right',	'square',	'solid',	'D89695',	6714211020,	40,	1,	'2017-03-23 06:40:13',	'2017-03-23 06:40:13'),
(156,	1589,	452,	25,	'right',	'square',	'solid',	'D89695',	6714211020,	40,	1,	'2017-03-23 06:40:13',	'2017-03-23 06:40:13'),
(157,	1572,	560,	26,	'right',	'square',	'solid',	'D89695',	6714211020,	40,	1,	'2017-03-23 06:40:13',	'2017-03-23 06:40:13'),
(158,	1572,	700,	27,	'right',	'square',	'solid',	'D89695',	6714211020,	40,	1,	'2017-03-23 06:40:13',	'2017-03-23 06:40:13'),
(159,	1535,	796,	28,	'right',	'square',	'solid',	'D89695',	6714211020,	40,	1,	'2017-03-23 06:40:13',	'2017-03-23 06:40:13'),
(160,	1500,	773,	29,	'top',	'square',	'solid',	'938957',	6714211020,	40,	1,	'2017-03-23 06:40:13',	'2017-03-23 06:40:13'),
(161,	1457,	791,	30,	'top',	'square',	'solid',	'938957',	6714211020,	40,	1,	'2017-03-23 06:40:13',	'2017-03-23 06:40:13'),
(162,	1354,	799,	31,	'top',	'square',	'solid',	'938957',	6714211020,	40,	1,	'2017-03-23 06:40:13',	'2017-03-23 06:40:13'),
(163,	1204,	800,	32,	'top',	'square',	'solid',	'938957',	6714211020,	40,	1,	'2017-03-23 06:40:13',	'2017-03-23 06:40:13'),
(164,	1055,	800,	33,	'top',	'square',	'solid',	'938957',	6714211020,	40,	1,	'2017-03-23 06:40:13',	'2017-03-23 06:40:13'),
(165,	905,	800,	34,	'top',	'square',	'solid',	'938957',	6714211020,	40,	1,	'2017-03-23 06:40:13',	'2017-03-23 06:40:13'),
(166,	756,	800,	35,	'top',	'square',	'solid',	'938957',	6714211020,	40,	1,	'2017-03-23 06:40:13',	'2017-03-23 06:40:13'),
(167,	606,	800,	36,	'top',	'square',	'solid',	'938957',	6714211020,	40,	1,	'2017-03-23 06:40:13',	'2017-03-23 06:40:13'),
(168,	538,	800,	37,	'top',	'square',	'solid',	'938957',	6714211020,	40,	1,	'2017-03-23 06:40:13',	'2017-03-23 06:40:13'),
(169,	1468,	840,	38,	'bottom',	'square',	'solid',	'938957',	6714211020,	40,	1,	'2017-03-23 06:40:13',	'2017-03-23 06:40:13'),
(170,	1280,	840,	39,	'bottom',	'square',	'solid',	'938957',	6714211020,	40,	1,	'2017-03-23 06:40:13',	'2017-03-23 06:40:13'),
(171,	1149,	833,	40,	'bottom',	'square',	'solid',	'938957',	6714211020,	40,	1,	'2017-03-23 06:40:13',	'2017-03-23 06:40:13'),
(172,	989,	833,	41,	'bottom',	'square',	'solid',	'938957',	6714211020,	40,	1,	'2017-03-23 06:40:13',	'2017-03-23 06:40:13'),
(173,	832,	833,	42,	'bottom',	'square',	'solid',	'938957',	6714211020,	40,	1,	'2017-03-23 06:40:13',	'2017-03-23 06:40:13'),
(174,	716,	833,	43,	'bottom',	'square',	'solid',	'938957',	6714211020,	40,	1,	'2017-03-23 06:40:13',	'2017-03-23 06:40:13'),
(175,	561,	823,	44,	'bottom',	'square',	'solid',	'938957',	6714211020,	40,	1,	'2017-03-23 06:40:13',	'2017-03-23 06:40:13'),
(176,	412,	745,	45,	'left',	'square',	'solid',	'938957',	6714211020,	40,	1,	'2017-03-23 06:40:13',	'2017-03-23 06:40:13'),
(177,	329,	663,	46,	'left',	'square',	'solid',	'938957',	6714211020,	40,	1,	'2017-03-23 06:40:13',	'2017-03-23 06:40:13'),
(178,	239,	531,	47,	'left',	'square',	'solid',	'938957',	6714211020,	40,	1,	'2017-03-23 06:40:13',	'2017-03-23 06:40:13'),
(179,	207,	385,	48,	'left',	'square',	'solid',	'938957',	6714211020,	40,	1,	'2017-03-23 06:40:13',	'2017-03-23 06:40:13'),
(180,	204,	291,	49,	'left',	'square',	'solid',	'938957',	6714211020,	40,	1,	'2017-03-23 06:40:13',	'2017-03-23 06:40:13'),
(181,	1490,	243,	50,	'top',	'square',	'solid',	'E26C22',	6714211020,	41,	1,	'2017-03-23 06:40:13',	'2017-03-23 06:40:13'),
(182,	1382,	245,	51,	'top',	'square',	'solid',	'E26C22',	6714211020,	41,	1,	'2017-03-23 06:40:13',	'2017-03-23 06:40:13'),
(183,	1184,	233,	52,	'top',	'square',	'solid',	'E26C22',	6714211020,	41,	1,	'2017-03-23 06:40:13',	'2017-03-23 06:40:13'),
(184,	974,	220,	53,	'top',	'square',	'solid',	'E26C22',	6714211020,	41,	1,	'2017-03-23 06:40:13',	'2017-03-23 06:40:13'),
(185,	782,	212,	54,	'top',	'square',	'solid',	'E26C22',	6714211020,	41,	1,	'2017-03-23 06:40:13',	'2017-03-23 06:40:13'),
(186,	600,	202,	55,	'top',	'square',	'solid',	'E26C22',	6714211020,	41,	1,	'2017-03-23 06:40:13',	'2017-03-23 06:40:13'),
(187,	423,	193,	56,	'top',	'square',	'solid',	'E26C22',	6714211020,	41,	1,	'2017-03-23 06:40:13',	'2017-03-23 06:40:13'),
(188,	295,	187,	57,	'top',	'square',	'solid',	'E26C22',	6714211020,	41,	1,	'2017-03-23 06:40:13',	'2017-03-23 06:40:13'),
(189,	1497,	404,	58,	'top',	'square',	'solid',	'E26C22',	6714211020,	41,	1,	'2017-03-23 06:40:13',	'2017-03-23 06:40:13'),
(190,	1336,	393,	59,	'top',	'square',	'solid',	'E26C22',	6714211020,	41,	1,	'2017-03-23 06:40:13',	'2017-03-23 06:40:13'),
(191,	1128,	379,	60,	'top',	'square',	'solid',	'E26C22',	6714211020,	41,	1,	'2017-03-23 06:40:13',	'2017-03-23 06:40:13'),
(192,	998,	369,	61,	'top',	'square',	'solid',	'E26C22',	6714211020,	41,	1,	'2017-03-23 06:40:13',	'2017-03-23 06:40:13'),
(193,	838,	360,	62,	'top',	'square',	'solid',	'E26C22',	6714211020,	41,	1,	'2017-03-23 06:40:13',	'2017-03-23 06:40:13'),
(194,	623,	348,	63,	'top',	'square',	'solid',	'E26C22',	6714211020,	41,	1,	'2017-03-23 06:40:13',	'2017-03-23 06:40:13'),
(195,	470,	341,	64,	'top',	'square',	'solid',	'E26C22',	6714211020,	41,	1,	'2017-03-23 06:40:13',	'2017-03-23 06:40:13'),
(196,	290,	337,	65,	'top',	'square',	'solid',	'E26C22',	6714211020,	41,	1,	'2017-03-23 06:40:13',	'2017-03-23 06:40:13'),
(197,	207,	249,	66,	'left',	'square',	'solid',	'36859A',	6714211020,	41,	1,	'2017-03-23 06:40:13',	'2017-03-23 06:40:13'),
(198,	326,	427,	67,	'left',	'square',	'solid',	'36859A',	6714211020,	41,	1,	'2017-03-23 06:40:13',	'2017-03-23 06:40:13'),
(199,	346,	473,	68,	'left',	'square',	'solid',	'36859A',	6714211020,	41,	1,	'2017-03-23 06:40:13',	'2017-03-23 06:40:13'),
(200,	1524,	436,	69,	'right',	'square',	'solid',	'604B7A',	6714211020,	41,	1,	'2017-03-23 06:40:13',	'2017-03-23 06:40:13'),
(201,	1524,	526,	70,	'right',	'square',	'solid',	'604B7A',	6714211020,	41,	1,	'2017-03-23 06:40:13',	'2017-03-23 06:40:13'),
(202,	1494,	279,	71,	'top',	'square',	'solid',	'779242',	6714211020,	42,	1,	'2017-03-23 06:40:13',	'2017-03-23 06:40:13'),
(203,	170,	209,	72,	'top',	'square',	'solid',	'779242',	6714211020,	42,	1,	'2017-03-23 06:40:13',	'2017-03-23 06:40:13'),
(204,	1532,	646,	73,	'right',	'square',	'solid',	'779242',	6714211020,	42,	1,	'2017-03-23 06:40:13',	'2017-03-23 06:40:13'),
(205,	1475,	351,	74,	'left',	'square',	'solid',	'933837',	6714211020,	42,	1,	'2017-03-23 06:40:13',	'2017-03-23 06:40:13'),
(206,	532,	275,	75,	'top',	'square',	'solid',	'933837',	6714211020,	42,	1,	'2017-03-23 06:40:13',	'2017-03-23 06:40:13'),
(207,	1501,	317,	76,	'right',	'square',	'solid',	'FFFD38',	6714211020,	42,	1,	'2017-03-23 06:40:13',	'2017-03-23 06:40:13'),
(208,	1514,	373,	77,	'right',	'square',	'solid',	'FFFD38',	6714211020,	42,	1,	'2017-03-23 06:40:13',	'2017-03-23 06:40:13'),
(209,	1523,	698,	78,	'right',	'square',	'solid',	'FFFD38',	6714211020,	42,	1,	'2017-03-23 06:40:13',	'2017-03-23 06:40:13'),
(210,	1362,	418,	79,	'bottom',	'square',	'solid',	'FFFD38',	6714211020,	42,	1,	'2017-03-23 06:40:13',	'2017-03-23 06:40:13'),
(211,	1218,	497,	80,	'top',	'square',	'solid',	'FFFD38',	6714211020,	42,	1,	'2017-03-23 06:40:13',	'2017-03-23 06:40:13'),
(212,	1199,	755,	81,	'bottom',	'square',	'solid',	'FFFD38',	6714211020,	42,	1,	'2017-03-23 06:40:13',	'2017-03-23 06:40:13'),
(213,	938,	757,	82,	'bottom',	'square',	'solid',	'FFFD38',	6714211020,	42,	1,	'2017-03-23 06:40:13',	'2017-03-23 06:40:13'),
(214,	689,	749,	83,	'bottom',	'square',	'solid',	'FFFD38',	6714211020,	42,	1,	'2017-03-23 06:40:13',	'2017-03-23 06:40:13'),
(215,	435,	691,	84,	'left',	'square',	'solid',	'FFFD38',	6714211020,	42,	1,	'2017-03-23 06:40:13',	'2017-03-23 06:40:13'),
(216,	372,	498,	85,	'left',	'square',	'solid',	'FFFD38',	6714211020,	42,	1,	'2017-03-23 06:40:13',	'2017-03-23 06:40:13'),
(217,	325,	304,	86,	'left',	'square',	'solid',	'FFFD38',	6714211020,	42,	1,	'2017-03-23 06:40:13',	'2017-03-23 06:40:13'),
(218,	1282,	510,	87,	'right',	'square',	'solid',	'FDBF2D',	6714211020,	43,	1,	'2017-03-23 06:40:13',	'2017-03-23 06:40:13'),
(219,	647,	400,	88,	'top',	'square',	'solid',	'FDBF2D',	6714211020,	43,	1,	'2017-03-23 06:40:13',	'2017-03-23 06:40:13'),
(220,	1186,	482,	89,	'top',	'square',	'solid',	'964814',	6714211020,	43,	1,	'2017-03-23 06:40:13',	'2017-03-23 06:40:13'),
(221,	1179,	557,	90,	'bottom',	'square',	'solid',	'964814',	6714211020,	43,	1,	'2017-03-23 06:40:13',	'2017-03-23 06:40:13'),
(222,	985,	756,	91,	'bottom',	'square',	'solid',	'1AAF54',	6714211020,	43,	1,	'2017-03-23 06:40:13',	'2017-03-23 06:40:13'),
(223,	795,	756,	92,	'bottom',	'square',	'solid',	'1AAF54',	6714211020,	43,	1,	'2017-03-23 06:40:13',	'2017-03-23 06:40:13'),
(224,	230,	424,	93,	'left',	'square',	'solid',	'DB0B17',	6714211020,	43,	1,	'2017-03-23 06:40:13',	'2017-03-23 06:40:13'),
(225,	246,	489,	94,	'bottom',	'square',	'solid',	'DB0B17',	6714211020,	43,	1,	'2017-03-23 06:40:13',	'2017-03-23 06:40:13'),
(226,	221,	469,	95,	'left',	'square',	'solid',	'DB0B17',	6714211020,	43,	1,	'2017-03-23 06:40:13',	'2017-03-23 06:40:13'),
(227,	294,	519,	96,	'right',	'square',	'solid',	'FFFFFF',	6714211020,	43,	1,	'2017-03-23 06:40:13',	'2017-03-23 06:40:13'),
(228,	334,	379,	97,	'top',	'square',	'solid',	'90E941',	6714211020,	43,	1,	'2017-03-23 06:40:13',	'2017-03-23 06:40:13'),
(229,	1276,	443,	98,	'top',	'square',	'solid',	'B3A3C6',	6714211020,	43,	1,	'2017-03-23 06:40:13',	'2017-03-23 06:40:13'),
(230,	618,	649,	99,	'top',	'square',	'solid',	'FBD5B7',	6714211020,	43,	1,	'2017-03-23 06:40:13',	'2017-03-23 06:40:13'),
(231,	1581,	527,	100,	'right',	'square',	'solid',	'B3A3C6',	6714211020,	44,	1,	'2017-03-23 06:40:13',	'2017-03-23 06:40:13'),
(232,	1581,	587,	101,	'right',	'square',	'solid',	'B3A3C6',	6714211020,	44,	1,	'2017-03-23 06:40:13',	'2017-03-23 06:40:13'),
(233,	562,	376,	102,	'top',	'square',	'solid',	'000000',	6714211020,	44,	1,	'2017-03-23 06:40:13',	'2017-03-23 06:40:13'),
(234,	1327,	501,	103,	'right',	'square',	'solid',	'F5964F',	6714211020,	44,	1,	'2017-03-23 06:40:13',	'2017-03-23 06:40:13'),
(235,	1157,	466,	104,	'left',	'square',	'solid',	'F5964F',	6714211020,	44,	1,	'2017-03-23 06:40:13',	'2017-03-23 06:40:13'),
(236,	1222,	308,	105,	'top',	'square',	'solid',	'FFFD38',	6714211020,	44,	1,	'2017-03-23 06:40:13',	'2017-03-23 06:40:13'),
(237,	1126,	422,	106,	'top',	'square',	'solid',	'FFFD38',	6714211020,	44,	1,	'2017-03-23 06:40:13',	'2017-03-23 06:40:13'),
(238,	1209,	537,	107,	'bottom',	'square',	'solid',	'FFFD38',	6714211020,	44,	1,	'2017-03-23 06:40:13',	'2017-03-23 06:40:13'),
(239,	692,	541,	108,	'bottom',	'square',	'solid',	'FFFD38',	6714211020,	44,	1,	'2017-03-23 06:40:13',	'2017-03-23 06:40:13'),
(240,	1259,	341,	109,	'right',	'square',	'solid',	'D89695',	6714211020,	44,	1,	'2017-03-23 06:40:13',	'2017-03-23 06:40:13'),
(241,	986,	511,	110,	'top',	'square',	'solid',	'D89695',	6714211020,	44,	1,	'2017-03-23 06:40:13',	'2017-03-23 06:40:13'),
(242,	1013,	635,	111,	'bottom',	'square',	'solid',	'D89695',	6714211020,	44,	1,	'2017-03-23 06:40:13',	'2017-03-23 06:40:13'),
(243,	884,	608,	112,	'bottom',	'square',	'solid',	'D89695',	6714211020,	44,	1,	'2017-03-23 06:40:13',	'2017-03-23 06:40:13'),
(244,	581,	601,	113,	'bottom',	'square',	'solid',	'D89695',	6714211020,	44,	1,	'2017-03-23 06:40:13',	'2017-03-23 06:40:13'),
(245,	427,	508,	114,	'left',	'square',	'solid',	'D89695',	6714211020,	44,	1,	'2017-03-23 06:40:13',	'2017-03-23 06:40:13'),
(246,	432,	382,	115,	'top',	'square',	'solid',	'D89695',	6714211020,	44,	1,	'2017-03-23 06:40:13',	'2017-03-23 06:40:13'),
(247,	652,	382,	116,	'top',	'square',	'solid',	'29FD2F',	6714211020,	44,	1,	'2017-03-23 06:40:13',	'2017-03-23 06:40:13'),
(248,	1281,	396,	117,	'top',	'square',	'solid',	'B3A3C6',	6714211020,	45,	1,	'2017-03-23 06:40:13',	'2017-03-23 06:40:13'),
(249,	1243,	511,	118,	'top',	'square',	'solid',	'B3A3C6',	6714211020,	45,	1,	'2017-03-23 06:40:13',	'2017-03-23 06:40:13'),
(250,	1144,	523,	119,	'top',	'square',	'solid',	'B3A3C6',	6714211020,	45,	1,	'2017-03-23 06:40:13',	'2017-03-23 06:40:13'),
(251,	1110,	542,	120,	'left',	'square',	'solid',	'B3A3C6',	6714211020,	45,	1,	'2017-03-23 06:40:13',	'2017-03-23 06:40:13'),
(252,	953,	543,	121,	'top',	'square',	'solid',	'B3A3C6',	6714211020,	45,	1,	'2017-03-23 06:40:13',	'2017-03-23 06:40:13'),
(253,	1491,	526,	122,	'right',	'square',	'solid',	'C7DAF0',	6714211020,	45,	1,	'2017-03-23 06:40:13',	'2017-03-23 06:40:13'),
(254,	1475,	740,	123,	'right',	'square',	'solid',	'C7DAF0',	6714211020,	45,	1,	'2017-03-23 06:40:13',	'2017-03-23 06:40:13'),
(255,	1242,	583,	124,	'right',	'square',	'solid',	'C7DAF0',	6714211020,	45,	1,	'2017-03-23 06:40:13',	'2017-03-23 06:40:13'),
(256,	1252,	760,	125,	'bottom',	'square',	'solid',	'C7DAF0',	6714211020,	45,	1,	'2017-03-23 06:40:13',	'2017-03-23 06:40:13'),
(257,	1200,	661,	126,	'bottom',	'square',	'solid',	'C3D59E',	6714211020,	45,	1,	'2017-03-23 06:40:13',	'2017-03-23 06:40:13'),
(258,	1046,	605,	127,	'bottom',	'square',	'solid',	'C3D59E',	6714211020,	45,	1,	'2017-03-23 06:40:13',	'2017-03-23 06:40:13'),
(259,	597,	401,	128,	'top',	'square',	'solid',	'D89695',	6714211020,	45,	1,	'2017-03-23 06:40:13',	'2017-03-23 06:40:13'),
(260,	584,	541,	129,	'bottom',	'square',	'solid',	'D89695',	6714211020,	45,	1,	'2017-03-23 06:40:13',	'2017-03-23 06:40:13'),
(261,	458,	488,	130,	'left',	'square',	'solid',	'D89695',	6714211020,	45,	1,	'2017-03-23 06:40:13',	'2017-03-23 06:40:13'),
(262,	760,	511,	131,	'top',	'square',	'solid',	'FDBF2D',	6714211020,	45,	1,	'2017-03-23 06:40:13',	'2017-03-23 06:40:13'),
(263,	137,	247,	1,	'top',	'square',	'solid',	'95CDDC',	6715111020,	55,	1,	'2017-03-23 06:40:13',	'2017-03-23 06:40:13'),
(264,	269,	248,	2,	'top',	'square',	'solid',	'95CDDC',	6715111020,	55,	1,	'2017-03-23 06:40:13',	'2017-03-23 06:40:13'),
(265,	514,	233,	3,	'top',	'square',	'solid',	'95CDDC',	6715111020,	55,	1,	'2017-03-23 06:40:13',	'2017-03-23 06:40:13'),
(266,	772,	218,	4,	'top',	'square',	'solid',	'95CDDC',	6715111020,	55,	1,	'2017-03-23 06:40:13',	'2017-03-23 06:40:13'),
(267,	1010,	209,	5,	'top',	'square',	'solid',	'95CDDC',	6715111020,	55,	1,	'2017-03-23 06:40:13',	'2017-03-23 06:40:13'),
(268,	1233,	194,	6,	'top',	'square',	'solid',	'95CDDC',	6715111020,	55,	1,	'2017-03-23 06:40:13',	'2017-03-23 06:40:13'),
(269,	1451,	184,	7,	'top',	'square',	'solid',	'95CDDC',	6715111020,	55,	1,	'2017-03-23 06:40:13',	'2017-03-23 06:40:13'),
(270,	1590,	177,	8,	'top',	'square',	'solid',	'95CDDC',	6715111020,	55,	1,	'2017-03-23 06:40:13',	'2017-03-23 06:40:13'),
(271,	128,	446,	9,	'bottom',	'square',	'solid',	'95CDDC',	6715111020,	55,	1,	'2017-03-23 06:40:13',	'2017-03-23 06:40:13'),
(272,	327,	433,	10,	'bottom',	'square',	'solid',	'95CDDC',	6715111020,	55,	1,	'2017-03-23 06:40:13',	'2017-03-23 06:40:13'),
(273,	582,	414,	11,	'bottom',	'square',	'solid',	'95CDDC',	6715111020,	55,	1,	'2017-03-23 06:40:13',	'2017-03-23 06:40:13'),
(274,	743,	403,	12,	'bottom',	'square',	'solid',	'95CDDC',	6715111020,	55,	1,	'2017-03-23 06:40:13',	'2017-03-23 06:40:13'),
(275,	940,	390,	13,	'bottom',	'square',	'solid',	'95CDDC',	6715111020,	55,	1,	'2017-03-23 06:40:13',	'2017-03-23 06:40:13'),
(276,	1205,	376,	14,	'bottom',	'square',	'solid',	'95CDDC',	6715111020,	55,	1,	'2017-03-23 06:40:13',	'2017-03-23 06:40:13'),
(277,	1394,	368,	15,	'bottom',	'square',	'solid',	'95CDDC',	6715111020,	55,	1,	'2017-03-23 06:40:13',	'2017-03-23 06:40:13'),
(278,	1616,	364,	16,	'bottom',	'square',	'solid',	'95CDDC',	6715111020,	55,	1,	'2017-03-23 06:40:13',	'2017-03-23 06:40:13'),
(279,	1635,	188,	17,	'bottom',	'square',	'solid',	'DB0B17',	6715111020,	55,	1,	'2017-03-23 06:40:13',	'2017-03-23 06:40:13'),
(280,	1677,	188,	18,	'right',	'square',	'solid',	'000000',	6715111020,	55,	1,	'2017-03-23 06:40:13',	'2017-03-23 06:40:13'),
(281,	801,	840,	19,	'bottom',	'square',	'solid',	'FFFD38',	6715111020,	56,	1,	'2017-03-23 06:40:13',	'2017-03-23 06:40:13'),
(282,	878,	833,	20,	'bottom',	'square',	'solid',	'FFFD38',	6715111020,	56,	1,	'2017-03-23 06:40:13',	'2017-03-23 06:40:13'),
(283,	920,	679,	21,	'top',	'square',	'solid',	'FFFD38',	6715111020,	56,	1,	'2017-03-23 06:40:13',	'2017-03-23 06:40:13'),
(284,	324,	300,	22,	'bottom',	'square',	'solid',	'FFFD38',	6715111020,	56,	1,	'2017-03-23 06:40:13',	'2017-03-23 06:40:13'),
(285,	391,	314,	23,	'bottom',	'square',	'solid',	'FFFD38',	6715111020,	56,	1,	'2017-03-23 06:40:13',	'2017-03-23 06:40:13'),
(286,	1450,	238,	24,	'bottom',	'square',	'solid',	'FFFD38',	6715111020,	56,	1,	'2017-03-23 06:40:13',	'2017-03-23 06:40:13'),
(287,	1515,	256,	25,	'bottom',	'square',	'solid',	'FFFD38',	6715111020,	56,	1,	'2017-03-23 06:40:13',	'2017-03-23 06:40:13'),
(288,	1681,	262,	26,	'right',	'square',	'solid',	'FFFD38',	6715111020,	56,	1,	'2017-03-23 06:40:13',	'2017-03-23 06:40:13'),
(289,	1681,	327,	27,	'right',	'square',	'solid',	'FFFD38',	6715111020,	56,	1,	'2017-03-23 06:40:13',	'2017-03-23 06:40:13'),
(290,	880,	719,	28,	'top',	'square',	'solid',	'C3D59E',	6715111020,	56,	1,	'2017-03-23 06:40:13',	'2017-03-23 06:40:13'),
(291,	824,	792,	29,	'top',	'square',	'solid',	'B3A3C6',	6715111020,	56,	1,	'2017-03-23 06:40:13',	'2017-03-23 06:40:13'),
(292,	785,	775,	30,	'left',	'square',	'solid',	'DB0B17',	6715111020,	56,	1,	'2017-03-23 06:40:13',	'2017-03-23 06:40:13'),
(293,	895,	760,	31,	'right',	'square',	'solid',	'DB0B17',	6715111020,	56,	1,	'2017-03-23 06:40:13',	'2017-03-23 06:40:13'),
(294,	168,	349,	32,	'bottom',	'square',	'solid',	'36859A',	6715111020,	56,	1,	'2017-03-23 06:40:13',	'2017-03-23 06:40:13'),
(295,	922,	208,	33,	'top',	'square',	'solid',	'36859A',	6715111020,	56,	1,	'2017-03-23 06:40:13',	'2017-03-23 06:40:13'),
(296,	1085,	200,	34,	'top',	'square',	'solid',	'36859A',	6715111020,	56,	1,	'2017-03-23 06:40:13',	'2017-03-23 06:40:13'),
(297,	1636,	221,	35,	'top',	'square',	'solid',	'36859A',	6715111020,	56,	1,	'2017-03-23 06:40:13',	'2017-03-23 06:40:13'),
(298,	1603,	247,	1,	'top',	'square',	'solid',	'95CDDC',	6715211020,	46,	1,	'2017-03-23 06:40:13',	'2017-03-23 06:40:13'),
(299,	1471,	248,	2,	'top',	'square',	'solid',	'95CDDC',	6715211020,	46,	1,	'2017-03-23 06:40:13',	'2017-03-23 06:40:13'),
(300,	1226,	233,	3,	'top',	'square',	'solid',	'95CDDC',	6715211020,	46,	1,	'2017-03-23 06:40:13',	'2017-03-23 06:40:13'),
(301,	968,	218,	4,	'top',	'square',	'solid',	'95CDDC',	6715211020,	46,	1,	'2017-03-23 06:40:13',	'2017-03-23 06:40:13'),
(302,	730,	209,	5,	'top',	'square',	'solid',	'95CDDC',	6715211020,	46,	1,	'2017-03-23 06:40:13',	'2017-03-23 06:40:13'),
(303,	507,	194,	6,	'top',	'square',	'solid',	'95CDDC',	6715211020,	46,	1,	'2017-03-23 06:40:13',	'2017-03-23 06:40:13'),
(304,	289,	184,	7,	'top',	'square',	'solid',	'95CDDC',	6715211020,	46,	1,	'2017-03-23 06:40:13',	'2017-03-23 06:40:13'),
(305,	150,	177,	8,	'top',	'square',	'solid',	'95CDDC',	6715211020,	46,	1,	'2017-03-23 06:40:13',	'2017-03-23 06:40:13'),
(306,	1612,	446,	9,	'bottom',	'square',	'solid',	'95CDDC',	6715211020,	46,	1,	'2017-03-23 06:40:13',	'2017-03-23 06:40:13'),
(307,	1413,	433,	10,	'bottom',	'square',	'solid',	'95CDDC',	6715211020,	46,	1,	'2017-03-23 06:40:13',	'2017-03-23 06:40:13'),
(308,	1158,	414,	11,	'bottom',	'square',	'solid',	'95CDDC',	6715211020,	46,	1,	'2017-03-23 06:40:13',	'2017-03-23 06:40:13'),
(309,	997,	403,	12,	'bottom',	'square',	'solid',	'95CDDC',	6715211020,	46,	1,	'2017-03-23 06:40:13',	'2017-03-23 06:40:13'),
(310,	800,	390,	13,	'bottom',	'square',	'solid',	'95CDDC',	6715211020,	46,	1,	'2017-03-23 06:40:13',	'2017-03-23 06:40:13'),
(311,	535,	376,	14,	'bottom',	'square',	'solid',	'95CDDC',	6715211020,	46,	1,	'2017-03-23 06:40:13',	'2017-03-23 06:40:13'),
(312,	346,	368,	15,	'bottom',	'square',	'solid',	'95CDDC',	6715211020,	46,	1,	'2017-03-23 06:40:13',	'2017-03-23 06:40:13'),
(313,	124,	364,	16,	'bottom',	'square',	'solid',	'95CDDC',	6715211020,	46,	1,	'2017-03-23 06:40:13',	'2017-03-23 06:40:13'),
(314,	105,	188,	17,	'bottom',	'square',	'solid',	'DB0B17',	6715211020,	46,	1,	'2017-03-23 06:40:13',	'2017-03-23 06:40:13'),
(315,	63,	188,	18,	'left',	'square',	'solid',	'000000',	6715211020,	46,	1,	'2017-03-23 06:40:13',	'2017-03-23 06:40:13'),
(316,	939,	840,	19,	'bottom',	'square',	'solid',	'FFFD38',	6715211020,	47,	1,	'2017-03-23 06:40:13',	'2017-03-23 06:40:13'),
(317,	862,	833,	20,	'bottom',	'square',	'solid',	'FFFD38',	6715211020,	47,	1,	'2017-03-23 06:40:13',	'2017-03-23 06:40:13'),
(318,	820,	679,	21,	'top',	'square',	'solid',	'FFFD38',	6715211020,	47,	1,	'2017-03-23 06:40:13',	'2017-03-23 06:40:13'),
(319,	1416,	300,	22,	'bottom',	'square',	'solid',	'FFFD38',	6715211020,	47,	1,	'2017-03-23 06:40:13',	'2017-03-23 06:40:13'),
(320,	1349,	314,	23,	'bottom',	'square',	'solid',	'FFFD38',	6715211020,	47,	1,	'2017-03-23 06:40:13',	'2017-03-23 06:40:13'),
(321,	290,	238,	24,	'bottom',	'square',	'solid',	'FFFD38',	6715211020,	47,	1,	'2017-03-23 06:40:13',	'2017-03-23 06:40:13'),
(322,	225,	256,	25,	'bottom',	'square',	'solid',	'FFFD38',	6715211020,	47,	1,	'2017-03-23 06:40:13',	'2017-03-23 06:40:13'),
(323,	59,	262,	26,	'left',	'square',	'solid',	'FFFD38',	6715211020,	47,	1,	'2017-03-23 06:40:13',	'2017-03-23 06:40:13'),
(324,	59,	327,	27,	'left',	'square',	'solid',	'FFFD38',	6715211020,	47,	1,	'2017-03-23 06:40:13',	'2017-03-23 06:40:13'),
(325,	860,	719,	28,	'top',	'square',	'solid',	'C3D59E',	6715211020,	47,	1,	'2017-03-23 06:40:13',	'2017-03-23 06:40:13'),
(326,	916,	792,	29,	'top',	'square',	'solid',	'B3A3C6',	6715211020,	47,	1,	'2017-03-23 06:40:13',	'2017-03-23 06:40:13'),
(327,	955,	775,	30,	'right',	'square',	'solid',	'DB0B17',	6715211020,	47,	1,	'2017-03-23 06:40:13',	'2017-03-23 06:40:13'),
(328,	845,	760,	31,	'left',	'square',	'solid',	'DB0B17',	6715211020,	47,	1,	'2017-03-23 06:40:13',	'2017-03-23 06:40:13'),
(329,	1572,	349,	32,	'bottom',	'square',	'solid',	'36859A',	6715211020,	47,	1,	'2017-03-23 06:40:13',	'2017-03-23 06:40:13'),
(330,	818,	208,	33,	'top',	'square',	'solid',	'36859A',	6715211020,	47,	1,	'2017-03-23 06:40:13',	'2017-03-23 06:40:13'),
(331,	655,	200,	34,	'top',	'square',	'solid',	'36859A',	6715211020,	47,	1,	'2017-03-23 06:40:13',	'2017-03-23 06:40:13'),
(332,	104,	221,	35,	'top',	'square',	'solid',	'36859A',	6715211020,	47,	1,	'2017-03-23 06:40:13',	'2017-03-23 06:40:13'),
(333,	995,	350,	1,	'top',	'square',	'solid',	'FBD5B7',	6441211010,	57,	1,	'2017-03-23 06:40:13',	'2017-03-23 06:40:13'),
(334,	734,	351,	2,	'top',	'square',	'solid',	'FBD5B7',	6441211010,	57,	1,	'2017-03-23 06:40:13',	'2017-03-23 06:40:13'),
(335,	1091,	709,	3,	'right',	'square',	'solid',	'FBD5B7',	6441211010,	57,	1,	'2017-03-23 06:40:13',	'2017-03-23 06:40:13'),
(336,	1000,	708,	4,	'left',	'square',	'solid',	'FBD5B7',	6441211010,	57,	1,	'2017-03-23 06:40:13',	'2017-03-23 06:40:13'),
(337,	1415,	529,	5,	'right',	'square',	'solid',	'FBD5B7',	6441211010,	57,	1,	'2017-03-23 06:40:13',	'2017-03-23 06:40:13'),
(338,	1349,	709,	6,	'right',	'square',	'solid',	'FBD5B7',	6441211010,	57,	1,	'2017-03-23 06:40:13',	'2017-03-23 06:40:13'),
(339,	1231,	336,	7,	'top',	'square',	'solid',	'FBD5B7',	6441211010,	57,	1,	'2017-03-23 06:40:13',	'2017-03-23 06:40:13'),
(340,	1056,	621,	8,	'top',	'square',	'solid',	'FBD5B7',	6441211010,	57,	1,	'2017-03-23 06:40:13',	'2017-03-23 06:40:13'),
(341,	1055,	763,	9,	'bottom',	'square',	'solid',	'FBD5B7',	6441211010,	57,	1,	'2017-03-23 06:40:13',	'2017-03-23 06:40:13'),
(342,	899,	356,	10,	'top',	'square',	'solid',	'FBD5B7',	6441211010,	57,	1,	'2017-03-23 06:40:13',	'2017-03-23 06:40:13'),
(343,	867,	649,	11,	'top',	'square',	'solid',	'FBD5B7',	6441211010,	57,	1,	'2017-03-23 06:40:13',	'2017-03-23 06:40:13'),
(344,	675,	621,	12,	'top',	'square',	'solid',	'FBD5B7',	6441211010,	57,	1,	'2017-03-23 06:40:13',	'2017-03-23 06:40:13'),
(345,	679,	764,	13,	'bottom',	'square',	'solid',	'FBD5B7',	6441211010,	57,	1,	'2017-03-23 06:40:13',	'2017-03-23 06:40:13'),
(346,	503,	336,	14,	'top',	'square',	'solid',	'FBD5B7',	6441211010,	57,	1,	'2017-03-23 06:40:13',	'2017-03-23 06:40:13'),
(347,	388,	709,	15,	'left',	'square',	'solid',	'FBD5B7',	6441211010,	57,	1,	'2017-03-23 06:40:13',	'2017-03-23 06:40:13'),
(348,	327,	528,	16,	'left',	'square',	'solid',	'FBD5B7',	6441211010,	57,	1,	'2017-03-23 06:40:13',	'2017-03-23 06:40:13'),
(349,	1481,	249,	17,	'right',	'square',	'solid',	'95CDDC',	6441211010,	58,	1,	'2017-03-23 06:40:13',	'2017-03-23 06:40:13'),
(350,	1503,	379,	18,	'right',	'square',	'solid',	'95CDDC',	6441211010,	58,	1,	'2017-03-23 06:40:13',	'2017-03-23 06:40:13'),
(351,	255,	250,	19,	'left',	'square',	'solid',	'95CDDC',	6441211010,	58,	1,	'2017-03-23 06:40:13',	'2017-03-23 06:40:13'),
(352,	235,	379,	20,	'left',	'square',	'solid',	'95CDDC',	6441211010,	58,	1,	'2017-03-23 06:40:13',	'2017-03-23 06:40:13'),
(353,	949,	869,	21,	'bottom',	'square',	'solid',	'95CDDC',	6441211010,	58,	1,	'2017-03-23 06:40:13',	'2017-03-23 06:40:13'),
(354,	782,	853,	22,	'bottom',	'square',	'solid',	'95CDDC',	6441211010,	58,	1,	'2017-03-23 06:40:13',	'2017-03-23 06:40:13'),
(355,	1509,	441,	23,	'right',	'square',	'solid',	'B3A3C6',	6441211010,	58,	1,	'2017-03-23 06:40:13',	'2017-03-23 06:40:13'),
(356,	1480,	295,	24,	'right',	'square',	'solid',	'B3A3C6',	6441211010,	58,	1,	'2017-03-23 06:40:13',	'2017-03-23 06:40:13'),
(357,	257,	295,	25,	'left',	'square',	'solid',	'B3A3C6',	6441211010,	58,	1,	'2017-03-23 06:40:13',	'2017-03-23 06:40:13'),
(358,	228,	442,	26,	'left',	'square',	'solid',	'B3A3C6',	6441211010,	58,	1,	'2017-03-23 06:40:13',	'2017-03-23 06:40:13'),
(359,	890,	866,	27,	'bottom',	'square',	'solid',	'B3A3C6',	6441211010,	58,	1,	'2017-03-23 06:40:13',	'2017-03-23 06:40:13'),
(360,	842,	866,	28,	'bottom',	'square',	'solid',	'B3A3C6',	6441211010,	58,	1,	'2017-03-23 06:40:13',	'2017-03-23 06:40:13'),
(361,	1388,	337,	29,	'top',	'square',	'solid',	'C3D59E',	6441211010,	58,	1,	'2017-03-23 06:40:13',	'2017-03-23 06:40:13'),
(362,	1038,	348,	30,	'top',	'square',	'solid',	'C3D59E',	6441211010,	58,	1,	'2017-03-23 06:40:13',	'2017-03-23 06:40:13'),
(363,	733,	350,	31,	'top',	'square',	'solid',	'C3D59E',	6441211010,	58,	1,	'2017-03-23 06:40:13',	'2017-03-23 06:40:13'),
(364,	503,	335,	32,	'top',	'square',	'solid',	'C3D59E',	6441211010,	58,	1,	'2017-03-23 06:40:13',	'2017-03-23 06:40:13'),
(365,	1401,	652,	33,	'top',	'square',	'solid',	'C3D59E',	6441211010,	58,	1,	'2017-03-23 06:40:13',	'2017-03-23 06:40:13'),
(366,	1011,	843,	34,	'top',	'square',	'solid',	'C3D59E',	6441211010,	58,	1,	'2017-03-23 06:40:13',	'2017-03-23 06:40:13'),
(367,	728,	843,	35,	'top',	'square',	'solid',	'C3D59E',	6441211010,	58,	1,	'2017-03-23 06:40:13',	'2017-03-23 06:40:13'),
(368,	339,	652,	36,	'top',	'square',	'solid',	'C3D59E',	6441211010,	58,	1,	'2017-03-23 06:40:13',	'2017-03-23 06:40:13'),
(369,	1110,	790,	37,	'top',	'square',	'solid',	'C3D59E',	6441211010,	58,	1,	'2017-03-23 06:40:13',	'2017-03-23 06:40:13'),
(370,	627,	790,	38,	'top',	'square',	'solid',	'C3D59E',	6441211010,	58,	1,	'2017-03-23 06:40:13',	'2017-03-23 06:40:13'),
(371,	1559,	621,	39,	'bottom',	'square',	'solid',	'D89695',	6441211010,	59,	1,	'2017-03-23 06:40:13',	'2017-03-23 06:40:13'),
(372,	1083,	818,	40,	'bottom',	'square',	'solid',	'D89695',	6441211010,	59,	1,	'2017-03-23 06:40:13',	'2017-03-23 06:40:13'),
(373,	658,	817,	41,	'bottom',	'square',	'solid',	'D89695',	6441211010,	59,	1,	'2017-03-23 06:40:13',	'2017-03-23 06:40:13'),
(374,	179,	622,	42,	'bottom',	'square',	'solid',	'D89695',	6441211010,	59,	1,	'2017-03-23 06:40:13',	'2017-03-23 06:40:13'),
(375,	905,	496,	43,	'top',	'square',	'solid',	'1EB1ED',	6441211010,	59,	1,	'2017-03-23 06:40:13',	'2017-03-23 06:40:13'),
(376,	819,	496,	44,	'top',	'square',	'solid',	'1EB1ED',	6441211010,	59,	1,	'2017-03-23 06:40:13',	'2017-03-23 06:40:13'),
(377,	820,	580,	45,	'bottom',	'square',	'solid',	'1EB1ED',	6441211010,	59,	1,	'2017-03-23 06:40:13',	'2017-03-23 06:40:13'),
(378,	905,	580,	46,	'bottom',	'square',	'solid',	'1EB1ED',	6441211010,	59,	1,	'2017-03-23 06:40:13',	'2017-03-23 06:40:13'),
(379,	1301,	696,	47,	'bottom',	'square',	'solid',	'9B9B9B',	6441211010,	59,	1,	'2017-03-23 06:40:13',	'2017-03-23 06:40:13'),
(380,	1286,	594,	48,	'top',	'square',	'solid',	'9B9B9B',	6441211010,	59,	1,	'2017-03-23 06:40:13',	'2017-03-23 06:40:13'),
(381,	1113,	755,	49,	'bottom',	'square',	'solid',	'9B9B9B',	6441211010,	59,	1,	'2017-03-23 06:40:13',	'2017-03-23 06:40:13'),
(382,	1104,	630,	50,	'top',	'square',	'solid',	'9B9B9B',	6441211010,	59,	1,	'2017-03-23 06:40:13',	'2017-03-23 06:40:13'),
(383,	624,	630,	51,	'top',	'square',	'solid',	'9B9B9B',	6441211010,	59,	1,	'2017-03-23 06:40:13',	'2017-03-23 06:40:13'),
(384,	613,	756,	52,	'bottom',	'square',	'solid',	'9B9B9B',	6441211010,	59,	1,	'2017-03-23 06:40:13',	'2017-03-23 06:40:13'),
(385,	446,	595,	53,	'top',	'square',	'solid',	'9B9B9B',	6441211010,	59,	1,	'2017-03-23 06:40:13',	'2017-03-23 06:40:13'),
(386,	429,	697,	54,	'bottom',	'square',	'solid',	'9B9B9B',	6441211010,	59,	1,	'2017-03-23 06:40:13',	'2017-03-23 06:40:13'),
(387,	1356,	473,	55,	'top',	'square',	'solid',	'E26C22',	6441211010,	60,	1,	'2017-03-23 06:40:13',	'2017-03-23 06:40:13'),
(388,	1276,	525,	56,	'top',	'square',	'solid',	'E26C22',	6441211010,	60,	1,	'2017-03-23 06:40:13',	'2017-03-23 06:40:13'),
(389,	1076,	567,	57,	'top',	'square',	'solid',	'E26C22',	6441211010,	60,	1,	'2017-03-23 06:40:13',	'2017-03-23 06:40:13'),
(390,	975,	618,	58,	'top',	'square',	'solid',	'E26C22',	6441211010,	60,	1,	'2017-03-23 06:40:13',	'2017-03-23 06:40:13'),
(391,	910,	654,	59,	'top',	'square',	'solid',	'E26C22',	6441211010,	60,	1,	'2017-03-23 06:40:13',	'2017-03-23 06:40:13'),
(392,	822,	642,	60,	'top',	'square',	'solid',	'E26C22',	6441211010,	60,	1,	'2017-03-23 06:40:13',	'2017-03-23 06:40:13'),
(393,	648,	568,	61,	'top',	'square',	'solid',	'E26C22',	6441211010,	60,	1,	'2017-03-23 06:40:13',	'2017-03-23 06:40:13'),
(394,	451,	526,	62,	'top',	'square',	'solid',	'E26C22',	6441211010,	60,	1,	'2017-03-23 06:40:13',	'2017-03-23 06:40:13'),
(395,	327,	528,	63,	'top',	'square',	'solid',	'E26C22',	6441211010,	60,	1,	'2017-03-23 06:40:13',	'2017-03-23 06:40:13'),
(396,	1116,	900,	64,	'bottom',	'square',	'solid',	'36859A',	6441211010,	60,	1,	'2017-03-23 06:40:13',	'2017-03-23 06:40:13'),
(397,	626,	900,	65,	'bottom',	'square',	'solid',	'36859A',	6441211010,	60,	1,	'2017-03-23 06:40:13',	'2017-03-23 06:40:13'),
(398,	1435,	246,	66,	'top',	'square',	'solid',	'604B7A',	6441211010,	60,	1,	'2017-03-23 06:40:13',	'2017-03-23 06:40:13'),
(399,	305,	246,	67,	'top',	'square',	'solid',	'604B7A',	6441211010,	60,	1,	'2017-03-23 06:40:13',	'2017-03-23 06:40:13'),
(400,	1134,	883,	68,	'top',	'square',	'solid',	'1AAF54',	6441211010,	60,	1,	'2017-03-23 06:40:13',	'2017-03-23 06:40:13'),
(401,	609,	883,	69,	'top',	'square',	'solid',	'1AAF54',	6441211010,	60,	1,	'2017-03-23 06:40:13',	'2017-03-23 06:40:13'),
(402,	995,	350,	1,	'top',	'square',	'solid',	'FBD5B7',	6441211020,	61,	1,	'2017-03-23 06:40:13',	'2017-03-23 06:40:13'),
(403,	734,	351,	2,	'top',	'square',	'solid',	'FBD5B7',	6441211020,	61,	1,	'2017-03-23 06:40:13',	'2017-03-23 06:40:13'),
(404,	1091,	709,	3,	'right',	'square',	'solid',	'FBD5B7',	6441211020,	61,	1,	'2017-03-23 06:40:13',	'2017-03-23 06:40:13'),
(405,	1000,	708,	4,	'left',	'square',	'solid',	'FBD5B7',	6441211020,	61,	1,	'2017-03-23 06:40:13',	'2017-03-23 06:40:13'),
(406,	1415,	529,	5,	'right',	'square',	'solid',	'FBD5B7',	6441211020,	61,	1,	'2017-03-23 06:40:13',	'2017-03-23 06:40:13'),
(407,	1349,	709,	6,	'right',	'square',	'solid',	'FBD5B7',	6441211020,	61,	1,	'2017-03-23 06:40:13',	'2017-03-23 06:40:13'),
(408,	1231,	336,	7,	'top',	'square',	'solid',	'FBD5B7',	6441211020,	61,	1,	'2017-03-23 06:40:13',	'2017-03-23 06:40:13'),
(409,	1056,	621,	8,	'top',	'square',	'solid',	'FBD5B7',	6441211020,	61,	1,	'2017-03-23 06:40:13',	'2017-03-23 06:40:13'),
(410,	1055,	763,	9,	'bottom',	'square',	'solid',	'FBD5B7',	6441211020,	61,	1,	'2017-03-23 06:40:13',	'2017-03-23 06:40:13'),
(411,	899,	356,	10,	'top',	'square',	'solid',	'FBD5B7',	6441211020,	61,	1,	'2017-03-23 06:40:13',	'2017-03-23 06:40:13'),
(412,	867,	649,	11,	'top',	'square',	'solid',	'FBD5B7',	6441211020,	61,	1,	'2017-03-23 06:40:13',	'2017-03-23 06:40:13'),
(413,	675,	621,	12,	'top',	'square',	'solid',	'FBD5B7',	6441211020,	61,	1,	'2017-03-23 06:40:13',	'2017-03-23 06:40:13'),
(414,	679,	764,	13,	'bottom',	'square',	'solid',	'FBD5B7',	6441211020,	61,	1,	'2017-03-23 06:40:13',	'2017-03-23 06:40:13'),
(415,	503,	336,	14,	'top',	'square',	'solid',	'FBD5B7',	6441211020,	61,	1,	'2017-03-23 06:40:13',	'2017-03-23 06:40:13'),
(416,	388,	709,	15,	'left',	'square',	'solid',	'FBD5B7',	6441211020,	61,	1,	'2017-03-23 06:40:13',	'2017-03-23 06:40:13'),
(417,	327,	528,	16,	'left',	'square',	'solid',	'FBD5B7',	6441211020,	61,	1,	'2017-03-23 06:40:13',	'2017-03-23 06:40:13'),
(418,	1481,	249,	17,	'right',	'square',	'solid',	'95CDDC',	6441211020,	62,	1,	'2017-03-23 06:40:13',	'2017-03-23 06:40:13'),
(419,	1503,	379,	18,	'right',	'square',	'solid',	'95CDDC',	6441211020,	62,	1,	'2017-03-23 06:40:13',	'2017-03-23 06:40:13'),
(420,	255,	250,	19,	'left',	'square',	'solid',	'95CDDC',	6441211020,	62,	1,	'2017-03-23 06:40:13',	'2017-03-23 06:40:13'),
(421,	235,	379,	20,	'left',	'square',	'solid',	'95CDDC',	6441211020,	62,	1,	'2017-03-23 06:40:13',	'2017-03-23 06:40:13'),
(422,	949,	869,	21,	'bottom',	'square',	'solid',	'95CDDC',	6441211020,	62,	1,	'2017-03-23 06:40:13',	'2017-03-23 06:40:13'),
(423,	782,	853,	22,	'bottom',	'square',	'solid',	'95CDDC',	6441211020,	62,	1,	'2017-03-23 06:40:13',	'2017-03-23 06:40:13'),
(424,	1509,	441,	23,	'right',	'square',	'solid',	'B3A3C6',	6441211020,	62,	1,	'2017-03-23 06:40:13',	'2017-03-23 06:40:13'),
(425,	1480,	295,	24,	'right',	'square',	'solid',	'B3A3C6',	6441211020,	62,	1,	'2017-03-23 06:40:13',	'2017-03-23 06:40:13'),
(426,	257,	295,	25,	'left',	'square',	'solid',	'B3A3C6',	6441211020,	62,	1,	'2017-03-23 06:40:13',	'2017-03-23 06:40:13'),
(427,	228,	442,	26,	'left',	'square',	'solid',	'B3A3C6',	6441211020,	62,	1,	'2017-03-23 06:40:13',	'2017-03-23 06:40:13'),
(428,	890,	866,	27,	'bottom',	'square',	'solid',	'B3A3C6',	6441211020,	62,	1,	'2017-03-23 06:40:13',	'2017-03-23 06:40:13'),
(429,	842,	866,	28,	'bottom',	'square',	'solid',	'B3A3C6',	6441211020,	62,	1,	'2017-03-23 06:40:13',	'2017-03-23 06:40:13'),
(430,	1388,	337,	29,	'top',	'square',	'solid',	'C3D59E',	6441211020,	62,	1,	'2017-03-23 06:40:13',	'2017-03-23 06:40:13'),
(431,	1038,	348,	30,	'top',	'square',	'solid',	'C3D59E',	6441211020,	62,	1,	'2017-03-23 06:40:13',	'2017-03-23 06:40:13'),
(432,	733,	350,	31,	'top',	'square',	'solid',	'C3D59E',	6441211020,	62,	1,	'2017-03-23 06:40:13',	'2017-03-23 06:40:13'),
(433,	503,	335,	32,	'top',	'square',	'solid',	'C3D59E',	6441211020,	62,	1,	'2017-03-23 06:40:13',	'2017-03-23 06:40:13'),
(434,	1401,	652,	33,	'top',	'square',	'solid',	'C3D59E',	6441211020,	62,	1,	'2017-03-23 06:40:13',	'2017-03-23 06:40:13'),
(435,	1011,	843,	34,	'top',	'square',	'solid',	'C3D59E',	6441211020,	62,	1,	'2017-03-23 06:40:13',	'2017-03-23 06:40:13'),
(436,	728,	843,	35,	'top',	'square',	'solid',	'C3D59E',	6441211020,	62,	1,	'2017-03-23 06:40:13',	'2017-03-23 06:40:13'),
(437,	339,	652,	36,	'top',	'square',	'solid',	'C3D59E',	6441211020,	62,	1,	'2017-03-23 06:40:13',	'2017-03-23 06:40:13'),
(438,	1110,	790,	37,	'top',	'square',	'solid',	'C3D59E',	6441211020,	62,	1,	'2017-03-23 06:40:13',	'2017-03-23 06:40:13'),
(439,	627,	790,	38,	'top',	'square',	'solid',	'C3D59E',	6441211020,	62,	1,	'2017-03-23 06:40:13',	'2017-03-23 06:40:13'),
(440,	1559,	621,	39,	'bottom',	'square',	'solid',	'D89695',	6441211020,	63,	1,	'2017-03-23 06:40:13',	'2017-03-23 06:40:13'),
(441,	1083,	818,	40,	'bottom',	'square',	'solid',	'D89695',	6441211020,	63,	1,	'2017-03-23 06:40:13',	'2017-03-23 06:40:13'),
(442,	658,	817,	41,	'bottom',	'square',	'solid',	'D89695',	6441211020,	63,	1,	'2017-03-23 06:40:13',	'2017-03-23 06:40:13'),
(443,	179,	622,	42,	'bottom',	'square',	'solid',	'D89695',	6441211020,	63,	1,	'2017-03-23 06:40:13',	'2017-03-23 06:40:13'),
(444,	905,	496,	43,	'top',	'square',	'solid',	'1EB1ED',	6441211020,	63,	1,	'2017-03-23 06:40:13',	'2017-03-23 06:40:13'),
(445,	819,	496,	44,	'top',	'square',	'solid',	'1EB1ED',	6441211020,	63,	1,	'2017-03-23 06:40:13',	'2017-03-23 06:40:13'),
(446,	820,	580,	45,	'bottom',	'square',	'solid',	'1EB1ED',	6441211020,	63,	1,	'2017-03-23 06:40:13',	'2017-03-23 06:40:13'),
(447,	905,	580,	46,	'bottom',	'square',	'solid',	'1EB1ED',	6441211020,	63,	1,	'2017-03-23 06:40:13',	'2017-03-23 06:40:13'),
(448,	1301,	696,	47,	'bottom',	'square',	'solid',	'9B9B9B',	6441211020,	63,	1,	'2017-03-23 06:40:13',	'2017-03-23 06:40:13'),
(449,	1286,	594,	48,	'top',	'square',	'solid',	'9B9B9B',	6441211020,	63,	1,	'2017-03-23 06:40:13',	'2017-03-23 06:40:13'),
(450,	1113,	755,	49,	'bottom',	'square',	'solid',	'9B9B9B',	6441211020,	63,	1,	'2017-03-23 06:40:13',	'2017-03-23 06:40:13'),
(451,	1104,	630,	50,	'top',	'square',	'solid',	'9B9B9B',	6441211020,	63,	1,	'2017-03-23 06:40:13',	'2017-03-23 06:40:13'),
(452,	624,	630,	51,	'top',	'square',	'solid',	'9B9B9B',	6441211020,	63,	1,	'2017-03-23 06:40:13',	'2017-03-23 06:40:13'),
(453,	613,	756,	52,	'bottom',	'square',	'solid',	'9B9B9B',	6441211020,	63,	1,	'2017-03-23 06:40:13',	'2017-03-23 06:40:13'),
(454,	446,	595,	53,	'top',	'square',	'solid',	'9B9B9B',	6441211020,	63,	1,	'2017-03-23 06:40:13',	'2017-03-23 06:40:13'),
(455,	429,	697,	54,	'bottom',	'square',	'solid',	'9B9B9B',	6441211020,	63,	1,	'2017-03-23 06:40:13',	'2017-03-23 06:40:13'),
(456,	1356,	473,	55,	'top',	'square',	'solid',	'E26C22',	6441211020,	64,	1,	'2017-03-23 06:40:13',	'2017-03-23 06:40:13'),
(457,	1276,	525,	56,	'top',	'square',	'solid',	'E26C22',	6441211020,	64,	1,	'2017-03-23 06:40:13',	'2017-03-23 06:40:13'),
(458,	1076,	567,	57,	'top',	'square',	'solid',	'E26C22',	6441211020,	64,	1,	'2017-03-23 06:40:13',	'2017-03-23 06:40:13'),
(459,	975,	618,	58,	'top',	'square',	'solid',	'E26C22',	6441211020,	64,	1,	'2017-03-23 06:40:13',	'2017-03-23 06:40:13'),
(460,	910,	654,	59,	'top',	'square',	'solid',	'E26C22',	6441211020,	64,	1,	'2017-03-23 06:40:13',	'2017-03-23 06:40:13'),
(461,	822,	642,	60,	'top',	'square',	'solid',	'E26C22',	6441211020,	64,	1,	'2017-03-23 06:40:13',	'2017-03-23 06:40:13'),
(462,	648,	568,	61,	'top',	'square',	'solid',	'E26C22',	6441211020,	64,	1,	'2017-03-23 06:40:13',	'2017-03-23 06:40:13'),
(463,	451,	526,	62,	'top',	'square',	'solid',	'E26C22',	6441211020,	64,	1,	'2017-03-23 06:40:13',	'2017-03-23 06:40:13'),
(464,	327,	528,	63,	'top',	'square',	'solid',	'E26C22',	6441211020,	64,	1,	'2017-03-23 06:40:13',	'2017-03-23 06:40:13'),
(465,	1116,	900,	64,	'bottom',	'square',	'solid',	'36859A',	6441211020,	64,	1,	'2017-03-23 06:40:13',	'2017-03-23 06:40:13'),
(466,	626,	900,	65,	'bottom',	'square',	'solid',	'36859A',	6441211020,	64,	1,	'2017-03-23 06:40:13',	'2017-03-23 06:40:13'),
(467,	1435,	246,	66,	'top',	'square',	'solid',	'604B7A',	6441211020,	64,	1,	'2017-03-23 06:40:13',	'2017-03-23 06:40:13'),
(468,	305,	246,	67,	'top',	'square',	'solid',	'604B7A',	6441211020,	64,	1,	'2017-03-23 06:40:13',	'2017-03-23 06:40:13'),
(469,	1134,	883,	68,	'top',	'square',	'solid',	'1AAF54',	6441211020,	64,	1,	'2017-03-23 06:40:13',	'2017-03-23 06:40:13'),
(470,	609,	883,	69,	'top',	'square',	'solid',	'1AAF54',	6441211020,	64,	1,	'2017-03-23 06:40:13',	'2017-03-23 06:40:13'),
(471,	403,	264,	1,	'top',	'square',	'solid',	'C3D59E',	6441111010,	65,	1,	'2017-03-23 06:40:13',	'2017-03-23 06:40:13'),
(472,	871,	332,	2,	'top',	'square',	'solid',	'C3D59E',	6441111010,	65,	1,	'2017-03-23 06:40:13',	'2017-03-23 06:40:13'),
(473,	1336,	259,	3,	'top',	'square',	'solid',	'C3D59E',	6441111010,	65,	1,	'2017-03-23 06:40:13',	'2017-03-23 06:40:13'),
(474,	626,	343,	4,	'top',	'square',	'solid',	'C7DAF0',	6441111010,	65,	1,	'2017-03-23 06:40:13',	'2017-03-23 06:40:13'),
(475,	1115,	340,	5,	'top',	'square',	'solid',	'C7DAF0',	6441111010,	65,	1,	'2017-03-23 06:40:13',	'2017-03-23 06:40:13'),
(476,	742,	356,	6,	'top',	'square',	'solid',	'FDBF2D',	6441111010,	65,	1,	'2017-03-23 06:40:13',	'2017-03-23 06:40:13'),
(477,	999,	354,	7,	'top',	'square',	'solid',	'FDBF2D',	6441111010,	65,	1,	'2017-03-23 06:40:13',	'2017-03-23 06:40:13'),
(478,	871,	872,	8,	'top',	'square',	'solid',	'FD7D82',	6441111010,	65,	1,	'2017-03-23 06:40:13',	'2017-03-23 06:40:13'),
(479,	821,	897,	9,	'left',	'square',	'solid',	'D9D9D9',	6441111010,	65,	1,	'2017-03-23 06:40:13',	'2017-03-23 06:40:13'),
(480,	931,	901,	10,	'right',	'square',	'solid',	'D9D9D9',	6441111010,	65,	1,	'2017-03-23 06:40:13',	'2017-03-23 06:40:13'),
(481,	403,	264,	1,	'top',	'square',	'solid',	'C3D59E',	6441111020,	66,	1,	'2017-03-23 06:40:13',	'2017-03-23 06:40:13'),
(482,	871,	332,	2,	'top',	'square',	'solid',	'C3D59E',	6441111020,	66,	1,	'2017-03-23 06:40:13',	'2017-03-23 06:40:13'),
(483,	1336,	259,	3,	'top',	'square',	'solid',	'C3D59E',	6441111020,	66,	1,	'2017-03-23 06:40:13',	'2017-03-23 06:40:13'),
(484,	626,	343,	4,	'top',	'square',	'solid',	'C7DAF0',	6441111020,	66,	1,	'2017-03-23 06:40:13',	'2017-03-23 06:40:13'),
(485,	1115,	340,	5,	'top',	'square',	'solid',	'C7DAF0',	6441111020,	66,	1,	'2017-03-23 06:40:13',	'2017-03-23 06:40:13'),
(486,	742,	356,	6,	'top',	'square',	'solid',	'FDBF2D',	6441111020,	66,	1,	'2017-03-23 06:40:13',	'2017-03-23 06:40:13'),
(487,	999,	354,	7,	'top',	'square',	'solid',	'FDBF2D',	6441111020,	66,	1,	'2017-03-23 06:40:13',	'2017-03-23 06:40:13'),
(488,	871,	872,	8,	'top',	'square',	'solid',	'FD7D82',	6441111020,	66,	1,	'2017-03-23 06:40:13',	'2017-03-23 06:40:13'),
(489,	821,	897,	9,	'left',	'square',	'solid',	'D9D9D9',	6441111020,	66,	1,	'2017-03-23 06:40:13',	'2017-03-23 06:40:13'),
(490,	931,	901,	10,	'right',	'square',	'solid',	'D9D9D9',	6441111020,	66,	1,	'2017-03-23 06:40:13',	'2017-03-23 06:40:13'),
(491,	336,	598,	11,	'left',	'square',	'solid',	'D9D9D9',	6441111020,	67,	1,	'2017-03-23 06:40:13',	'2017-03-23 06:40:13'),
(492,	727,	651,	12,	'top',	'square',	'solid',	'D9D9D9',	6441111020,	67,	1,	'2017-03-23 06:40:13',	'2017-03-23 06:40:13'),
(493,	750,	772,	13,	'bottom',	'square',	'solid',	'D9D9D9',	6441111020,	67,	1,	'2017-03-23 06:40:13',	'2017-03-23 06:40:13'),
(494,	1017,	651,	14,	'top',	'square',	'solid',	'D9D9D9',	6441111020,	67,	1,	'2017-03-23 06:40:13',	'2017-03-23 06:40:13'),
(495,	996,	772,	15,	'bottom',	'square',	'solid',	'D9D9D9',	6441111020,	67,	1,	'2017-03-23 06:40:13',	'2017-03-23 06:40:13'),
(496,	1407,	597,	16,	'right',	'square',	'solid',	'D9D9D9',	6441111020,	67,	1,	'2017-03-23 06:40:13',	'2017-03-23 06:40:13'),
(497,	459,	595,	17,	'top',	'square',	'solid',	'1EB1ED',	6441111020,	67,	1,	'2017-03-23 06:40:13',	'2017-03-23 06:40:13'),
(498,	444,	695,	18,	'bottom',	'square',	'solid',	'1EB1ED',	6441111020,	67,	1,	'2017-03-23 06:40:13',	'2017-03-23 06:40:13'),
(499,	636,	629,	19,	'top',	'square',	'solid',	'1EB1ED',	6441111020,	67,	1,	'2017-03-23 06:40:13',	'2017-03-23 06:40:13'),
(500,	627,	752,	20,	'bottom',	'square',	'solid',	'1EB1ED',	6441111020,	67,	1,	'2017-03-23 06:40:13',	'2017-03-23 06:40:13'),
(501,	1108,	628,	21,	'top',	'square',	'solid',	'1EB1ED',	6441111020,	67,	1,	'2017-03-23 06:40:13',	'2017-03-23 06:40:13'),
(502,	1118,	750,	22,	'bottom',	'square',	'solid',	'1EB1ED',	6441111020,	67,	1,	'2017-03-23 06:40:13',	'2017-03-23 06:40:13'),
(503,	1285,	594,	23,	'top',	'square',	'solid',	'1EB1ED',	6441111020,	67,	1,	'2017-03-23 06:40:13',	'2017-03-23 06:40:13'),
(504,	1300,	694,	24,	'bottom',	'square',	'solid',	'1EB1ED',	6441111020,	67,	1,	'2017-03-23 06:40:13',	'2017-03-23 06:40:13'),
(505,	181,	479,	1,	'right',	'square',	'solid',	'95CDDC',	6714111020,	88,	1,	'2017-03-23 06:40:13',	'2017-03-23 06:40:13'),
(506,	183,	539,	2,	'right',	'square',	'solid',	'95CDDC',	6714111020,	88,	1,	'2017-03-23 06:40:13',	'2017-03-23 06:40:13'),
(507,	273,	268,	3,	'right',	'square',	'solid',	'95CDDC',	6714111020,	88,	1,	'2017-03-23 06:40:13',	'2017-03-23 06:40:13'),
(508,	246,	279,	4,	'top',	'square',	'solid',	'95CDDC',	6714111020,	88,	1,	'2017-03-23 06:40:13',	'2017-03-23 06:40:13'),
(509,	138,	299,	5,	'left',	'square',	'solid',	'95CDDC',	6714111020,	88,	1,	'2017-03-23 06:40:13',	'2017-03-23 06:40:13'),
(510,	135,	483,	6,	'left',	'square',	'solid',	'95CDDC',	6714111020,	88,	1,	'2017-03-23 06:40:13',	'2017-03-23 06:40:13'),
(511,	128,	518,	7,	'left',	'square',	'solid',	'95CDDC',	6714111020,	88,	1,	'2017-03-23 06:40:13',	'2017-03-23 06:40:13'),
(512,	128,	595,	8,	'left',	'square',	'solid',	'95CDDC',	6714111020,	88,	1,	'2017-03-23 06:40:13',	'2017-03-23 06:40:13'),
(513,	135,	627,	9,	'left',	'square',	'solid',	'95CDDC',	6714111020,	88,	1,	'2017-03-23 06:40:13',	'2017-03-23 06:40:13'),
(514,	210,	646,	10,	'right',	'square',	'solid',	'95CDDC',	6714111020,	88,	1,	'2017-03-23 06:40:13',	'2017-03-23 06:40:13'),
(515,	186,	852,	11,	'bottom',	'square',	'solid',	'95CDDC',	6714111020,	88,	1,	'2017-03-23 06:40:13',	'2017-03-23 06:40:13'),
(516,	454,	875,	12,	'bottom',	'square',	'solid',	'95CDDC',	6714111020,	88,	1,	'2017-03-23 06:40:13',	'2017-03-23 06:40:13'),
(517,	728,	870,	13,	'bottom',	'square',	'solid',	'95CDDC',	6714111020,	88,	1,	'2017-03-23 06:40:13',	'2017-03-23 06:40:13'),
(518,	1003,	864,	14,	'bottom',	'square',	'solid',	'95CDDC',	6714111020,	88,	1,	'2017-03-23 06:40:13',	'2017-03-23 06:40:13'),
(519,	1331,	795,	15,	'bottom',	'square',	'solid',	'95CDDC',	6714111020,	88,	1,	'2017-03-23 06:40:13',	'2017-03-23 06:40:13'),
(520,	1459,	679,	16,	'right',	'square',	'solid',	'95CDDC',	6714111020,	88,	1,	'2017-03-23 06:40:13',	'2017-03-23 06:40:13'),
(521,	1548,	531,	17,	'right',	'square',	'solid',	'95CDDC',	6714111020,	88,	1,	'2017-03-23 06:40:13',	'2017-03-23 06:40:13'),
(522,	1581,	362,	18,	'right',	'square',	'solid',	'95CDDC',	6714111020,	88,	1,	'2017-03-23 06:40:13',	'2017-03-23 06:40:13'),
(523,	1582,	249,	19,	'right',	'square',	'solid',	'95CDDC',	6714111020,	88,	1,	'2017-03-23 06:40:13',	'2017-03-23 06:40:13'),
(524,	1572,	209,	20,	'top',	'square',	'solid',	'95CDDC',	6714111020,	88,	1,	'2017-03-23 06:40:13',	'2017-03-23 06:40:13'),
(525,	757,	756,	21,	'top',	'square',	'solid',	'95CDDC',	6714111020,	88,	1,	'2017-03-23 06:40:13',	'2017-03-23 06:40:13'),
(526,	946,	756,	22,	'top',	'square',	'solid',	'95CDDC',	6714111020,	88,	1,	'2017-03-23 06:40:13',	'2017-03-23 06:40:13'),
(527,	459,	510,	23,	'top',	'square',	'solid',	'95CDDC',	6714111020,	88,	1,	'2017-03-23 06:40:13',	'2017-03-23 06:40:13'),
(528,	556,	481,	24,	'top',	'square',	'solid',	'95CDDC',	6714111020,	88,	1,	'2017-03-23 06:40:13',	'2017-03-23 06:40:13'),
(529,	561,	557,	25,	'bottom',	'square',	'solid',	'95CDDC',	6714111020,	88,	1,	'2017-03-23 06:40:13',	'2017-03-23 06:40:13'),
(530,	251,	243,	26,	'top',	'square',	'solid',	'FFFD38',	6714111020,	89,	1,	'2017-03-23 06:40:13',	'2017-03-23 06:40:13'),
(531,	360,	244,	27,	'top',	'square',	'solid',	'FFFD38',	6714111020,	89,	1,	'2017-03-23 06:40:13',	'2017-03-23 06:40:13'),
(532,	558,	233,	28,	'top',	'square',	'solid',	'FFFD38',	6714111020,	89,	1,	'2017-03-23 06:40:13',	'2017-03-23 06:40:13'),
(533,	767,	221,	29,	'top',	'square',	'solid',	'FFFD38',	6714111020,	89,	1,	'2017-03-23 06:40:13',	'2017-03-23 06:40:13'),
(534,	960,	212,	30,	'top',	'square',	'solid',	'FFFD38',	6714111020,	89,	1,	'2017-03-23 06:40:13',	'2017-03-23 06:40:13'),
(535,	1141,	202,	31,	'top',	'square',	'solid',	'FFFD38',	6714111020,	89,	1,	'2017-03-23 06:40:13',	'2017-03-23 06:40:13'),
(536,	1318,	192,	32,	'top',	'square',	'solid',	'FFFD38',	6714111020,	89,	1,	'2017-03-23 06:40:13',	'2017-03-23 06:40:13'),
(537,	1447,	188,	33,	'top',	'square',	'solid',	'FFFD38',	6714111020,	89,	1,	'2017-03-23 06:40:13',	'2017-03-23 06:40:13'),
(538,	1535,	251,	34,	'right',	'square',	'solid',	'FFFD38',	6714111020,	89,	1,	'2017-03-23 06:40:13',	'2017-03-23 06:40:13'),
(539,	1415,	427,	35,	'right',	'square',	'solid',	'FFFD38',	6714111020,	89,	1,	'2017-03-23 06:40:13',	'2017-03-23 06:40:13'),
(540,	1394,	474,	36,	'right',	'square',	'solid',	'FFFD38',	6714111020,	89,	1,	'2017-03-23 06:40:13',	'2017-03-23 06:40:13'),
(541,	1452,	337,	37,	'top',	'square',	'solid',	'FFFD38',	6714111020,	89,	1,	'2017-03-23 06:40:13',	'2017-03-23 06:40:13'),
(542,	1271,	342,	38,	'top',	'square',	'solid',	'FFFD38',	6714111020,	89,	1,	'2017-03-23 06:40:13',	'2017-03-23 06:40:13'),
(543,	1118,	348,	39,	'top',	'square',	'solid',	'FFFD38',	6714111020,	89,	1,	'2017-03-23 06:40:13',	'2017-03-23 06:40:13'),
(544,	903,	359,	40,	'top',	'square',	'solid',	'FFFD38',	6714111020,	89,	1,	'2017-03-23 06:40:13',	'2017-03-23 06:40:13'),
(545,	743,	369,	41,	'top',	'square',	'solid',	'FFFD38',	6714111020,	89,	1,	'2017-03-23 06:40:13',	'2017-03-23 06:40:13'),
(546,	613,	378,	42,	'top',	'square',	'solid',	'FFFD38',	6714111020,	89,	1,	'2017-03-23 06:40:13',	'2017-03-23 06:40:13'),
(547,	405,	393,	43,	'top',	'square',	'solid',	'FFFD38',	6714111020,	89,	1,	'2017-03-23 06:40:13',	'2017-03-23 06:40:13'),
(548,	244,	404,	44,	'left',	'square',	'solid',	'FFFD38',	6714111020,	89,	1,	'2017-03-23 06:40:13',	'2017-03-23 06:40:13'),
(549,	217,	436,	45,	'left',	'square',	'solid',	'FFFD38',	6714111020,	89,	1,	'2017-03-23 06:40:13',	'2017-03-23 06:40:13'),
(550,	217,	527,	46,	'left',	'square',	'solid',	'FFFD38',	6714111020,	89,	1,	'2017-03-23 06:40:13',	'2017-03-23 06:40:13'),
(551,	1559,	479,	1,	'left',	'square',	'solid',	'95CDDC',	6714211020,	84,	1,	'2017-03-23 06:40:13',	'2017-03-23 06:40:13'),
(552,	1557,	539,	2,	'left',	'square',	'solid',	'95CDDC',	6714211020,	84,	1,	'2017-03-23 06:40:13',	'2017-03-23 06:40:13'),
(553,	1467,	268,	3,	'left',	'square',	'solid',	'95CDDC',	6714211020,	84,	1,	'2017-03-23 06:40:13',	'2017-03-23 06:40:13'),
(554,	1494,	279,	4,	'top',	'square',	'solid',	'95CDDC',	6714211020,	84,	1,	'2017-03-23 06:40:13',	'2017-03-23 06:40:13'),
(555,	1602,	299,	5,	'right',	'square',	'solid',	'95CDDC',	6714211020,	84,	1,	'2017-03-23 06:40:13',	'2017-03-23 06:40:13'),
(556,	1605,	483,	6,	'right',	'square',	'solid',	'95CDDC',	6714211020,	84,	1,	'2017-03-23 06:40:13',	'2017-03-23 06:40:13'),
(557,	1612,	518,	7,	'right',	'square',	'solid',	'95CDDC',	6714211020,	84,	1,	'2017-03-23 06:40:13',	'2017-03-23 06:40:13'),
(558,	1612,	595,	8,	'right',	'square',	'solid',	'95CDDC',	6714211020,	84,	1,	'2017-03-23 06:40:13',	'2017-03-23 06:40:13'),
(559,	1605,	627,	9,	'right',	'square',	'solid',	'95CDDC',	6714211020,	84,	1,	'2017-03-23 06:40:13',	'2017-03-23 06:40:13'),
(560,	1530,	646,	10,	'left',	'square',	'solid',	'95CDDC',	6714211020,	84,	1,	'2017-03-23 06:40:13',	'2017-03-23 06:40:13'),
(561,	1554,	852,	11,	'bottom',	'square',	'solid',	'95CDDC',	6714211020,	84,	1,	'2017-03-23 06:40:13',	'2017-03-23 06:40:13'),
(562,	1286,	875,	12,	'bottom',	'square',	'solid',	'95CDDC',	6714211020,	84,	1,	'2017-03-23 06:40:13',	'2017-03-23 06:40:13'),
(563,	1012,	870,	13,	'bottom',	'square',	'solid',	'95CDDC',	6714211020,	84,	1,	'2017-03-23 06:40:13',	'2017-03-23 06:40:13'),
(564,	737,	864,	14,	'bottom',	'square',	'solid',	'95CDDC',	6714211020,	84,	1,	'2017-03-23 06:40:13',	'2017-03-23 06:40:13'),
(565,	409,	795,	15,	'bottom',	'square',	'solid',	'95CDDC',	6714211020,	84,	1,	'2017-03-23 06:40:13',	'2017-03-23 06:40:13'),
(566,	281,	679,	16,	'left',	'square',	'solid',	'95CDDC',	6714211020,	84,	1,	'2017-03-23 06:40:13',	'2017-03-23 06:40:13'),
(567,	192,	531,	17,	'left',	'square',	'solid',	'95CDDC',	6714211020,	84,	1,	'2017-03-23 06:40:13',	'2017-03-23 06:40:13'),
(568,	159,	362,	18,	'left',	'square',	'solid',	'95CDDC',	6714211020,	84,	1,	'2017-03-23 06:40:13',	'2017-03-23 06:40:13'),
(569,	158,	249,	19,	'left',	'square',	'solid',	'95CDDC',	6714211020,	84,	1,	'2017-03-23 06:40:13',	'2017-03-23 06:40:13'),
(570,	168,	209,	20,	'top',	'square',	'solid',	'95CDDC',	6714211020,	84,	1,	'2017-03-23 06:40:13',	'2017-03-23 06:40:13'),
(571,	983,	756,	21,	'top',	'square',	'solid',	'95CDDC',	6714211020,	84,	1,	'2017-03-23 06:40:13',	'2017-03-23 06:40:13'),
(572,	794,	756,	22,	'top',	'square',	'solid',	'95CDDC',	6714211020,	84,	1,	'2017-03-23 06:40:13',	'2017-03-23 06:40:13'),
(573,	1281,	510,	23,	'top',	'square',	'solid',	'95CDDC',	6714211020,	84,	1,	'2017-03-23 06:40:13',	'2017-03-23 06:40:13'),
(574,	1184,	481,	24,	'top',	'square',	'solid',	'95CDDC',	6714211020,	84,	1,	'2017-03-23 06:40:13',	'2017-03-23 06:40:13'),
(575,	1179,	557,	25,	'bottom',	'square',	'solid',	'95CDDC',	6714211020,	84,	1,	'2017-03-23 06:40:13',	'2017-03-23 06:40:13'),
(576,	1489,	243,	26,	'top',	'square',	'solid',	'FFFD38',	6714211020,	85,	1,	'2017-03-23 06:40:13',	'2017-03-23 06:40:13'),
(577,	1380,	244,	27,	'top',	'square',	'solid',	'FFFD38',	6714211020,	85,	1,	'2017-03-23 06:40:13',	'2017-03-23 06:40:13'),
(578,	1182,	233,	28,	'top',	'square',	'solid',	'FFFD38',	6714211020,	85,	1,	'2017-03-23 06:40:13',	'2017-03-23 06:40:13'),
(579,	973,	221,	29,	'top',	'square',	'solid',	'FFFD38',	6714211020,	85,	1,	'2017-03-23 06:40:13',	'2017-03-23 06:40:13'),
(580,	780,	212,	30,	'top',	'square',	'solid',	'FFFD38',	6714211020,	85,	1,	'2017-03-23 06:40:13',	'2017-03-23 06:40:13'),
(581,	599,	202,	31,	'top',	'square',	'solid',	'FFFD38',	6714211020,	85,	1,	'2017-03-23 06:40:13',	'2017-03-23 06:40:13'),
(582,	422,	192,	32,	'top',	'square',	'solid',	'FFFD38',	6714211020,	85,	1,	'2017-03-23 06:40:13',	'2017-03-23 06:40:13'),
(583,	293,	188,	33,	'top',	'square',	'solid',	'FFFD38',	6714211020,	85,	1,	'2017-03-23 06:40:13',	'2017-03-23 06:40:13'),
(584,	205,	251,	34,	'left',	'square',	'solid',	'FFFD38',	6714211020,	85,	1,	'2017-03-23 06:40:13',	'2017-03-23 06:40:13'),
(585,	325,	427,	35,	'left',	'square',	'solid',	'FFFD38',	6714211020,	85,	1,	'2017-03-23 06:40:13',	'2017-03-23 06:40:13'),
(586,	346,	474,	36,	'left',	'square',	'solid',	'FFFD38',	6714211020,	85,	1,	'2017-03-23 06:40:13',	'2017-03-23 06:40:13'),
(587,	288,	337,	37,	'top',	'square',	'solid',	'FFFD38',	6714211020,	85,	1,	'2017-03-23 06:40:13',	'2017-03-23 06:40:13'),
(588,	469,	342,	38,	'top',	'square',	'solid',	'FFFD38',	6714211020,	85,	1,	'2017-03-23 06:40:13',	'2017-03-23 06:40:13'),
(589,	622,	348,	39,	'top',	'square',	'solid',	'FFFD38',	6714211020,	85,	1,	'2017-03-23 06:40:13',	'2017-03-23 06:40:13'),
(590,	837,	359,	40,	'top',	'square',	'solid',	'FFFD38',	6714211020,	85,	1,	'2017-03-23 06:40:13',	'2017-03-23 06:40:13'),
(591,	997,	369,	41,	'top',	'square',	'solid',	'FFFD38',	6714211020,	85,	1,	'2017-03-23 06:40:13',	'2017-03-23 06:40:13'),
(592,	1127,	378,	42,	'top',	'square',	'solid',	'FFFD38',	6714211020,	85,	1,	'2017-03-23 06:40:13',	'2017-03-23 06:40:13'),
(593,	1335,	393,	43,	'top',	'square',	'solid',	'FFFD38',	6714211020,	85,	1,	'2017-03-23 06:40:13',	'2017-03-23 06:40:13'),
(594,	1496,	404,	44,	'right',	'square',	'solid',	'FFFD38',	6714211020,	85,	1,	'2017-03-23 06:40:13',	'2017-03-23 06:40:13'),
(595,	1523,	436,	45,	'right',	'square',	'solid',	'FFFD38',	6714211020,	85,	1,	'2017-03-23 06:40:13',	'2017-03-23 06:40:13'),
(596,	1523,	527,	46,	'right',	'square',	'solid',	'FFFD38',	6714211020,	85,	1,	'2017-03-23 06:40:13',	'2017-03-23 06:40:13'),
(597,	137,	247,	1,	'top',	'square',	'solid',	'FFFD38',	6715111020,	90,	1,	'2017-03-23 06:40:13',	'2017-03-23 06:40:13'),
(598,	269,	248,	2,	'top',	'square',	'solid',	'FFFD38',	6715111020,	90,	1,	'2017-03-23 06:40:13',	'2017-03-23 06:40:13'),
(599,	514,	233,	3,	'top',	'square',	'solid',	'FFFD38',	6715111020,	90,	1,	'2017-03-23 06:40:13',	'2017-03-23 06:40:13'),
(600,	772,	218,	4,	'top',	'square',	'solid',	'FFFD38',	6715111020,	90,	1,	'2017-03-23 06:40:13',	'2017-03-23 06:40:13'),
(601,	1010,	209,	5,	'top',	'square',	'solid',	'FFFD38',	6715111020,	90,	1,	'2017-03-23 06:40:13',	'2017-03-23 06:40:13'),
(602,	1233,	194,	6,	'top',	'square',	'solid',	'FFFD38',	6715111020,	90,	1,	'2017-03-23 06:40:13',	'2017-03-23 06:40:13'),
(603,	1451,	184,	7,	'top',	'square',	'solid',	'FFFD38',	6715111020,	90,	1,	'2017-03-23 06:40:13',	'2017-03-23 06:40:13'),
(604,	1590,	177,	8,	'top',	'square',	'solid',	'FFFD38',	6715111020,	90,	1,	'2017-03-23 06:40:13',	'2017-03-23 06:40:13'),
(605,	128,	446,	9,	'bottom',	'square',	'solid',	'FFFD38',	6715111020,	90,	1,	'2017-03-23 06:40:13',	'2017-03-23 06:40:13'),
(606,	327,	433,	10,	'bottom',	'square',	'solid',	'FFFD38',	6715111020,	90,	1,	'2017-03-23 06:40:13',	'2017-03-23 06:40:13'),
(607,	582,	414,	11,	'bottom',	'square',	'solid',	'FFFD38',	6715111020,	90,	1,	'2017-03-23 06:40:13',	'2017-03-23 06:40:13'),
(608,	743,	403,	12,	'bottom',	'square',	'solid',	'FFFD38',	6715111020,	90,	1,	'2017-03-23 06:40:13',	'2017-03-23 06:40:13'),
(609,	940,	390,	13,	'bottom',	'square',	'solid',	'FFFD38',	6715111020,	90,	1,	'2017-03-23 06:40:13',	'2017-03-23 06:40:13'),
(610,	1205,	376,	14,	'bottom',	'square',	'solid',	'FFFD38',	6715111020,	90,	1,	'2017-03-23 06:40:13',	'2017-03-23 06:40:13'),
(611,	1394,	368,	15,	'bottom',	'square',	'solid',	'FFFD38',	6715111020,	90,	1,	'2017-03-23 06:40:13',	'2017-03-23 06:40:13'),
(612,	1616,	364,	16,	'bottom',	'square',	'solid',	'FFFD38',	6715111020,	90,	1,	'2017-03-23 06:40:13',	'2017-03-23 06:40:13'),
(613,	801,	840,	17,	'bottom',	'square',	'solid',	'95CDDC',	6715111020,	91,	1,	'2017-03-23 06:40:13',	'2017-03-23 06:40:13'),
(614,	878,	833,	18,	'bottom',	'square',	'solid',	'95CDDC',	6715111020,	91,	1,	'2017-03-23 06:40:13',	'2017-03-23 06:40:13'),
(615,	920,	679,	19,	'top',	'square',	'solid',	'95CDDC',	6715111020,	91,	1,	'2017-03-23 06:40:13',	'2017-03-23 06:40:13'),
(616,	324,	300,	20,	'top',	'square',	'solid',	'95CDDC',	6715111020,	91,	1,	'2017-03-23 06:40:13',	'2017-03-23 06:40:13'),
(617,	391,	314,	21,	'top',	'square',	'solid',	'95CDDC',	6715111020,	91,	1,	'2017-03-23 06:40:13',	'2017-03-23 06:40:13'),
(618,	1450,	238,	22,	'top',	'square',	'solid',	'95CDDC',	6715111020,	91,	1,	'2017-03-23 06:40:13',	'2017-03-23 06:40:13'),
(619,	1515,	256,	23,	'top',	'square',	'solid',	'95CDDC',	6715111020,	91,	1,	'2017-03-23 06:40:13',	'2017-03-23 06:40:13'),
(620,	1681,	262,	24,	'right',	'square',	'solid',	'95CDDC',	6715111020,	91,	1,	'2017-03-23 06:40:13',	'2017-03-23 06:40:13'),
(621,	1681,	327,	25,	'right',	'square',	'solid',	'95CDDC',	6715111020,	91,	1,	'2017-03-23 06:40:13',	'2017-03-23 06:40:13'),
(622,	168,	349,	26,	'top',	'square',	'solid',	'95CDDC',	6715111020,	91,	1,	'2017-03-23 06:40:13',	'2017-03-23 06:40:13'),
(623,	922,	208,	27,	'top',	'square',	'solid',	'95CDDC',	6715111020,	91,	1,	'2017-03-23 06:40:13',	'2017-03-23 06:40:13'),
(624,	1085,	200,	28,	'top',	'square',	'solid',	'95CDDC',	6715111020,	91,	1,	'2017-03-23 06:40:13',	'2017-03-23 06:40:13'),
(625,	1636,	221,	29,	'top',	'square',	'solid',	'95CDDC',	6715111020,	91,	1,	'2017-03-23 06:40:13',	'2017-03-23 06:40:13'),
(626,	880,	720,	30,	'left',	'square',	'solid',	'95CDDC',	6715111020,	91,	1,	'2017-03-23 06:40:13',	'2017-03-23 06:40:13'),
(627,	1603,	247,	1,	'top',	'square',	'solid',	'FFFD38',	6715211020,	86,	1,	'2017-03-23 06:40:13',	'2017-03-23 06:40:13'),
(628,	1471,	248,	2,	'top',	'square',	'solid',	'FFFD38',	6715211020,	86,	1,	'2017-03-23 06:40:13',	'2017-03-23 06:40:13'),
(629,	1226,	233,	3,	'top',	'square',	'solid',	'FFFD38',	6715211020,	86,	1,	'2017-03-23 06:40:13',	'2017-03-23 06:40:13'),
(630,	968,	218,	4,	'top',	'square',	'solid',	'FFFD38',	6715211020,	86,	1,	'2017-03-23 06:40:13',	'2017-03-23 06:40:13'),
(631,	730,	209,	5,	'top',	'square',	'solid',	'FFFD38',	6715211020,	86,	1,	'2017-03-23 06:40:13',	'2017-03-23 06:40:13'),
(632,	507,	194,	6,	'top',	'square',	'solid',	'FFFD38',	6715211020,	86,	1,	'2017-03-23 06:40:13',	'2017-03-23 06:40:13'),
(633,	289,	184,	7,	'top',	'square',	'solid',	'FFFD38',	6715211020,	86,	1,	'2017-03-23 06:40:13',	'2017-03-23 06:40:13'),
(634,	150,	177,	8,	'top',	'square',	'solid',	'FFFD38',	6715211020,	86,	1,	'2017-03-23 06:40:13',	'2017-03-23 06:40:13'),
(635,	1612,	446,	9,	'bottom',	'square',	'solid',	'FFFD38',	6715211020,	86,	1,	'2017-03-23 06:40:13',	'2017-03-23 06:40:13'),
(636,	1413,	433,	10,	'bottom',	'square',	'solid',	'FFFD38',	6715211020,	86,	1,	'2017-03-23 06:40:13',	'2017-03-23 06:40:13'),
(637,	1158,	414,	11,	'bottom',	'square',	'solid',	'FFFD38',	6715211020,	86,	1,	'2017-03-23 06:40:13',	'2017-03-23 06:40:13'),
(638,	997,	403,	12,	'bottom',	'square',	'solid',	'FFFD38',	6715211020,	86,	1,	'2017-03-23 06:40:13',	'2017-03-23 06:40:13'),
(639,	800,	390,	13,	'bottom',	'square',	'solid',	'FFFD38',	6715211020,	86,	1,	'2017-03-23 06:40:13',	'2017-03-23 06:40:13'),
(640,	535,	376,	14,	'bottom',	'square',	'solid',	'FFFD38',	6715211020,	86,	1,	'2017-03-23 06:40:13',	'2017-03-23 06:40:13'),
(641,	346,	368,	15,	'bottom',	'square',	'solid',	'FFFD38',	6715211020,	86,	1,	'2017-03-23 06:40:13',	'2017-03-23 06:40:13'),
(642,	124,	364,	16,	'bottom',	'square',	'solid',	'FFFD38',	6715211020,	86,	1,	'2017-03-23 06:40:13',	'2017-03-23 06:40:13'),
(643,	939,	840,	17,	'bottom',	'square',	'solid',	'95CDDC',	6715211020,	87,	1,	'2017-03-23 06:40:13',	'2017-03-23 06:40:13'),
(644,	862,	833,	18,	'bottom',	'square',	'solid',	'95CDDC',	6715211020,	87,	1,	'2017-03-23 06:40:13',	'2017-03-23 06:40:13'),
(645,	820,	679,	19,	'top',	'square',	'solid',	'95CDDC',	6715211020,	87,	1,	'2017-03-23 06:40:13',	'2017-03-23 06:40:13'),
(646,	1416,	300,	20,	'top',	'square',	'solid',	'95CDDC',	6715211020,	87,	1,	'2017-03-23 06:40:13',	'2017-03-23 06:40:13'),
(647,	1349,	314,	21,	'top',	'square',	'solid',	'95CDDC',	6715211020,	87,	1,	'2017-03-23 06:40:13',	'2017-03-23 06:40:13'),
(648,	290,	238,	22,	'top',	'square',	'solid',	'95CDDC',	6715211020,	87,	1,	'2017-03-23 06:40:13',	'2017-03-23 06:40:13'),
(649,	225,	256,	23,	'top',	'square',	'solid',	'95CDDC',	6715211020,	87,	1,	'2017-03-23 06:40:13',	'2017-03-23 06:40:13'),
(650,	59,	262,	24,	'left',	'square',	'solid',	'95CDDC',	6715211020,	87,	1,	'2017-03-23 06:40:13',	'2017-03-23 06:40:13'),
(651,	59,	327,	25,	'left',	'square',	'solid',	'95CDDC',	6715211020,	87,	1,	'2017-03-23 06:40:13',	'2017-03-23 06:40:13'),
(652,	1572,	349,	26,	'top',	'square',	'solid',	'95CDDC',	6715211020,	87,	1,	'2017-03-23 06:40:13',	'2017-03-23 06:40:13'),
(653,	818,	208,	27,	'top',	'square',	'solid',	'95CDDC',	6715211020,	87,	1,	'2017-03-23 06:40:13',	'2017-03-23 06:40:13'),
(654,	655,	200,	28,	'top',	'square',	'solid',	'95CDDC',	6715211020,	87,	1,	'2017-03-23 06:40:13',	'2017-03-23 06:40:13'),
(655,	104,	221,	29,	'top',	'square',	'solid',	'95CDDC',	6715211020,	87,	1,	'2017-03-23 06:40:13',	'2017-03-23 06:40:13'),
(656,	860,	720,	30,	'right',	'square',	'solid',	'95CDDC',	6715211020,	87,	1,	'2017-03-23 06:40:13',	'2017-03-23 06:40:13'),
(657,	735,	366,	1,	'top',	'square',	'solid',	'F5964F',	6441211010,	92,	1,	'2017-03-23 06:40:13',	'2017-03-23 06:40:13'),
(658,	1003,	366,	2,	'top',	'square',	'solid',	'F5964F',	6441211010,	92,	1,	'2017-03-23 06:40:13',	'2017-03-23 06:40:13'),
(659,	711,	714,	3,	'top',	'square',	'solid',	'F5964F',	6441211010,	92,	1,	'2017-03-23 06:40:13',	'2017-03-23 06:40:13'),
(660,	665,	714,	4,	'top',	'square',	'solid',	'F5964F',	6441211010,	92,	1,	'2017-03-23 06:40:13',	'2017-03-23 06:40:13'),
(661,	678,	772,	5,	'bottom',	'square',	'solid',	'F5964F',	6441211010,	92,	1,	'2017-03-23 06:40:13',	'2017-03-23 06:40:13'),
(662,	439,	603,	6,	'top',	'square',	'solid',	'F5964F',	6441211010,	92,	1,	'2017-03-23 06:40:13',	'2017-03-23 06:40:13'),
(663,	624,	639,	7,	'top',	'square',	'solid',	'F5964F',	6441211010,	92,	1,	'2017-03-23 06:40:13',	'2017-03-23 06:40:13'),
(664,	1117,	640,	8,	'top',	'square',	'solid',	'F5964F',	6441211010,	92,	1,	'2017-03-23 06:40:13',	'2017-03-23 06:40:13'),
(665,	1302,	601,	9,	'top',	'square',	'solid',	'F5964F',	6441211010,	92,	1,	'2017-03-23 06:40:13',	'2017-03-23 06:40:13'),
(666,	423,	709,	10,	'bottom',	'square',	'solid',	'F5964F',	6441211010,	92,	1,	'2017-03-23 06:40:13',	'2017-03-23 06:40:13'),
(667,	614,	768,	11,	'bottom',	'square',	'solid',	'F5964F',	6441211010,	92,	1,	'2017-03-23 06:40:13',	'2017-03-23 06:40:13'),
(668,	1127,	768,	12,	'bottom',	'square',	'solid',	'F5964F',	6441211010,	92,	1,	'2017-03-23 06:40:13',	'2017-03-23 06:40:13'),
(669,	1318,	706,	13,	'bottom',	'square',	'solid',	'F5964F',	6441211010,	92,	1,	'2017-03-23 06:40:13',	'2017-03-23 06:40:13'),
(670,	735,	366,	1,	'top',	'square',	'solid',	'F5964F',	6441211020,	93,	1,	'2017-03-23 06:40:13',	'2017-03-23 06:40:13'),
(671,	1003,	366,	2,	'top',	'square',	'solid',	'F5964F',	6441211020,	93,	1,	'2017-03-23 06:40:13',	'2017-03-23 06:40:13'),
(672,	711,	714,	3,	'top',	'square',	'solid',	'F5964F',	6441211020,	93,	1,	'2017-03-23 06:40:13',	'2017-03-23 06:40:13'),
(673,	665,	714,	4,	'top',	'square',	'solid',	'F5964F',	6441211020,	93,	1,	'2017-03-23 06:40:13',	'2017-03-23 06:40:13'),
(674,	678,	772,	5,	'bottom',	'square',	'solid',	'F5964F',	6441211020,	93,	1,	'2017-03-23 06:40:13',	'2017-03-23 06:40:13'),
(675,	439,	603,	6,	'top',	'square',	'solid',	'F5964F',	6441211020,	93,	1,	'2017-03-23 06:40:13',	'2017-03-23 06:40:13'),
(676,	626,	343,	1,	'top',	'square',	'solid',	'36859A',	6441111010,	94,	1,	'2017-03-23 06:40:13',	'2017-03-23 06:40:13'),
(677,	1115,	340,	2,	'top',	'square',	'solid',	'36859A',	6441111010,	94,	1,	'2017-03-23 06:40:13',	'2017-03-23 06:40:13'),
(678,	626,	343,	1,	'top',	'square',	'solid',	'36859A',	6441111020,	95,	1,	'2017-03-23 06:40:13',	'2017-03-23 06:40:13'),
(679,	1115,	340,	2,	'top',	'square',	'solid',	'36859A',	6441111020,	95,	1,	'2017-03-23 06:40:13',	'2017-03-23 06:40:13'),
(680,	336,	598,	3,	'left',	'square',	'solid',	'36859A',	6441111020,	95,	1,	'2017-03-23 06:40:13',	'2017-03-23 06:40:13'),
(681,	727,	651,	4,	'top',	'square',	'solid',	'36859A',	6441111020,	95,	1,	'2017-03-23 06:40:13',	'2017-03-23 06:40:13'),
(682,	1017,	651,	5,	'top',	'square',	'solid',	'36859A',	6441111020,	95,	1,	'2017-03-23 06:40:13',	'2017-03-23 06:40:13'),
(683,	1407,	597,	6,	'right',	'square',	'solid',	'36859A',	6441111020,	95,	1,	'2017-03-23 06:40:13',	'2017-03-23 06:40:13'),
(684,	750,	772,	7,	'bottom',	'square',	'solid',	'36859A',	6441111020,	95,	1,	'2017-03-23 06:40:13',	'2017-03-23 06:40:13'),
(685,	996,	772,	8,	'bottom',	'square',	'solid',	'36859A',	6441111020,	95,	1,	'2017-03-23 06:40:13',	'2017-03-23 06:40:13');

TRUNCATE `inlines`;

TRUNCATE `inline_types`;
INSERT INTO `inline_types` (`id`, `x`, `y`, `lx`, `ly`, `label`, `side`, `position`, `min`, `max`, `pt_pn`, `figure_id`, `created_at`, `updated_at`) VALUES
(1,	1529,	341,	0,	0,	1,	'right',	'H14',	-0.900,	1.600,	6714111020,	10,	'2017-03-23 06:40:13',	'2017-03-23 06:40:13'),
(2,	1075,	581,	0,	0,	2,	'right',	'L22',	-2.500,	0.700,	6714111020,	10,	'2017-03-23 06:40:13',	'2017-03-23 06:40:13'),
(3,	865,	578,	0,	0,	3,	'right',	'L25',	-1.200,	1.800,	6714111020,	10,	'2017-03-23 06:40:13',	'2017-03-23 06:40:13'),
(4,	323,	110,	0,	0,	4,	'right',	'H16+75',	-1.000,	0.900,	6714111020,	10,	'2017-03-23 06:40:13',	'2017-03-23 06:40:13'),
(5,	379,	377,	0,	0,	5,	'right',	'H13',	-1.000,	1.000,	6714111020,	10,	'2017-03-23 06:40:13',	'2017-03-23 06:40:13'),
(6,	335,	255,	0,	0,	6,	'right',	'H14+50',	-1.300,	0.900,	6714111020,	10,	'2017-03-23 06:40:13',	'2017-03-23 06:40:13'),
(7,	323,	160,	0,	0,	7,	'right',	'H15+50',	-0.800,	1.100,	6714111020,	10,	'2017-03-23 06:40:13',	'2017-03-23 06:40:13'),
(8,	794,	83,	0,	0,	8,	'right',	'L25+19',	-2.000,	0.900,	6714111020,	10,	'2017-03-23 06:40:13',	'2017-03-23 06:40:13'),
(9,	1073,	94,	0,	0,	9,	'right',	'L21+91',	-1.600,	1.200,	6714111020,	10,	'2017-03-23 06:40:13',	'2017-03-23 06:40:13'),
(10,	353,	296,	0,	0,	10,	'right',	'L19+20',	-3.200,	0.800,	6715111020,	12,	'2017-03-23 06:40:13',	'2017-03-23 06:40:13'),
(11,	1115,	246,	0,	0,	11,	'right',	'L26+76',	-1.200,	2.200,	6715111020,	12,	'2017-03-23 06:40:13',	'2017-03-23 06:40:13'),
(12,	1419,	236,	0,	0,	12,	'right',	'L29+75',	-1.600,	1.200,	6715111020,	12,	'2017-03-23 06:40:13',	'2017-03-23 06:40:13'),
(13,	532,	162,	0,	0,	13,	'right',	'L211+91.3',	-1.600,	2.200,	6715111020,	12,	'2017-03-23 06:40:13',	'2017-03-23 06:40:13'),
(14,	1137,	110,	0,	0,	14,	'right',	'L26+76.2',	-1.700,	3.900,	6715111020,	12,	'2017-03-23 06:40:13',	'2017-03-23 06:40:13'),
(15,	78,	84,	0,	0,	15,	'right',	'H16+75',	-0.800,	0.300,	6714111020,	10,	'2017-03-23 06:40:13',	'2017-03-23 06:40:13'),
(16,	108,	394,	0,	0,	16,	'right',	'H13',	-0.800,	0.000,	6714111020,	10,	'2017-03-23 06:40:13',	'2017-03-23 06:40:13'),
(17,	88,	259,	0,	0,	17,	'right',	'H14+50',	-0.500,	0.300,	6714111020,	10,	'2017-03-23 06:40:13',	'2017-03-23 06:40:13'),
(18,	78,	132,	0,	0,	18,	'right',	'H15+50',	-0.400,	0.200,	6714111020,	10,	'2017-03-23 06:40:13',	'2017-03-23 06:40:13'),
(19,	1353,	449,	0,	0,	19,	'right',	'H12+80',	-1.000,	0.300,	6714111020,	10,	'2017-03-23 06:40:13',	'2017-03-23 06:40:13'),
(20,	485,	298,	10,	10,	20,	'right',	'H14+20',	-1.700,	0.100,	6714111020,	10,	'2017-03-23 06:40:13',	'2017-03-23 06:40:13'),
(21,	197,	341,	0,	0,	1,	'left',	'H14',	-1.000,	1.600,	6714211020,	9,	'2017-03-23 06:40:13',	'2017-03-23 06:40:13'),
(22,	651,	581,	0,	0,	2,	'left',	'L22',	-2.400,	0.800,	6714211020,	9,	'2017-03-23 06:40:13',	'2017-03-23 06:40:13'),
(23,	861,	578,	0,	0,	3,	'left',	'L25',	-0.600,	1.500,	6714211020,	9,	'2017-03-23 06:40:13',	'2017-03-23 06:40:13'),
(24,	1403,	110,	0,	0,	4,	'left',	'H16+75',	-0.700,	1.200,	6714211020,	9,	'2017-03-23 06:40:13',	'2017-03-23 06:40:13'),
(25,	1347,	377,	10,	10,	5,	'left',	'H13',	-1.000,	0.800,	6714211020,	9,	'2017-03-23 06:40:13',	'2017-03-23 06:40:13'),
(26,	1391,	255,	0,	0,	6,	'left',	'H14+50',	-1.200,	1.000,	6714211020,	9,	'2017-03-23 06:40:13',	'2017-03-23 06:40:13'),
(27,	1403,	160,	0,	0,	7,	'left',	'H15+50',	-1.000,	1.200,	6714211020,	9,	'2017-03-23 06:40:13',	'2017-03-23 06:40:13'),
(28,	932,	83,	0,	0,	8,	'left',	'L25+19',	-2.800,	1.000,	6714211020,	9,	'2017-03-23 06:40:13',	'2017-03-23 06:40:13'),
(29,	653,	94,	0,	0,	9,	'left',	'L21+91',	-2.300,	0.800,	6714211020,	9,	'2017-03-23 06:40:13',	'2017-03-23 06:40:13'),
(30,	1373,	296,	0,	0,	10,	'left',	'L19+20',	-3.100,	1.400,	6715211020,	11,	'2017-03-23 06:40:13',	'2017-03-23 06:40:13'),
(31,	611,	246,	0,	0,	11,	'left',	'L26+76',	-1.700,	2.100,	6715211020,	11,	'2017-03-23 06:40:13',	'2017-03-23 06:40:13'),
(32,	307,	236,	0,	0,	12,	'left',	'L29+75',	-3.200,	1.400,	6715211020,	11,	'2017-03-23 06:40:13',	'2017-03-23 06:40:13'),
(33,	1194,	162,	0,	0,	13,	'left',	'L211+91.3',	-0.400,	2.200,	6715211020,	11,	'2017-03-23 06:40:13',	'2017-03-23 06:40:13'),
(34,	589,	110,	0,	0,	14,	'left',	'L26+76.2',	-1.000,	3.400,	6715211020,	11,	'2017-03-23 06:40:13',	'2017-03-23 06:40:13'),
(35,	1648,	84,	0,	0,	15,	'left',	'H16+75',	-0.900,	0.400,	6714211020,	9,	'2017-03-23 06:40:13',	'2017-03-23 06:40:13'),
(36,	1618,	394,	0,	0,	16,	'left',	'H13',	-0.800,	0.000,	6714211020,	9,	'2017-03-23 06:40:13',	'2017-03-23 06:40:13'),
(37,	1638,	259,	0,	0,	17,	'left',	'H14+50',	-0.900,	0.200,	6714211020,	9,	'2017-03-23 06:40:13',	'2017-03-23 06:40:13'),
(38,	1648,	132,	0,	0,	18,	'left',	'H15+50',	-0.500,	0.700,	6714211020,	9,	'2017-03-23 06:40:13',	'2017-03-23 06:40:13'),
(39,	373,	449,	0,	0,	19,	'left',	'H12+80',	-1.200,	0.200,	6714211020,	9,	'2017-03-23 06:40:13',	'2017-03-23 06:40:13'),
(40,	1241,	298,	10,	10,	20,	'left',	'H14+20',	-1.400,	0.400,	6714211020,	9,	'2017-03-23 06:40:13',	'2017-03-23 06:40:13'),
(41,	255,	260,	0,	0,	1,	'left',	'W5L+50',	-1.000,	0.400,	6441211010,	13,	'2017-03-23 06:40:13',	'2017-03-23 06:40:13'),
(42,	175,	360,	0,	0,	2,	'left',	'L42',	-1.000,	0.400,	6441211010,	13,	'2017-03-23 06:40:13',	'2017-03-23 06:40:13'),
(43,	105,	480,	0,	0,	3,	'left',	'L44+80',	-0.500,	0.900,	6441211010,	13,	'2017-03-23 06:40:13',	'2017-03-23 06:40:13'),
(44,	435,	710,	0,	0,	4,	'left',	'W3L',	-3.500,	1.500,	6441211010,	13,	'2017-03-23 06:40:13',	'2017-03-23 06:40:13'),
(45,	805,	750,	0,	0,	5,	'left',	'W0',	-5.000,	0.000,	6441211010,	13,	'2017-03-23 06:40:13',	'2017-03-23 06:40:13'),
(46,	1199,	730,	0,	0,	6,	'left',	'W3R',	-3.500,	1.500,	6441211010,	13,	'2017-03-23 06:40:13',	'2017-03-23 06:40:13'),
(47,	1609,	560,	0,	0,	7,	'left',	'L44+80',	-0.550,	0.850,	6441211010,	13,	'2017-03-23 06:40:13',	'2017-03-23 06:40:13'),
(48,	1629,	420,	10,	10,	8,	'left',	'L42',	-0.950,	0.450,	6441211010,	13,	'2017-03-23 06:40:13',	'2017-03-23 06:40:13'),
(49,	1619,	310,	10,	10,	9,	'left',	'W5R+50',	-1.000,	0.400,	6441211010,	13,	'2017-03-23 06:40:13',	'2017-03-23 06:40:13'),
(50,	909,	310,	0,	0,	10,	'left',	'W0',	-2.000,	2.000,	6441211010,	13,	'2017-03-23 06:40:13',	'2017-03-23 06:40:13'),
(51,	259,	540,	10,	10,	11,	'left',	'W5L',	-3.000,	1.000,	6441211010,	13,	'2017-03-23 06:40:13',	'2017-03-23 06:40:13'),
(52,	813,	693,	0,	0,	12,	'left',	'W0',	-4.000,	1.000,	6441211010,	13,	'2017-03-23 06:40:13',	'2017-03-23 06:40:13'),
(53,	1443,	623,	0,	0,	13,	'left',	'W5R',	-3.000,	1.000,	6441211010,	13,	'2017-03-23 06:40:13',	'2017-03-23 06:40:13'),
(54,	105,	580,	0,	0,	14,	'left',	'H16+40',	-0.500,	2.500,	6441211010,	13,	'2017-03-23 06:40:13',	'2017-03-23 06:40:13'),
(55,	1599,	630,	0,	0,	15,	'left',	'H16+40',	-0.500,	2.500,	6441211010,	13,	'2017-03-23 06:40:13',	'2017-03-23 06:40:13'),
(56,	255,	438,	0,	0,	16,	'left',	'L44',	-3.000,	1.000,	6441211010,	13,	'2017-03-23 06:40:13',	'2017-03-23 06:40:13'),
(57,	1531,	487,	0,	0,	17,	'left',	'L44',	-3.000,	1.000,	6441211010,	13,	'2017-03-23 06:40:13',	'2017-03-23 06:40:13'),
(58,	255,	260,	10,	10,	1,	'left',	'W5L+50',	-1.000,	0.400,	6441211020,	14,	'2017-03-23 06:40:13',	'2017-03-23 06:40:13'),
(59,	175,	360,	10,	10,	2,	'left',	'L42',	-9.500,	0.450,	6441211020,	14,	'2017-03-23 06:40:13',	'2017-03-23 06:40:13'),
(60,	105,	480,	10,	10,	3,	'left',	'L44+80',	-0.450,	0.950,	6441211020,	14,	'2017-03-23 06:40:13',	'2017-03-23 06:40:13'),
(61,	435,	710,	10,	10,	4,	'left',	'W3L',	-3.500,	1.500,	6441211020,	14,	'2017-03-23 06:40:13',	'2017-03-23 06:40:13'),
(62,	805,	750,	10,	10,	5,	'left',	'W0',	-5.000,	0.000,	6441211020,	14,	'2017-03-23 06:40:13',	'2017-03-23 06:40:13'),
(63,	1199,	730,	10,	10,	6,	'left',	'W3R',	-3.500,	1.500,	6441211020,	14,	'2017-03-23 06:40:13',	'2017-03-23 06:40:13'),
(64,	1609,	560,	10,	10,	7,	'left',	'L44+80',	-0.300,	1.100,	6441211020,	14,	'2017-03-23 06:40:13',	'2017-03-23 06:40:13'),
(65,	1629,	420,	10,	10,	8,	'left',	'L42',	-1.050,	0.350,	6441211020,	14,	'2017-03-23 06:40:13',	'2017-03-23 06:40:13'),
(66,	1619,	310,	10,	10,	9,	'left',	'W5R+50',	-1.000,	0.400,	6441211020,	14,	'2017-03-23 06:40:13',	'2017-03-23 06:40:13'),
(67,	909,	310,	10,	10,	10,	'left',	'W0',	-2.000,	2.000,	6441211020,	14,	'2017-03-23 06:40:13',	'2017-03-23 06:40:13'),
(68,	259,	540,	10,	10,	11,	'left',	'W5L',	-3.000,	1.000,	6441211020,	14,	'2017-03-23 06:40:13',	'2017-03-23 06:40:13'),
(69,	813,	693,	10,	10,	12,	'left',	'W0',	-3.000,	1.000,	6441211020,	14,	'2017-03-23 06:40:13',	'2017-03-23 06:40:13'),
(70,	1443,	623,	10,	10,	13,	'left',	'W5R',	-4.000,	1.000,	6441211020,	14,	'2017-03-23 06:40:13',	'2017-03-23 06:40:13'),
(71,	105,	580,	10,	10,	14,	'left',	'H16+40',	-0.500,	2.500,	6441211020,	14,	'2017-03-23 06:40:13',	'2017-03-23 06:40:13'),
(72,	1599,	630,	10,	10,	15,	'left',	'H16+40',	-0.500,	2.500,	6441211020,	14,	'2017-03-23 06:40:13',	'2017-03-23 06:40:13'),
(73,	255,	438,	10,	10,	16,	'left',	'L44',	-3.000,	1.000,	6441211020,	14,	'2017-03-23 06:40:13',	'2017-03-23 06:40:13'),
(74,	1531,	487,	10,	10,	17,	'left',	'L44',	-3.000,	1.000,	6441211020,	14,	'2017-03-23 06:40:13',	'2017-03-23 06:40:13'),
(75,	10,	10,	10,	10,	1,	'left',	'L20',	-1.000,	1.500,	6701511020,	105,	'2017-03-23 06:40:13',	'2017-03-23 06:40:13'),
(76,	10,	10,	10,	10,	2,	'left',	'L22',	-1.000,	1.500,	6701511020,	105,	'2017-03-23 06:40:13',	'2017-03-23 06:40:13'),
(77,	10,	10,	10,	10,	3,	'left',	'L25',	-1.000,	1.500,	6701511020,	105,	'2017-03-23 06:40:13',	'2017-03-23 06:40:13'),
(78,	10,	10,	10,	10,	4,	'left',	'L27',	-1.000,	1.500,	6701511020,	105,	'2017-03-23 06:40:13',	'2017-03-23 06:40:13'),
(79,	10,	10,	10,	10,	5,	'left',	'H12',	-1.000,	1.000,	6701511020,	105,	'2017-03-23 06:40:13',	'2017-03-23 06:40:13'),
(80,	10,	10,	10,	10,	6,	'left',	'H13',	-1.000,	1.000,	6701511020,	105,	'2017-03-23 06:40:13',	'2017-03-23 06:40:13'),
(81,	10,	10,	10,	10,	7,	'left',	'H14+50',	-1.000,	1.000,	6701511020,	105,	'2017-03-23 06:40:13',	'2017-03-23 06:40:13'),
(82,	10,	10,	10,	10,	8,	'left',	'H15+50',	-1.000,	1.000,	6701511020,	105,	'2017-03-23 06:40:13',	'2017-03-23 06:40:13'),
(83,	10,	10,	10,	10,	9,	'left',	'L28+37.7',	-1.000,	1.000,	6701511020,	105,	'2017-03-23 06:40:13',	'2017-03-23 06:40:13'),
(84,	10,	10,	10,	10,	10,	'left',	'L23+53',	-1.000,	1.000,	6701511020,	105,	'2017-03-23 06:40:13',	'2017-03-23 06:40:13'),
(85,	10,	10,	10,	10,	11,	'left',	'L20+29.7',	-1.000,	1.000,	6701511020,	105,	'2017-03-23 06:40:13',	'2017-03-23 06:40:13'),
(86,	10,	10,	10,	10,	12,	'left',	'L23+70',	-0.300,	1.700,	6701511020,	105,	'2017-03-23 06:40:13',	'2017-03-23 06:40:13'),
(87,	10,	10,	10,	10,	13,	'left',	'H12',	-1.600,	1.000,	6701511020,	105,	'2017-03-23 06:40:13',	'2017-03-23 06:40:13'),
(88,	10,	10,	10,	10,	14,	'left',	'H12',	-2.000,	0.500,	6701511020,	105,	'2017-03-23 06:40:13',	'2017-03-23 06:40:13'),
(89,	10,	10,	10,	10,	15,	'left',	'H13',	-1.600,	1.000,	6701511020,	105,	'2017-03-23 06:40:13',	'2017-03-23 06:40:13'),
(90,	10,	10,	10,	10,	16,	'left',	'H13',	-2.000,	0.500,	6701511020,	105,	'2017-03-23 06:40:13',	'2017-03-23 06:40:13'),
(91,	10,	10,	10,	10,	17,	'left',	'H14+50',	-1.900,	1.000,	6701511020,	105,	'2017-03-23 06:40:13',	'2017-03-23 06:40:13'),
(92,	10,	10,	10,	10,	18,	'left',	'H14+50',	-2.000,	0.500,	6701511020,	105,	'2017-03-23 06:40:13',	'2017-03-23 06:40:13'),
(93,	10,	10,	10,	10,	19,	'left',	'H15+50',	-1.900,	1.000,	6701511020,	105,	'2017-03-23 06:40:13',	'2017-03-23 06:40:13'),
(94,	10,	10,	10,	10,	20,	'left',	'H15+50',	-2.000,	0.500,	6701511020,	105,	'2017-03-23 06:40:13',	'2017-03-23 06:40:13'),
(95,	10,	10,	10,	10,	21,	'left',	'H12',	-1.000,	1.000,	6701511020,	105,	'2017-03-23 06:40:13',	'2017-03-23 06:40:13'),
(96,	10,	10,	10,	10,	22,	'left',	'L20+30',	-1.000,	1.000,	6701511020,	105,	'2017-03-23 06:40:13',	'2017-03-23 06:40:13'),
(97,	10,	10,	10,	10,	23,	'left',	'L20',	-1.000,	1.000,	6701511020,	105,	'2017-03-23 06:40:13',	'2017-03-23 06:40:13'),
(98,	10,	10,	10,	10,	1,	'left',	'L20',	-1.000,	1.500,	6701611020,	104,	'2017-03-23 06:40:13',	'2017-03-23 06:40:13'),
(99,	10,	10,	10,	10,	2,	'left',	'L22',	-1.000,	1.500,	6701611020,	104,	'2017-03-23 06:40:13',	'2017-03-23 06:40:13'),
(100,	10,	10,	10,	10,	3,	'left',	'L25',	-1.000,	1.500,	6701611020,	104,	'2017-03-23 06:40:13',	'2017-03-23 06:40:13'),
(101,	10,	10,	10,	10,	4,	'left',	'L27',	-1.000,	1.500,	6701611020,	104,	'2017-03-23 06:40:13',	'2017-03-23 06:40:13'),
(102,	10,	10,	10,	10,	5,	'left',	'H12',	-1.000,	1.000,	6701611020,	104,	'2017-03-23 06:40:13',	'2017-03-23 06:40:13'),
(103,	10,	10,	10,	10,	6,	'left',	'H13',	-1.000,	1.000,	6701611020,	104,	'2017-03-23 06:40:13',	'2017-03-23 06:40:13'),
(104,	10,	10,	10,	10,	7,	'left',	'H14+50',	-1.000,	1.000,	6701611020,	104,	'2017-03-23 06:40:13',	'2017-03-23 06:40:13'),
(105,	10,	10,	10,	10,	8,	'left',	'H15+50',	-1.000,	1.000,	6701611020,	104,	'2017-03-23 06:40:13',	'2017-03-23 06:40:13'),
(106,	10,	10,	10,	10,	9,	'left',	'L28+37.7',	-1.000,	1.000,	6701611020,	104,	'2017-03-23 06:40:13',	'2017-03-23 06:40:13'),
(107,	10,	10,	10,	10,	10,	'left',	'L23+53',	-1.000,	1.000,	6701611020,	104,	'2017-03-23 06:40:13',	'2017-03-23 06:40:13'),
(108,	10,	10,	10,	10,	11,	'left',	'L20+29.7',	-1.000,	1.000,	6701611020,	104,	'2017-03-23 06:40:13',	'2017-03-23 06:40:13'),
(109,	10,	10,	10,	10,	12,	'left',	'L23+70',	-0.300,	1.700,	6701611020,	104,	'2017-03-23 06:40:13',	'2017-03-23 06:40:13'),
(110,	10,	10,	10,	10,	13,	'left',	'H12',	-1.600,	1.000,	6701611020,	104,	'2017-03-23 06:40:13',	'2017-03-23 06:40:13'),
(111,	10,	10,	10,	10,	14,	'left',	'H12',	-2.000,	0.500,	6701611020,	104,	'2017-03-23 06:40:13',	'2017-03-23 06:40:13'),
(112,	10,	10,	10,	10,	15,	'left',	'H13',	-1.600,	1.000,	6701611020,	104,	'2017-03-23 06:40:13',	'2017-03-23 06:40:13'),
(113,	10,	10,	10,	10,	16,	'left',	'H13',	-2.000,	0.500,	6701611020,	104,	'2017-03-23 06:40:13',	'2017-03-23 06:40:13'),
(114,	10,	10,	10,	10,	17,	'left',	'H14+50',	-1.900,	1.000,	6701611020,	104,	'2017-03-23 06:40:13',	'2017-03-23 06:40:13'),
(115,	10,	10,	10,	10,	18,	'left',	'H14+50',	-2.000,	0.500,	6701611020,	104,	'2017-03-23 06:40:13',	'2017-03-23 06:40:13'),
(116,	10,	10,	10,	10,	19,	'left',	'H15+50',	-1.900,	1.000,	6701611020,	104,	'2017-03-23 06:40:13',	'2017-03-23 06:40:13'),
(117,	10,	10,	10,	10,	20,	'left',	'H15+50',	-2.000,	0.500,	6701611020,	104,	'2017-03-23 06:40:13',	'2017-03-23 06:40:13'),
(118,	10,	10,	10,	10,	21,	'left',	'H12',	-1.000,	1.000,	6701611020,	104,	'2017-03-23 06:40:13',	'2017-03-23 06:40:13'),
(119,	10,	10,	10,	10,	22,	'left',	'L20+30',	-1.000,	1.000,	6701611020,	104,	'2017-03-23 06:40:13',	'2017-03-23 06:40:13'),
(120,	10,	10,	10,	10,	23,	'left',	'L20',	-1.000,	1.000,	6701611020,	104,	'2017-03-23 06:40:13',	'2017-03-23 06:40:13'),
(121,	10,	10,	10,	10,	1,	'left',	'W5L+50',	-1.000,	1.000,	6440111010,	106,	'2017-03-23 06:40:13',	'2017-03-23 06:40:13'),
(122,	10,	10,	10,	10,	2,	'left',	'L42',	-1.000,	1.000,	6440111010,	106,	'2017-03-23 06:40:13',	'2017-03-23 06:40:13'),
(123,	10,	10,	10,	10,	3,	'left',	'L44+80',	-1.000,	1.000,	6440111010,	106,	'2017-03-23 06:40:13',	'2017-03-23 06:40:13'),
(124,	10,	10,	10,	10,	4,	'left',	'W3L',	-1.200,	1.300,	6440111010,	106,	'2017-03-23 06:40:13',	'2017-03-23 06:40:13'),
(125,	10,	10,	10,	10,	5,	'left',	'W0',	-1.200,	1.300,	6440111010,	106,	'2017-03-23 06:40:13',	'2017-03-23 06:40:13'),
(126,	10,	10,	10,	10,	6,	'left',	'W3R',	-1.200,	1.300,	6440111010,	106,	'2017-03-23 06:40:13',	'2017-03-23 06:40:13'),
(127,	10,	10,	10,	10,	7,	'left',	'L44+80',	-1.000,	1.000,	6440111010,	106,	'2017-03-23 06:40:13',	'2017-03-23 06:40:13'),
(128,	10,	10,	10,	10,	8,	'left',	'L42',	-1.000,	1.000,	6440111010,	106,	'2017-03-23 06:40:13',	'2017-03-23 06:40:13'),
(129,	10,	10,	10,	10,	9,	'left',	'W5R+50',	-1.000,	1.000,	6440111010,	106,	'2017-03-23 06:40:13',	'2017-03-23 06:40:13'),
(130,	10,	10,	10,	10,	10,	'left',	'W0',	-3.000,	3.000,	6440111010,	106,	'2017-03-23 06:40:13',	'2017-03-23 06:40:13'),
(131,	10,	10,	10,	10,	11,	'left',	'W5L',	-3.000,	3.000,	6440111010,	106,	'2017-03-23 06:40:13',	'2017-03-23 06:40:13'),
(132,	10,	10,	10,	10,	12,	'left',	'W5R',	-3.000,	3.000,	6440111010,	106,	'2017-03-23 06:40:13',	'2017-03-23 06:40:13'),
(133,	10,	10,	10,	10,	13,	'left',	'H16+40',	-1.000,	1.000,	6440111010,	106,	'2017-03-23 06:40:13',	'2017-03-23 06:40:13'),
(134,	10,	10,	10,	10,	14,	'left',	'H16+40',	-1.000,	1.000,	6440111010,	106,	'2017-03-23 06:40:13',	'2017-03-23 06:40:13'),
(135,	10,	10,	10,	10,	15,	'left',	'L44',	-3.000,	3.000,	6440111010,	106,	'2017-03-23 06:40:13',	'2017-03-23 06:40:13'),
(136,	10,	10,	10,	10,	16,	'left',	'L44',	-3.000,	3.000,	6440111010,	106,	'2017-03-23 06:40:13',	'2017-03-23 06:40:13'),
(137,	10,	10,	10,	10,	17,	'left',	'L42',	-4.000,	6.000,	6440111010,	106,	'2017-03-23 06:40:13',	'2017-03-23 06:40:13'),
(138,	10,	10,	10,	10,	18,	'left',	'L44+80',	-4.000,	6.000,	6440111010,	106,	'2017-03-23 06:40:13',	'2017-03-23 06:40:13'),
(139,	10,	10,	10,	10,	19,	'left',	'W0',	-4.000,	6.000,	6440111010,	106,	'2017-03-23 06:40:13',	'2017-03-23 06:40:13'),
(140,	10,	10,	10,	10,	20,	'left',	'L44+80',	-4.000,	6.000,	6440111010,	106,	'2017-03-23 06:40:13',	'2017-03-23 06:40:13'),
(141,	10,	10,	10,	10,	21,	'left',	'L42',	-4.000,	6.000,	6440111010,	106,	'2017-03-23 06:40:13',	'2017-03-23 06:40:13'),
(142,	10,	10,	10,	10,	1,	'left',	'W5L+50',	-1.000,	1.000,	6440111020,	107,	'2017-03-23 06:40:13',	'2017-03-23 06:40:13'),
(143,	10,	10,	10,	10,	2,	'left',	'L42',	-1.000,	1.000,	6440111020,	107,	'2017-03-23 06:40:13',	'2017-03-23 06:40:13'),
(144,	10,	10,	10,	10,	3,	'left',	'L44+80',	-1.000,	1.000,	6440111020,	107,	'2017-03-23 06:40:13',	'2017-03-23 06:40:13'),
(145,	10,	10,	10,	10,	4,	'left',	'W3L',	-1.200,	1.300,	6440111020,	107,	'2017-03-23 06:40:13',	'2017-03-23 06:40:13'),
(146,	10,	10,	10,	10,	5,	'left',	'W0',	-1.200,	1.300,	6440111020,	107,	'2017-03-23 06:40:13',	'2017-03-23 06:40:13'),
(147,	10,	10,	10,	10,	6,	'left',	'W3R',	-1.200,	1.300,	6440111020,	107,	'2017-03-23 06:40:13',	'2017-03-23 06:40:13'),
(148,	10,	10,	10,	10,	7,	'left',	'L44+80',	-1.000,	1.000,	6440111020,	107,	'2017-03-23 06:40:13',	'2017-03-23 06:40:13'),
(149,	10,	10,	10,	10,	8,	'left',	'L42',	-1.000,	1.000,	6440111020,	107,	'2017-03-23 06:40:13',	'2017-03-23 06:40:13'),
(150,	10,	10,	10,	10,	9,	'left',	'W5R+50',	-1.000,	1.000,	6440111020,	107,	'2017-03-23 06:40:13',	'2017-03-23 06:40:13'),
(151,	10,	10,	10,	10,	10,	'left',	'W0',	-3.000,	3.000,	6440111020,	107,	'2017-03-23 06:40:13',	'2017-03-23 06:40:13'),
(152,	10,	10,	10,	10,	11,	'left',	'W5L',	-3.000,	3.000,	6440111020,	107,	'2017-03-23 06:40:13',	'2017-03-23 06:40:13'),
(153,	10,	10,	10,	10,	12,	'left',	'W5R',	-3.000,	3.000,	6440111020,	107,	'2017-03-23 06:40:13',	'2017-03-23 06:40:13'),
(154,	10,	10,	10,	10,	13,	'left',	'H16+40',	-1.000,	1.000,	6440111020,	107,	'2017-03-23 06:40:13',	'2017-03-23 06:40:13'),
(155,	10,	10,	10,	10,	14,	'left',	'H16+40',	-1.000,	1.000,	6440111020,	107,	'2017-03-23 06:40:13',	'2017-03-23 06:40:13'),
(156,	10,	10,	10,	10,	15,	'left',	'L44',	-3.000,	3.000,	6440111020,	107,	'2017-03-23 06:40:13',	'2017-03-23 06:40:13'),
(157,	10,	10,	10,	10,	16,	'left',	'L44',	-3.000,	3.000,	6440111020,	107,	'2017-03-23 06:40:13',	'2017-03-23 06:40:13'),
(158,	10,	10,	10,	10,	17,	'left',	'L42',	-4.000,	6.000,	6440111020,	107,	'2017-03-23 06:40:13',	'2017-03-23 06:40:13'),
(159,	10,	10,	10,	10,	18,	'left',	'L44+80',	-4.000,	6.000,	6440111020,	107,	'2017-03-23 06:40:13',	'2017-03-23 06:40:13'),
(160,	10,	10,	10,	10,	19,	'left',	'W0',	-4.000,	6.000,	6440111020,	107,	'2017-03-23 06:40:13',	'2017-03-23 06:40:13'),
(161,	10,	10,	10,	10,	20,	'left',	'L44+80',	-4.000,	6.000,	6440111020,	107,	'2017-03-23 06:40:13',	'2017-03-23 06:40:13'),
(162,	10,	10,	10,	10,	21,	'left',	'L42',	-4.000,	6.000,	6440111020,	107,	'2017-03-23 06:40:13',	'2017-03-23 06:40:13');

TRUNCATE `inspections`;
INSERT INTO `inspections` (`en`, `name`, `sort`, `created_at`, `updated_at`) VALUES
('ana',	'穴検査',	11,	'2017-03-23 06:40:13',	'2017-03-23 06:40:13'),
('atogaikan',	'塗装後外観検査',	9,	'2017-03-23 06:40:13',	'2017-03-23 06:40:13'),
('gaikan',	'外観検査',	7,	'2017-03-23 06:40:13',	'2017-03-23 06:40:13'),
('gaishushiage',	'外周仕上',	2,	'2017-03-23 06:40:13',	'2017-03-23 06:40:13'),
('inline',	'精度検査',	6,	'2017-03-23 06:40:13',	'2017-03-23 06:40:13'),
('kashimego',	'かしめ後検査',	1,	'2017-03-23 06:40:13',	'2017-03-23 06:40:13'),
('maegaikan',	'洗浄前外観検査',	8,	'2017-03-23 06:40:13',	'2017-03-23 06:40:13'),
('pateshufukugo',	'パテ修復後',	3,	'2017-03-23 06:40:13',	'2017-03-23 06:40:13'),
('suikengo',	'水検後',	4,	'2017-03-23 06:40:13',	'2017-03-23 06:40:13'),
('tenaoshi',	'手直',	12,	'2017-03-23 06:40:13',	'2017-03-23 06:40:13'),
('tosoukeirego',	'塗装受入後',	5,	'2017-03-23 06:40:13',	'2017-03-23 06:40:13');

TRUNCATE `inspection_results`;
INSERT INTO `inspection_results` (`id`, `part_id`, `process`, `inspection`, `line`, `status`, `comment`, `table`, `created_choku`, `updated_choku`, `created_by`, `updated_by`, `ft_ids`, `mt_ids`, `hmt_ids`, `latest`, `inspected_at`, `created_at`, `updated_at`, `exported_at`) VALUES
(1,	1,	'molding',	'gaikan',	1,	1,	NULL,	NULL,	'W',	NULL,	'山本 佳祐',	NULL,	'a:17:{i:0;i:1;i:1;i:2;i:2;i:3;i:3;i:4;i:4;i:5;i:5;i:6;i:6;i:7;i:7;i:8;i:8;i:9;i:9;i:10;i:10;i:11;i:11;i:12;i:12;i:13;i:13;i:14;i:14;i:15;i:15;i:16;i:16;i:41;}',	'a:2:{i:0;i:1;i:1;i:9;}',	'a:0:{}',	1,	'2017-03-23 10:39:11',	'2017-03-23 10:39:11',	'2017-03-23 10:39:11',	NULL),
(2,	1,	'holing',	'maegaikan',	1,	1,	NULL,	NULL,	'Y',	NULL,	'梅田 雄司',	NULL,	'a:13:{i:0;i:1;i:1;i:2;i:2;i:3;i:3;i:4;i:4;i:5;i:5;i:19;i:6;i:9;i:7;i:20;i:8;i:21;i:9;i:22;i:10;i:18;i:11;i:44;i:12;i:41;}',	'a:0:{}',	'a:0:{}',	1,	'2017-03-23 10:39:50',	'2017-03-23 10:39:50',	'2017-03-23 10:39:50',	NULL),
(3,	2,	'holing',	'maegaikan',	1,	1,	NULL,	NULL,	'Y',	NULL,	'梅田 雄司',	NULL,	'a:12:{i:0;i:1;i:1;i:2;i:2;i:3;i:3;i:4;i:4;i:5;i:5;i:19;i:6;i:9;i:7;i:20;i:8;i:21;i:9;i:22;i:10;i:18;i:11;i:41;}',	'a:0:{}',	'a:0:{}',	1,	'2017-03-23 10:39:50',	'2017-03-23 10:39:50',	'2017-03-23 10:39:50',	NULL),
(4,	1,	'holing',	'atogaikan',	1,	1,	NULL,	NULL,	'Y',	NULL,	'梅田 雄司',	NULL,	'a:13:{i:0;i:1;i:1;i:2;i:2;i:3;i:3;i:4;i:4;i:5;i:5;i:19;i:6;i:9;i:7;i:20;i:8;i:21;i:9;i:22;i:10;i:18;i:11;i:44;i:12;i:41;}',	'a:0:{}',	'a:0:{}',	1,	'2017-03-23 10:40:34',	'2017-03-23 10:40:34',	'2017-03-23 10:40:34',	NULL),
(5,	2,	'holing',	'atogaikan',	1,	0,	NULL,	NULL,	'Y',	NULL,	'梅田 雄司',	NULL,	'a:12:{i:0;i:1;i:1;i:2;i:2;i:3;i:3;i:4;i:4;i:5;i:5;i:19;i:6;i:9;i:7;i:20;i:8;i:21;i:9;i:22;i:10;i:18;i:11;i:41;}',	'a:0:{}',	'a:0:{}',	1,	'2017-03-23 10:40:34',	'2017-03-23 10:40:34',	'2017-03-23 10:40:34',	NULL),
(6,	1,	'holing',	'ana',	1,	2,	NULL,	NULL,	'Y',	NULL,	'梅田 雄司',	NULL,	'a:15:{i:0;i:1;i:1;i:2;i:2;i:3;i:3;i:4;i:4;i:5;i:5;i:19;i:6;i:23;i:7;i:24;i:8;i:9;i:9;i:20;i:10;i:21;i:11;i:22;i:12;i:18;i:13;i:44;i:14;i:41;}',	'a:0:{}',	'a:5:{i:0;i:1;i:1;i:2;i:2;i:3;i:3;i:4;i:4;i:6;}',	1,	'2017-03-23 10:41:39',	'2017-03-23 10:41:39',	'2017-03-23 10:41:39',	NULL),
(7,	2,	'holing',	'ana',	1,	0,	NULL,	NULL,	'Y',	NULL,	'梅田 雄司',	NULL,	'a:14:{i:0;i:1;i:1;i:2;i:2;i:3;i:3;i:4;i:4;i:5;i:5;i:19;i:6;i:23;i:7;i:24;i:8;i:9;i:9;i:20;i:10;i:21;i:11;i:22;i:12;i:18;i:13;i:41;}',	'a:0:{}',	'a:5:{i:0;i:1;i:1;i:2;i:2;i:3;i:3;i:4;i:4;i:6;}',	1,	'2017-03-23 10:41:39',	'2017-03-23 10:41:39',	'2017-03-23 10:41:39',	NULL),
(8,	1,	'holing',	'tenaoshi',	1,	1,	NULL,	NULL,	'Y',	NULL,	'梅田 雄司',	NULL,	'a:15:{i:0;i:1;i:1;i:2;i:2;i:3;i:3;i:4;i:4;i:5;i:5;i:19;i:6;i:23;i:7;i:24;i:8;i:9;i:9;i:20;i:10;i:21;i:11;i:22;i:12;i:18;i:13;i:44;i:14;i:41;}',	'a:2:{i:0;i:1;i:1;i:9;}',	'a:5:{i:0;i:1;i:1;i:2;i:2;i:3;i:3;i:4;i:4;i:6;}',	1,	'2017-03-23 10:42:41',	'2017-03-23 10:42:41',	'2017-03-23 10:42:41',	NULL),
(9,	2,	'holing',	'tenaoshi',	1,	1,	NULL,	NULL,	'Y',	NULL,	'梅田 雄司',	NULL,	'a:14:{i:0;i:1;i:1;i:2;i:2;i:3;i:3;i:4;i:4;i:5;i:5;i:19;i:6;i:23;i:7;i:24;i:8;i:9;i:9;i:20;i:10;i:21;i:11;i:22;i:12;i:18;i:13;i:41;}',	'a:2:{i:0;i:1;i:1;i:9;}',	'a:5:{i:0;i:1;i:1;i:2;i:2;i:3;i:3;i:4;i:4;i:6;}',	1,	'2017-03-23 10:42:41',	'2017-03-23 10:42:41',	'2017-03-23 10:42:41',	NULL),
(10,	3,	'molding',	'gaikan',	1,	1,	NULL,	NULL,	'Y',	'Y',	'阿部 哲士',	'阿部 哲士',	'a:17:{i:0;i:1;i:1;i:2;i:2;i:3;i:3;i:4;i:4;i:5;i:5;i:6;i:6;i:7;i:7;i:8;i:8;i:9;i:9;i:10;i:10;i:11;i:11;i:12;i:12;i:13;i:13;i:14;i:14;i:15;i:15;i:16;i:16;i:41;}',	'a:2:{i:0;i:1;i:1;i:9;}',	'a:0:{}',	1,	'2017-03-24 02:18:27',	'2017-03-24 02:18:27',	'2017-03-24 02:18:58',	NULL),
(11,	4,	'molding',	'gaikan',	1,	0,	NULL,	NULL,	'W',	'W',	'田村 良二',	'田村 良二',	'a:17:{i:0;i:1;i:1;i:2;i:2;i:3;i:3;i:4;i:4;i:5;i:5;i:6;i:6;i:7;i:7;i:8;i:8;i:9;i:9;i:10;i:10;i:11;i:11;i:12;i:12;i:13;i:13;i:14;i:14;i:15;i:15;i:16;i:16;i:41;}',	'a:2:{i:0;i:1;i:1;i:9;}',	'a:0:{}',	1,	'2017-03-24 02:20:14',	'2017-03-24 02:20:14',	'2017-03-24 02:20:40',	NULL),
(12,	5,	'molding',	'gaikan',	1,	0,	NULL,	NULL,	'Y',	'Y',	'金谷 達弘',	'金谷 達弘',	'a:17:{i:0;i:1;i:1;i:2;i:2;i:3;i:3;i:4;i:4;i:5;i:5;i:6;i:6;i:7;i:7;i:8;i:8;i:9;i:9;i:10;i:10;i:11;i:11;i:12;i:12;i:13;i:13;i:14;i:14;i:15;i:15;i:16;i:16;i:41;}',	'a:0:{}',	'a:0:{}',	1,	'2017-03-24 02:22:09',	'2017-03-24 02:22:09',	'2017-03-24 02:22:26',	NULL),
(13,	6,	'molding',	'gaikan',	1,	0,	NULL,	NULL,	'Y',	'Y',	'金谷 達弘',	'金谷 達弘',	'a:17:{i:0;i:1;i:1;i:2;i:2;i:3;i:3;i:4;i:4;i:5;i:5;i:6;i:6;i:7;i:7;i:8;i:8;i:9;i:9;i:10;i:10;i:11;i:11;i:12;i:12;i:13;i:13;i:14;i:14;i:15;i:15;i:16;i:16;i:41;}',	'a:0:{}',	'a:0:{}',	1,	'2017-03-24 02:22:09',	'2017-03-24 02:22:09',	'2017-03-24 02:22:26',	NULL),
(15,	7,	'molding',	'gaikan',	1,	1,	NULL,	NULL,	'Y',	NULL,	'金谷 達弘',	NULL,	'a:18:{i:0;i:1;i:1;i:2;i:2;i:3;i:3;i:4;i:4;i:5;i:5;i:6;i:6;i:7;i:7;i:8;i:8;i:9;i:9;i:10;i:10;i:11;i:11;i:12;i:12;i:13;i:13;i:14;i:14;i:15;i:15;i:16;i:16;i:43;i:17;i:41;}',	'a:2:{i:0;i:1;i:1;i:9;}',	'a:0:{}',	1,	'2017-03-24 02:24:29',	'2017-03-24 02:24:29',	'2017-03-24 02:24:29',	NULL),
(16,	8,	'molding',	'gaikan',	1,	0,	NULL,	NULL,	'W',	'W',	'高木 洋一',	'高木 洋一',	'a:18:{i:0;i:1;i:1;i:2;i:2;i:3;i:3;i:4;i:4;i:5;i:5;i:6;i:6;i:7;i:7;i:8;i:8;i:9;i:9;i:10;i:10;i:11;i:11;i:12;i:12;i:13;i:13;i:14;i:14;i:15;i:15;i:16;i:16;i:43;i:17;i:41;}',	'a:2:{i:0;i:1;i:1;i:9;}',	'a:0:{}',	1,	'2017-03-24 02:25:13',	'2017-03-24 02:25:13',	'2017-03-24 02:25:25',	NULL),
(17,	9,	'molding',	'gaikan',	1,	0,	NULL,	NULL,	'Y',	'Y',	'金谷 達弘',	'金谷 達弘',	'a:17:{i:0;i:1;i:1;i:2;i:2;i:3;i:3;i:4;i:4;i:5;i:5;i:6;i:6;i:7;i:7;i:8;i:8;i:9;i:9;i:10;i:10;i:11;i:11;i:12;i:12;i:13;i:13;i:14;i:14;i:15;i:15;i:16;i:16;i:41;}',	'a:0:{}',	'a:0:{}',	1,	'2017-03-24 02:26:04',	'2017-03-24 02:26:04',	'2017-03-24 02:26:29',	NULL),
(18,	10,	'molding',	'gaikan',	1,	1,	NULL,	NULL,	'Y',	'Y',	'黒崎 将平',	'黒崎 将平',	'a:17:{i:0;i:1;i:1;i:2;i:2;i:3;i:3;i:4;i:4;i:5;i:5;i:6;i:6;i:7;i:7;i:8;i:8;i:9;i:9;i:10;i:10;i:11;i:11;i:12;i:12;i:13;i:13;i:14;i:14;i:15;i:15;i:16;i:16;i:41;}',	'a:0:{}',	'a:0:{}',	1,	'2017-03-24 02:26:51',	'2017-03-24 02:26:51',	'2017-03-24 02:27:05',	NULL),
(19,	3,	'holing',	'maegaikan',	1,	0,	NULL,	NULL,	'Y',	'Y',	'山尾 祐介',	'山尾 祐介',	'a:13:{i:0;i:1;i:1;i:2;i:2;i:3;i:3;i:4;i:4;i:5;i:5;i:19;i:6;i:9;i:7;i:20;i:8;i:21;i:9;i:22;i:10;i:18;i:11;i:44;i:12;i:41;}',	'a:0:{}',	'a:0:{}',	1,	'2017-03-24 02:33:06',	'2017-03-24 02:33:06',	'2017-03-24 02:33:47',	NULL),
(20,	5,	'holing',	'maegaikan',	1,	1,	NULL,	NULL,	'Y',	'Y',	'山尾 祐介',	'山尾 祐介',	'a:12:{i:0;i:1;i:1;i:2;i:2;i:3;i:3;i:4;i:4;i:5;i:5;i:19;i:6;i:9;i:7;i:20;i:8;i:21;i:9;i:22;i:10;i:18;i:11;i:41;}',	'a:0:{}',	'a:0:{}',	1,	'2017-03-24 02:33:06',	'2017-03-24 02:33:06',	'2017-03-24 02:34:29',	NULL),
(21,	4,	'holing',	'maegaikan',	1,	1,	NULL,	NULL,	'Y',	'Y',	'大塚 絢貴',	'大塚 絢貴',	'a:13:{i:0;i:1;i:1;i:2;i:2;i:3;i:3;i:4;i:4;i:5;i:5;i:19;i:6;i:9;i:7;i:20;i:8;i:21;i:9;i:22;i:10;i:18;i:11;i:44;i:12;i:41;}',	'a:0:{}',	'a:0:{}',	1,	'2017-03-24 03:05:08',	'2017-03-24 03:05:08',	'2017-03-24 03:06:51',	NULL),
(22,	6,	'holing',	'maegaikan',	1,	0,	NULL,	NULL,	'Y',	'Y',	'大塚 絢貴',	'大塚 絢貴',	'a:12:{i:0;i:1;i:1;i:2;i:2;i:3;i:3;i:4;i:4;i:5;i:5;i:19;i:6;i:9;i:7;i:20;i:8;i:21;i:9;i:22;i:10;i:18;i:11;i:41;}',	'a:0:{}',	'a:0:{}',	1,	'2017-03-24 03:05:08',	'2017-03-24 03:05:08',	'2017-03-24 03:07:26',	NULL),
(23,	7,	'holing',	'maegaikan',	1,	0,	NULL,	NULL,	'Y',	'Y',	'中田 将吾',	'中田 将吾',	'a:12:{i:0;i:1;i:1;i:2;i:2;i:3;i:3;i:4;i:4;i:5;i:5;i:19;i:6;i:9;i:7;i:20;i:8;i:21;i:9;i:22;i:10;i:18;i:11;i:41;}',	'a:0:{}',	'a:0:{}',	1,	'2017-03-24 03:08:28',	'2017-03-24 03:08:28',	'2017-03-24 03:08:48',	NULL),
(24,	8,	'holing',	'maegaikan',	1,	0,	NULL,	NULL,	'W',	'W',	'戸上 憲一',	'戸上 憲一',	'a:12:{i:0;i:1;i:1;i:2;i:2;i:3;i:3;i:4;i:4;i:5;i:5;i:19;i:6;i:9;i:7;i:20;i:8;i:21;i:9;i:22;i:10;i:18;i:11;i:41;}',	'a:0:{}',	'a:0:{}',	1,	'2017-03-24 03:09:07',	'2017-03-24 03:09:07',	'2017-03-24 03:09:23',	NULL),
(26,	9,	'holing',	'maegaikan',	1,	1,	NULL,	NULL,	'W',	NULL,	'戸上 憲一',	NULL,	'a:11:{i:0;i:1;i:1;i:2;i:2;i:3;i:3;i:4;i:4;i:5;i:5;i:19;i:6;i:9;i:7;i:20;i:8;i:21;i:9;i:22;i:10;i:41;}',	'a:0:{}',	'a:0:{}',	1,	'2017-03-24 03:10:47',	'2017-03-24 03:10:47',	'2017-03-24 03:10:47',	NULL),
(27,	10,	'holing',	'maegaikan',	1,	1,	NULL,	NULL,	'W',	NULL,	'橋本 高浩',	NULL,	'a:11:{i:0;i:1;i:1;i:2;i:2;i:3;i:3;i:4;i:4;i:5;i:5;i:19;i:6;i:9;i:7;i:20;i:8;i:21;i:9;i:22;i:10;i:41;}',	'a:0:{}',	'a:0:{}',	1,	'2017-03-24 03:11:00',	'2017-03-24 03:11:00',	'2017-03-24 03:11:00',	NULL),
(28,	3,	'holing',	'atogaikan',	1,	1,	NULL,	NULL,	'W',	'W',	'橋本 高浩',	'橋本 高浩',	'a:13:{i:0;i:1;i:1;i:2;i:2;i:3;i:3;i:4;i:4;i:5;i:5;i:19;i:6;i:9;i:7;i:20;i:8;i:21;i:9;i:22;i:10;i:18;i:11;i:44;i:12;i:41;}',	'a:0:{}',	'a:0:{}',	1,	'2017-03-24 03:12:46',	'2017-03-24 03:12:46',	'2017-03-24 03:13:17',	NULL),
(29,	5,	'holing',	'atogaikan',	1,	1,	NULL,	NULL,	'W',	'W',	'橋本 高浩',	'橋本 高浩',	'a:12:{i:0;i:1;i:1;i:2;i:2;i:3;i:3;i:4;i:4;i:5;i:5;i:19;i:6;i:9;i:7;i:20;i:8;i:21;i:9;i:22;i:10;i:18;i:11;i:41;}',	'a:0:{}',	'a:0:{}',	1,	'2017-03-24 03:12:58',	'2017-03-24 03:12:58',	'2017-03-24 03:13:50',	NULL),
(30,	11,	'holing',	'atogaikan',	1,	0,	NULL,	NULL,	'W',	NULL,	'橋本 高浩',	NULL,	'a:13:{i:0;i:1;i:1;i:2;i:2;i:3;i:3;i:4;i:4;i:5;i:5;i:19;i:6;i:9;i:7;i:20;i:8;i:21;i:9;i:22;i:10;i:18;i:11;i:44;i:12;i:41;}',	'a:0:{}',	'a:0:{}',	1,	'2017-03-24 03:14:41',	'2017-03-24 03:14:41',	'2017-03-24 03:14:41',	NULL),
(31,	6,	'holing',	'atogaikan',	1,	0,	NULL,	NULL,	'W',	'W',	'橋本 高浩',	'橋本 高浩',	'a:12:{i:0;i:1;i:1;i:2;i:2;i:3;i:3;i:4;i:4;i:5;i:5;i:19;i:6;i:9;i:7;i:20;i:8;i:21;i:9;i:22;i:10;i:18;i:11;i:41;}',	'a:0:{}',	'a:0:{}',	1,	'2017-03-24 03:14:41',	'2017-03-24 03:14:41',	'2017-03-24 03:14:59',	NULL),
(32,	4,	'holing',	'atogaikan',	1,	1,	NULL,	NULL,	'W',	NULL,	'橋本 高浩',	NULL,	'a:13:{i:0;i:1;i:1;i:2;i:2;i:3;i:3;i:4;i:4;i:5;i:5;i:19;i:6;i:9;i:7;i:20;i:8;i:21;i:9;i:22;i:10;i:18;i:11;i:44;i:12;i:41;}',	'a:0:{}',	'a:0:{}',	1,	'2017-03-24 03:15:45',	'2017-03-24 03:15:45',	'2017-03-24 03:15:45',	NULL),
(33,	12,	'holing',	'atogaikan',	1,	1,	NULL,	NULL,	'Y',	NULL,	'大塚 絢貴',	NULL,	'a:13:{i:0;i:1;i:1;i:2;i:2;i:3;i:3;i:4;i:4;i:5;i:5;i:19;i:6;i:9;i:7;i:20;i:8;i:21;i:9;i:22;i:10;i:18;i:11;i:44;i:12;i:41;}',	'a:0:{}',	'a:0:{}',	1,	'2017-03-24 03:17:10',	'2017-03-24 03:17:10',	'2017-03-24 03:17:10',	NULL),
(34,	13,	'holing',	'atogaikan',	1,	1,	NULL,	NULL,	'Y',	NULL,	'大塚 絢貴',	NULL,	'a:12:{i:0;i:1;i:1;i:2;i:2;i:3;i:3;i:4;i:4;i:5;i:5;i:19;i:6;i:9;i:7;i:20;i:8;i:21;i:9;i:22;i:10;i:18;i:11;i:41;}',	'a:0:{}',	'a:0:{}',	1,	'2017-03-24 03:17:10',	'2017-03-24 03:17:10',	'2017-03-24 03:17:10',	NULL),
(35,	7,	'holing',	'atogaikan',	1,	1,	NULL,	NULL,	'W',	NULL,	'岡本 崇弘',	NULL,	'a:12:{i:0;i:1;i:1;i:2;i:2;i:3;i:3;i:4;i:4;i:5;i:5;i:19;i:6;i:9;i:7;i:20;i:8;i:21;i:9;i:22;i:10;i:18;i:11;i:41;}',	'a:0:{}',	'a:0:{}',	1,	'2017-03-24 03:17:50',	'2017-03-24 03:17:50',	'2017-03-24 03:17:50',	NULL),
(36,	8,	'holing',	'atogaikan',	1,	0,	NULL,	NULL,	'W',	NULL,	'西嶋 慎吾',	NULL,	'a:12:{i:0;i:1;i:1;i:2;i:2;i:3;i:3;i:4;i:4;i:5;i:5;i:19;i:6;i:9;i:7;i:20;i:8;i:21;i:9;i:22;i:10;i:18;i:11;i:41;}',	'a:0:{}',	'a:0:{}',	1,	'2017-03-24 03:18:19',	'2017-03-24 03:18:19',	'2017-03-24 03:18:19',	NULL),
(37,	9,	'holing',	'atogaikan',	1,	1,	NULL,	NULL,	'W',	NULL,	'戸上 憲一',	NULL,	'a:11:{i:0;i:1;i:1;i:2;i:2;i:3;i:3;i:4;i:4;i:5;i:5;i:19;i:6;i:9;i:7;i:20;i:8;i:21;i:9;i:22;i:10;i:41;}',	'a:0:{}',	'a:0:{}',	1,	'2017-03-24 03:18:32',	'2017-03-24 03:18:32',	'2017-03-24 03:18:32',	NULL),
(38,	10,	'holing',	'atogaikan',	1,	1,	NULL,	NULL,	'Y',	'Y',	'梅田 雄司',	'梅田 雄司',	'a:11:{i:0;i:1;i:1;i:2;i:2;i:3;i:3;i:4;i:4;i:5;i:5;i:19;i:6;i:9;i:7;i:20;i:8;i:21;i:9;i:22;i:10;i:41;}',	'a:0:{}',	'a:0:{}',	1,	'2017-03-24 04:38:01',	'2017-03-24 04:38:01',	'2017-03-24 04:38:16',	NULL),
(39,	3,	'holing',	'ana',	1,	2,	NULL,	NULL,	'Y',	'Y',	'梅田 雄司',	'梅田 雄司',	'a:15:{i:0;i:1;i:1;i:2;i:2;i:3;i:3;i:4;i:4;i:5;i:5;i:19;i:6;i:23;i:7;i:24;i:8;i:9;i:9;i:20;i:10;i:21;i:11;i:22;i:12;i:18;i:13;i:44;i:14;i:41;}',	'a:0:{}',	'a:5:{i:0;i:1;i:1;i:2;i:2;i:3;i:3;i:4;i:4;i:6;}',	1,	'2017-03-24 04:40:11',	'2017-03-24 04:40:11',	'2017-03-24 04:41:34',	NULL),
(40,	5,	'holing',	'ana',	1,	2,	NULL,	NULL,	'Y',	'Y',	'梅田 雄司',	'梅田 雄司',	'a:14:{i:0;i:1;i:1;i:2;i:2;i:3;i:3;i:4;i:4;i:5;i:5;i:19;i:6;i:23;i:7;i:24;i:8;i:9;i:9;i:20;i:10;i:21;i:11;i:22;i:12;i:18;i:13;i:41;}',	'a:0:{}',	'a:5:{i:0;i:1;i:1;i:2;i:2;i:3;i:3;i:4;i:4;i:6;}',	1,	'2017-03-24 04:40:11',	'2017-03-24 04:40:11',	'2017-03-24 04:42:18',	NULL),
(41,	4,	'holing',	'ana',	1,	1,	NULL,	NULL,	'Y',	'Y',	'梅田 雄司',	'梅田 雄司',	'a:15:{i:0;i:1;i:1;i:2;i:2;i:3;i:3;i:4;i:4;i:5;i:5;i:19;i:6;i:23;i:7;i:24;i:8;i:9;i:9;i:20;i:10;i:21;i:11;i:22;i:12;i:18;i:13;i:44;i:14;i:41;}',	'a:0:{}',	'a:5:{i:0;i:1;i:1;i:2;i:2;i:3;i:3;i:4;i:4;i:6;}',	1,	'2017-03-24 04:43:30',	'2017-03-24 04:43:30',	'2017-03-24 04:44:02',	NULL),
(42,	6,	'holing',	'ana',	1,	2,	NULL,	NULL,	'Y',	'Y',	'梅田 雄司',	'梅田 雄司',	'a:14:{i:0;i:1;i:1;i:2;i:2;i:3;i:3;i:4;i:4;i:5;i:5;i:19;i:6;i:23;i:7;i:24;i:8;i:9;i:9;i:20;i:10;i:21;i:11;i:22;i:12;i:18;i:13;i:41;}',	'a:0:{}',	'a:5:{i:0;i:1;i:1;i:2;i:2;i:3;i:3;i:4;i:4;i:6;}',	1,	'2017-03-24 04:44:57',	'2017-03-24 04:44:57',	'2017-03-24 04:45:17',	NULL),
(43,	7,	'holing',	'ana',	1,	2,	NULL,	NULL,	'Y',	'Y',	'梅田 雄司',	'梅田 雄司',	'a:14:{i:0;i:1;i:1;i:2;i:2;i:3;i:3;i:4;i:4;i:5;i:5;i:19;i:6;i:23;i:7;i:24;i:8;i:9;i:9;i:20;i:10;i:21;i:11;i:22;i:12;i:18;i:13;i:41;}',	'a:0:{}',	'a:5:{i:0;i:1;i:1;i:2;i:2;i:3;i:3;i:4;i:4;i:6;}',	1,	'2017-03-24 05:19:01',	'2017-03-24 05:19:01',	'2017-03-24 05:19:41',	NULL),
(44,	8,	'holing',	'ana',	1,	2,	NULL,	NULL,	'Y',	NULL,	'梅田 雄司',	NULL,	'a:14:{i:0;i:1;i:1;i:2;i:2;i:3;i:3;i:4;i:4;i:5;i:5;i:19;i:6;i:23;i:7;i:24;i:8;i:9;i:9;i:20;i:10;i:21;i:11;i:22;i:12;i:18;i:13;i:41;}',	'a:0:{}',	'a:5:{i:0;i:1;i:1;i:2;i:2;i:3;i:3;i:4;i:4;i:6;}',	1,	'2017-03-24 05:21:08',	'2017-03-24 05:21:08',	'2017-03-24 05:21:08',	NULL),
(45,	9,	'holing',	'ana',	1,	1,	NULL,	NULL,	'Y',	'Y',	'梅田 雄司',	'梅田 雄司',	'a:13:{i:0;i:1;i:1;i:2;i:2;i:3;i:3;i:4;i:4;i:5;i:5;i:19;i:6;i:23;i:7;i:24;i:8;i:9;i:9;i:20;i:10;i:21;i:11;i:22;i:12;i:41;}',	'a:0:{}',	'a:5:{i:0;i:1;i:1;i:2;i:2;i:3;i:3;i:4;i:4;i:6;}',	1,	'2017-03-24 05:22:45',	'2017-03-24 05:22:45',	'2017-03-24 05:23:18',	NULL),
(46,	10,	'holing',	'ana',	1,	1,	NULL,	NULL,	'Y',	'Y',	'梅田 雄司',	'梅田 雄司',	'a:13:{i:0;i:1;i:1;i:2;i:2;i:3;i:3;i:4;i:4;i:5;i:5;i:19;i:6;i:23;i:7;i:24;i:8;i:9;i:9;i:20;i:10;i:21;i:11;i:22;i:12;i:41;}',	'a:0:{}',	'a:5:{i:0;i:1;i:1;i:2;i:2;i:3;i:3;i:4;i:4;i:6;}',	1,	'2017-03-24 05:24:08',	'2017-03-24 05:24:08',	'2017-03-24 05:24:31',	NULL),
(47,	3,	'holing',	'tenaoshi',	1,	1,	NULL,	NULL,	'Y',	'Y',	'梅田 雄司',	'梅田 雄司',	'a:15:{i:0;i:1;i:1;i:2;i:2;i:3;i:3;i:4;i:4;i:5;i:5;i:19;i:6;i:23;i:7;i:24;i:8;i:9;i:9;i:20;i:10;i:21;i:11;i:22;i:12;i:18;i:13;i:44;i:14;i:41;}',	'a:2:{i:0;i:1;i:1;i:9;}',	'a:5:{i:0;i:1;i:1;i:2;i:2;i:3;i:3;i:4;i:4;i:6;}',	1,	'2017-03-24 05:30:12',	'2017-03-24 05:30:12',	'2017-03-24 05:31:43',	NULL),
(48,	5,	'holing',	'tenaoshi',	1,	1,	NULL,	NULL,	'Y',	'Y',	'梅田 雄司',	'梅田 雄司',	'a:14:{i:0;i:1;i:1;i:2;i:2;i:3;i:3;i:4;i:4;i:5;i:5;i:19;i:6;i:23;i:7;i:24;i:8;i:9;i:9;i:20;i:10;i:21;i:11;i:22;i:12;i:18;i:13;i:41;}',	'a:2:{i:0;i:1;i:1;i:9;}',	'a:5:{i:0;i:1;i:1;i:2;i:2;i:3;i:3;i:4;i:4;i:6;}',	1,	'2017-03-24 05:30:12',	'2017-03-24 05:30:12',	'2017-03-24 05:45:28',	NULL),
(49,	4,	'holing',	'tenaoshi',	1,	1,	NULL,	NULL,	'Y',	NULL,	'梅田 雄司',	NULL,	'a:15:{i:0;i:1;i:1;i:2;i:2;i:3;i:3;i:4;i:4;i:5;i:5;i:19;i:6;i:23;i:7;i:24;i:8;i:9;i:9;i:20;i:10;i:21;i:11;i:22;i:12;i:18;i:13;i:44;i:14;i:41;}',	'a:2:{i:0;i:1;i:1;i:9;}',	'a:5:{i:0;i:1;i:1;i:2;i:2;i:3;i:3;i:4;i:4;i:6;}',	1,	'2017-03-24 05:47:30',	'2017-03-24 05:47:30',	'2017-03-24 05:47:30',	NULL),
(50,	6,	'holing',	'tenaoshi',	1,	1,	NULL,	NULL,	'Y',	'Y',	'梅田 雄司',	'梅田 雄司',	'a:14:{i:0;i:1;i:1;i:2;i:2;i:3;i:3;i:4;i:4;i:5;i:5;i:19;i:6;i:23;i:7;i:24;i:8;i:9;i:9;i:20;i:10;i:21;i:11;i:22;i:12;i:18;i:13;i:41;}',	'a:2:{i:0;i:1;i:1;i:9;}',	'a:5:{i:0;i:1;i:1;i:2;i:2;i:3;i:3;i:4;i:4;i:6;}',	1,	'2017-03-24 05:47:30',	'2017-03-24 05:47:30',	'2017-03-24 05:48:19',	NULL),
(51,	7,	'holing',	'tenaoshi',	1,	1,	NULL,	NULL,	'W',	'W',	'橋本 高浩',	'橋本 高浩',	'a:14:{i:0;i:1;i:1;i:2;i:2;i:3;i:3;i:4;i:4;i:5;i:5;i:19;i:6;i:23;i:7;i:24;i:8;i:9;i:9;i:20;i:10;i:21;i:11;i:22;i:12;i:18;i:13;i:41;}',	'a:2:{i:0;i:1;i:1;i:9;}',	'a:5:{i:0;i:1;i:1;i:2;i:2;i:3;i:3;i:4;i:4;i:6;}',	1,	'2017-03-24 05:52:46',	'2017-03-24 05:52:46',	'2017-03-24 05:53:32',	NULL),
(53,	8,	'holing',	'tenaoshi',	1,	1,	NULL,	NULL,	'Y',	'Y',	'梅田 雄司',	'梅田 雄司',	'a:14:{i:0;i:1;i:1;i:2;i:2;i:3;i:3;i:4;i:4;i:5;i:5;i:19;i:6;i:23;i:7;i:24;i:8;i:9;i:9;i:20;i:10;i:21;i:11;i:22;i:12;i:18;i:13;i:41;}',	'a:2:{i:0;i:1;i:1;i:9;}',	'a:5:{i:0;i:1;i:1;i:2;i:2;i:3;i:3;i:4;i:4;i:6;}',	1,	'2017-03-24 05:58:14',	'2017-03-24 05:58:14',	'2017-03-24 05:59:05',	NULL),
(55,	9,	'holing',	'tenaoshi',	1,	1,	NULL,	NULL,	'Y',	NULL,	'梅田 雄司',	NULL,	'a:13:{i:0;i:1;i:1;i:2;i:2;i:3;i:3;i:4;i:4;i:5;i:5;i:19;i:6;i:23;i:7;i:24;i:8;i:9;i:9;i:20;i:10;i:21;i:11;i:22;i:12;i:41;}',	'a:2:{i:0;i:1;i:1;i:9;}',	'a:5:{i:0;i:1;i:1;i:2;i:2;i:3;i:3;i:4;i:4;i:6;}',	1,	'2017-03-24 06:03:42',	'2017-03-24 06:03:42',	'2017-03-24 06:03:42',	NULL),
(56,	10,	'holing',	'tenaoshi',	1,	0,	NULL,	NULL,	'Y',	'Y',	'梅田 雄司',	'梅田 雄司',	'a:13:{i:0;i:1;i:1;i:2;i:2;i:3;i:3;i:4;i:4;i:5;i:5;i:19;i:6;i:23;i:7;i:24;i:8;i:9;i:9;i:20;i:10;i:21;i:11;i:22;i:12;i:41;}',	'a:2:{i:0;i:1;i:1;i:9;}',	'a:5:{i:0;i:1;i:1;i:2;i:2;i:3;i:3;i:4;i:4;i:6;}',	1,	'2017-03-24 06:04:38',	'2017-03-24 06:04:38',	'2017-03-24 06:05:03',	NULL);

TRUNCATE `modifications`;
INSERT INTO `modifications` (`id`, `type_id`, `failure_id`, `ir_id`, `part_id`, `figure_id`, `comment`, `created_at`, `updated_at`) VALUES
(1,	9,	39,	8,	1,	66,	NULL,	'2017-03-23 10:42:41',	'2017-03-23 10:42:41'),
(2,	1,	42,	8,	1,	67,	NULL,	'2017-03-23 10:42:41',	'2017-03-23 10:42:41'),
(3,	1,	43,	8,	1,	68,	NULL,	'2017-03-23 10:42:41',	'2017-03-23 10:42:41'),
(4,	1,	44,	8,	1,	68,	NULL,	'2017-03-23 10:42:41',	'2017-03-23 10:42:41'),
(5,	1,	31,	8,	1,	66,	NULL,	'2017-03-23 10:42:41',	'2017-03-23 10:42:41'),
(6,	1,	34,	8,	1,	66,	NULL,	'2017-03-23 10:42:41',	'2017-03-23 10:42:41'),
(7,	9,	6,	8,	1,	66,	NULL,	'2017-03-23 10:42:41',	'2017-03-23 10:42:41'),
(8,	9,	21,	8,	1,	67,	NULL,	'2017-03-23 10:42:41',	'2017-03-23 10:42:41'),
(9,	9,	9,	8,	1,	67,	NULL,	'2017-03-23 10:42:41',	'2017-03-23 10:42:41'),
(10,	9,	10,	8,	1,	68,	NULL,	'2017-03-23 10:42:41',	'2017-03-23 10:42:41'),
(11,	9,	25,	8,	1,	68,	NULL,	'2017-03-23 10:42:41',	'2017-03-23 10:42:41'),
(12,	9,	46,	9,	2,	72,	NULL,	'2017-03-23 10:42:41',	'2017-03-23 10:42:41'),
(13,	1,	30,	9,	2,	72,	NULL,	'2017-03-23 10:42:41',	'2017-03-23 10:42:41'),
(14,	9,	14,	9,	2,	72,	NULL,	'2017-03-23 10:42:41',	'2017-03-23 10:42:41'),
(18,	9,	52,	10,	3,	2,	NULL,	'2017-03-24 02:18:58',	'2017-03-24 02:18:58'),
(19,	1,	47,	10,	3,	2,	NULL,	'2017-03-24 02:18:58',	'2017-03-24 02:18:58'),
(20,	1,	49,	10,	3,	2,	NULL,	'2017-03-24 02:18:58',	'2017-03-24 02:18:58'),
(21,	9,	48,	10,	3,	2,	NULL,	'2017-03-24 02:18:58',	'2017-03-24 02:18:58'),
(22,	9,	50,	10,	3,	2,	NULL,	'2017-03-24 02:18:58',	'2017-03-24 02:18:58'),
(24,	1,	55,	11,	4,	1,	NULL,	'2017-03-24 02:20:14',	'2017-03-24 02:20:14'),
(25,	9,	57,	11,	4,	1,	NULL,	'2017-03-24 02:20:14',	'2017-03-24 02:20:14'),
(26,	1,	58,	11,	4,	1,	NULL,	'2017-03-24 02:20:40',	'2017-03-24 02:20:40'),
(27,	9,	56,	11,	4,	1,	NULL,	'2017-03-24 02:20:40',	'2017-03-24 02:20:40'),
(28,	9,	54,	11,	4,	1,	NULL,	'2017-03-24 02:20:40',	'2017-03-24 02:20:40'),
(29,	1,	53,	11,	4,	1,	NULL,	'2017-03-24 02:20:40',	'2017-03-24 02:20:40'),
(34,	1,	78,	15,	7,	5,	NULL,	'2017-03-24 02:24:29',	'2017-03-24 02:24:29'),
(35,	1,	79,	15,	7,	5,	NULL,	'2017-03-24 02:24:29',	'2017-03-24 02:24:29'),
(36,	9,	80,	15,	7,	5,	NULL,	'2017-03-24 02:24:29',	'2017-03-24 02:24:29'),
(37,	9,	81,	15,	7,	5,	NULL,	'2017-03-24 02:24:29',	'2017-03-24 02:24:29'),
(38,	1,	82,	15,	7,	5,	NULL,	'2017-03-24 02:24:29',	'2017-03-24 02:24:29'),
(39,	1,	83,	15,	7,	5,	NULL,	'2017-03-24 02:24:29',	'2017-03-24 02:24:29'),
(40,	9,	84,	15,	7,	5,	NULL,	'2017-03-24 02:24:29',	'2017-03-24 02:24:29'),
(41,	9,	85,	15,	7,	5,	NULL,	'2017-03-24 02:24:29',	'2017-03-24 02:24:29'),
(43,	9,	87,	16,	8,	6,	NULL,	'2017-03-24 02:25:13',	'2017-03-24 02:25:13'),
(44,	9,	88,	16,	8,	6,	NULL,	'2017-03-24 02:25:13',	'2017-03-24 02:25:13'),
(46,	1,	90,	16,	8,	6,	NULL,	'2017-03-24 02:25:13',	'2017-03-24 02:25:13'),
(47,	1,	91,	16,	8,	6,	NULL,	'2017-03-24 02:25:13',	'2017-03-24 02:25:13'),
(49,	9,	213,	47,	3,	70,	NULL,	'2017-03-24 05:30:12',	'2017-03-24 05:30:12'),
(50,	1,	117,	47,	3,	68,	NULL,	'2017-03-24 05:30:12',	'2017-03-24 05:30:12'),
(52,	9,	186,	47,	3,	68,	NULL,	'2017-03-24 05:30:12',	'2017-03-24 05:30:12'),
(54,	9,	150,	47,	3,	68,	NULL,	'2017-03-24 05:30:12',	'2017-03-24 05:30:12'),
(55,	9,	151,	47,	3,	69,	NULL,	'2017-03-24 05:30:12',	'2017-03-24 05:30:12'),
(56,	9,	118,	47,	3,	69,	NULL,	'2017-03-24 05:30:12',	'2017-03-24 05:30:12'),
(57,	9,	152,	47,	3,	69,	NULL,	'2017-03-24 05:30:12',	'2017-03-24 05:30:12'),
(58,	9,	119,	47,	3,	69,	NULL,	'2017-03-24 05:30:12',	'2017-03-24 05:30:12'),
(59,	9,	120,	47,	3,	70,	NULL,	'2017-03-24 05:30:12',	'2017-03-24 05:30:12'),
(60,	9,	154,	47,	3,	70,	NULL,	'2017-03-24 05:30:12',	'2017-03-24 05:30:12'),
(61,	9,	121,	47,	3,	70,	NULL,	'2017-03-24 05:30:12',	'2017-03-24 05:30:12'),
(62,	9,	122,	47,	3,	70,	NULL,	'2017-03-24 05:30:12',	'2017-03-24 05:30:12'),
(63,	9,	155,	47,	3,	70,	NULL,	'2017-03-24 05:30:12',	'2017-03-24 05:30:12'),
(64,	9,	158,	47,	3,	70,	NULL,	'2017-03-24 05:30:12',	'2017-03-24 05:30:12'),
(65,	9,	113,	48,	5,	74,	NULL,	'2017-03-24 05:30:12',	'2017-03-24 05:30:12'),
(66,	9,	123,	48,	5,	74,	NULL,	'2017-03-24 05:30:12',	'2017-03-24 05:30:12'),
(67,	9,	124,	48,	5,	74,	NULL,	'2017-03-24 05:30:12',	'2017-03-24 05:30:12'),
(68,	9,	159,	48,	5,	74,	NULL,	'2017-03-24 05:30:12',	'2017-03-24 05:30:12'),
(69,	9,	115,	48,	5,	74,	NULL,	'2017-03-24 05:30:12',	'2017-03-24 05:30:12'),
(71,	9,	184,	48,	5,	74,	NULL,	'2017-03-24 05:30:12',	'2017-03-24 05:30:12'),
(72,	1,	185,	48,	5,	74,	NULL,	'2017-03-24 05:30:12',	'2017-03-24 05:30:12'),
(73,	1,	183,	47,	3,	68,	NULL,	'2017-03-24 05:30:51',	'2017-03-24 05:30:51'),
(74,	1,	187,	47,	3,	68,	NULL,	'2017-03-24 05:30:51',	'2017-03-24 05:30:51'),
(77,	9,	157,	48,	5,	74,	NULL,	'2017-03-24 05:33:43',	'2017-03-24 05:33:43'),
(78,	9,	216,	48,	5,	74,	NULL,	'2017-03-24 05:45:14',	'2017-03-24 05:45:14'),
(79,	9,	217,	49,	4,	72,	NULL,	'2017-03-24 05:47:30',	'2017-03-24 05:47:30'),
(80,	9,	218,	49,	4,	72,	NULL,	'2017-03-24 05:47:30',	'2017-03-24 05:47:30'),
(81,	1,	190,	49,	4,	71,	NULL,	'2017-03-24 05:47:30',	'2017-03-24 05:47:30'),
(82,	1,	188,	49,	4,	71,	NULL,	'2017-03-24 05:47:30',	'2017-03-24 05:47:30'),
(83,	9,	133,	49,	4,	71,	NULL,	'2017-03-24 05:47:30',	'2017-03-24 05:47:30'),
(84,	9,	127,	49,	4,	72,	NULL,	'2017-03-24 05:47:30',	'2017-03-24 05:47:30'),
(85,	9,	126,	49,	4,	72,	NULL,	'2017-03-24 05:47:30',	'2017-03-24 05:47:30'),
(86,	9,	166,	49,	4,	73,	NULL,	'2017-03-24 05:47:30',	'2017-03-24 05:47:30'),
(87,	9,	129,	49,	4,	73,	NULL,	'2017-03-24 05:47:30',	'2017-03-24 05:47:30'),
(88,	9,	167,	49,	4,	73,	NULL,	'2017-03-24 05:47:30',	'2017-03-24 05:47:30'),
(89,	9,	128,	49,	4,	73,	NULL,	'2017-03-24 05:47:30',	'2017-03-24 05:47:30'),
(90,	9,	130,	49,	4,	73,	NULL,	'2017-03-24 05:47:30',	'2017-03-24 05:47:30'),
(92,	1,	164,	50,	6,	75,	NULL,	'2017-03-24 05:47:30',	'2017-03-24 05:47:30'),
(93,	1,	135,	50,	6,	75,	NULL,	'2017-03-24 05:47:30',	'2017-03-24 05:47:30'),
(94,	1,	191,	50,	6,	75,	NULL,	'2017-03-24 05:47:30',	'2017-03-24 05:47:30'),
(95,	9,	219,	50,	6,	75,	NULL,	'2017-03-24 05:48:19',	'2017-03-24 05:48:19'),
(96,	9,	134,	50,	6,	75,	NULL,	'2017-03-24 05:48:19',	'2017-03-24 05:48:19'),
(101,	1,	195,	51,	7,	76,	NULL,	'2017-03-24 05:52:46',	'2017-03-24 05:52:46'),
(102,	9,	197,	51,	7,	76,	NULL,	'2017-03-24 05:52:46',	'2017-03-24 05:52:46'),
(104,	9,	177,	51,	7,	77,	NULL,	'2017-03-24 05:52:46',	'2017-03-24 05:52:46'),
(105,	9,	139,	51,	7,	77,	NULL,	'2017-03-24 05:52:46',	'2017-03-24 05:52:46'),
(106,	9,	196,	51,	7,	76,	NULL,	'2017-03-24 05:53:32',	'2017-03-24 05:53:32'),
(107,	9,	194,	51,	7,	76,	NULL,	'2017-03-24 05:53:32',	'2017-03-24 05:53:32'),
(108,	1,	220,	51,	7,	76,	NULL,	'2017-03-24 05:53:32',	'2017-03-24 05:53:32'),
(109,	1,	138,	51,	7,	77,	NULL,	'2017-03-24 05:53:32',	'2017-03-24 05:53:32'),
(110,	1,	221,	51,	7,	77,	NULL,	'2017-03-24 05:53:32',	'2017-03-24 05:53:32'),
(120,	9,	223,	53,	8,	78,	NULL,	'2017-03-24 05:58:14',	'2017-03-24 05:58:14'),
(121,	1,	224,	53,	8,	79,	NULL,	'2017-03-24 05:58:14',	'2017-03-24 05:58:14'),
(122,	9,	199,	53,	8,	78,	NULL,	'2017-03-24 05:58:14',	'2017-03-24 05:58:14'),
(123,	9,	198,	53,	8,	78,	NULL,	'2017-03-24 05:58:14',	'2017-03-24 05:58:14'),
(124,	9,	200,	53,	8,	78,	NULL,	'2017-03-24 05:58:14',	'2017-03-24 05:58:14'),
(125,	9,	201,	53,	8,	78,	NULL,	'2017-03-24 05:58:14',	'2017-03-24 05:58:14'),
(126,	9,	202,	53,	8,	78,	NULL,	'2017-03-24 05:58:14',	'2017-03-24 05:58:14'),
(127,	9,	140,	53,	8,	79,	NULL,	'2017-03-24 05:58:14',	'2017-03-24 05:58:14'),
(128,	9,	143,	53,	8,	79,	NULL,	'2017-03-24 05:58:14',	'2017-03-24 05:58:14'),
(129,	9,	178,	53,	8,	79,	NULL,	'2017-03-24 05:58:14',	'2017-03-24 05:58:14'),
(136,	1,	203,	55,	9,	80,	NULL,	'2017-03-24 06:03:42',	'2017-03-24 06:03:42'),
(137,	1,	205,	55,	9,	80,	NULL,	'2017-03-24 06:03:42',	'2017-03-24 06:03:42'),
(138,	9,	146,	55,	9,	81,	NULL,	'2017-03-24 06:03:42',	'2017-03-24 06:03:42'),
(139,	9,	147,	55,	9,	81,	NULL,	'2017-03-24 06:03:42',	'2017-03-24 06:03:42'),
(140,	9,	179,	55,	9,	81,	NULL,	'2017-03-24 06:03:42',	'2017-03-24 06:03:42'),
(141,	9,	226,	56,	10,	83,	NULL,	'2017-03-24 06:04:38',	'2017-03-24 06:04:38'),
(144,	1,	211,	56,	10,	82,	NULL,	'2017-03-24 06:04:38',	'2017-03-24 06:04:38'),
(145,	1,	208,	56,	10,	82,	NULL,	'2017-03-24 06:04:38',	'2017-03-24 06:04:38'),
(146,	9,	149,	56,	10,	83,	NULL,	'2017-03-24 06:04:38',	'2017-03-24 06:04:38'),
(147,	9,	181,	56,	10,	83,	NULL,	'2017-03-24 06:04:38',	'2017-03-24 06:04:38'),
(148,	9,	148,	56,	10,	83,	NULL,	'2017-03-24 06:04:38',	'2017-03-24 06:04:38'),
(149,	1,	228,	56,	10,	82,	NULL,	'2017-03-24 06:05:03',	'2017-03-24 06:05:03'),
(150,	1,	206,	56,	10,	82,	NULL,	'2017-03-24 06:05:03',	'2017-03-24 06:05:03'),
(151,	1,	210,	56,	10,	82,	NULL,	'2017-03-24 06:05:03',	'2017-03-24 06:05:03');

TRUNCATE `modification_types`;
INSERT INTO `modification_types` (`id`, `name`, `label`, `status`, `created_at`, `updated_at`) VALUES
(1,	'削り',	1,	1,	'2017-03-23 06:40:13',	'2017-03-23 06:40:13'),
(2,	'除去',	2,	1,	'2017-03-23 06:40:13',	'2017-03-23 06:40:13'),
(3,	'樹脂盛り',	3,	1,	'2017-03-23 06:40:13',	'2017-03-23 06:40:13'),
(4,	'伸展防止',	4,	1,	'2017-03-23 06:40:13',	'2017-03-23 06:40:13'),
(5,	'交換',	5,	1,	'2017-03-23 06:40:13',	'2017-03-23 06:40:13'),
(6,	'再接着',	6,	1,	'2017-03-23 06:40:13',	'2017-03-23 06:40:13'),
(7,	'手直し不要',	7,	1,	'2017-03-23 06:40:13',	'2017-03-23 06:40:13'),
(8,	'手直し不可',	8,	1,	'2017-03-23 06:40:13',	'2017-03-23 06:40:13'),
(9,	'その他',	99,	1,	'2017-03-23 06:40:13',	'2017-03-23 06:40:13');

TRUNCATE `mt_related`;
INSERT INTO `mt_related` (`process`, `inspection`, `division`, `type_id`, `type`, `sort`, `created_at`, `updated_at`) VALUES
('holing',	'tenaoshi',	'doorInner',	1,	2,	1,	NULL,	NULL),
('holing',	'tenaoshi',	'doorInner',	9,	2,	2,	NULL,	NULL),
('holing',	'tenaoshi',	'luggageInner',	1,	2,	1,	NULL,	NULL),
('holing',	'tenaoshi',	'luggageInner',	9,	2,	2,	NULL,	NULL),
('holing',	'tenaoshi',	'luggageOuter',	1,	2,	1,	NULL,	NULL),
('holing',	'tenaoshi',	'luggageOuter',	9,	2,	2,	NULL,	NULL),
('holing',	'tenaoshi',	'reinforce',	1,	2,	1,	NULL,	NULL),
('holing',	'tenaoshi',	'reinforce',	9,	2,	2,	NULL,	NULL),
('jointing',	'gaikan',	'doorASSY',	1,	2,	1,	NULL,	NULL),
('jointing',	'gaikan',	'doorASSY',	2,	2,	2,	NULL,	NULL),
('jointing',	'gaikan',	'doorASSY',	3,	2,	3,	NULL,	NULL),
('jointing',	'gaikan',	'doorASSY',	5,	2,	4,	NULL,	NULL),
('jointing',	'gaikan',	'doorASSY',	6,	2,	5,	NULL,	NULL),
('jointing',	'gaikan',	'doorASSY',	7,	2,	6,	NULL,	NULL),
('jointing',	'gaikan',	'doorASSY',	8,	2,	7,	NULL,	NULL),
('jointing',	'gaikan',	'doorASSY',	9,	2,	8,	NULL,	NULL),
('jointing',	'gaikan',	'luggageASSY',	1,	2,	1,	NULL,	NULL),
('jointing',	'gaikan',	'luggageASSY',	2,	2,	2,	NULL,	NULL),
('jointing',	'gaikan',	'luggageASSY',	3,	2,	3,	NULL,	NULL),
('jointing',	'gaikan',	'luggageASSY',	5,	2,	4,	NULL,	NULL),
('jointing',	'gaikan',	'luggageASSY',	6,	2,	5,	NULL,	NULL),
('jointing',	'gaikan',	'luggageASSY',	7,	2,	6,	NULL,	NULL),
('jointing',	'gaikan',	'luggageASSY',	8,	2,	7,	NULL,	NULL),
('jointing',	'gaikan',	'luggageASSY',	9,	2,	8,	NULL,	NULL),
('jointing',	'gaishushiage',	'luggageOuter',	1,	2,	1,	NULL,	NULL),
('jointing',	'gaishushiage',	'luggageOuter',	2,	2,	2,	NULL,	NULL),
('jointing',	'gaishushiage',	'luggageOuter',	3,	2,	3,	NULL,	NULL),
('jointing',	'gaishushiage',	'luggageOuter',	5,	2,	4,	NULL,	NULL),
('jointing',	'gaishushiage',	'luggageOuter',	6,	2,	5,	NULL,	NULL),
('jointing',	'gaishushiage',	'luggageOuter',	7,	2,	6,	NULL,	NULL),
('jointing',	'gaishushiage',	'luggageOuter',	8,	2,	7,	NULL,	NULL),
('jointing',	'gaishushiage',	'luggageOuter',	9,	2,	8,	NULL,	NULL),
('jointing',	'pateshufukugo',	'luggageOuter',	1,	2,	1,	NULL,	NULL),
('jointing',	'pateshufukugo',	'luggageOuter',	2,	2,	2,	NULL,	NULL),
('jointing',	'pateshufukugo',	'luggageOuter',	3,	2,	3,	NULL,	NULL),
('jointing',	'pateshufukugo',	'luggageOuter',	5,	2,	4,	NULL,	NULL),
('jointing',	'pateshufukugo',	'luggageOuter',	6,	2,	5,	NULL,	NULL),
('jointing',	'pateshufukugo',	'luggageOuter',	7,	2,	6,	NULL,	NULL),
('jointing',	'pateshufukugo',	'luggageOuter',	8,	2,	7,	NULL,	NULL),
('jointing',	'pateshufukugo',	'luggageOuter',	9,	2,	8,	NULL,	NULL),
('jointing',	'suikengo',	'luggageOuter',	1,	2,	1,	NULL,	NULL),
('jointing',	'suikengo',	'luggageOuter',	2,	2,	2,	NULL,	NULL),
('jointing',	'suikengo',	'luggageOuter',	3,	2,	3,	NULL,	NULL),
('jointing',	'suikengo',	'luggageOuter',	5,	2,	4,	NULL,	NULL),
('jointing',	'suikengo',	'luggageOuter',	6,	2,	5,	NULL,	NULL),
('jointing',	'suikengo',	'luggageOuter',	7,	2,	6,	NULL,	NULL),
('jointing',	'suikengo',	'luggageOuter',	8,	2,	7,	NULL,	NULL),
('jointing',	'suikengo',	'luggageOuter',	9,	2,	8,	NULL,	NULL),
('jointing',	'tenaoshi',	'doorASSY',	1,	2,	1,	NULL,	NULL),
('jointing',	'tenaoshi',	'doorASSY',	2,	2,	2,	NULL,	NULL),
('jointing',	'tenaoshi',	'doorASSY',	3,	2,	3,	NULL,	NULL),
('jointing',	'tenaoshi',	'doorASSY',	5,	2,	4,	NULL,	NULL),
('jointing',	'tenaoshi',	'doorASSY',	6,	2,	5,	NULL,	NULL),
('jointing',	'tenaoshi',	'doorASSY',	7,	2,	6,	NULL,	NULL),
('jointing',	'tenaoshi',	'doorASSY',	8,	2,	7,	NULL,	NULL),
('jointing',	'tenaoshi',	'doorASSY',	9,	2,	8,	NULL,	NULL),
('jointing',	'tenaoshi',	'luggageASSY',	1,	2,	1,	NULL,	NULL),
('jointing',	'tenaoshi',	'luggageASSY',	2,	2,	2,	NULL,	NULL),
('jointing',	'tenaoshi',	'luggageASSY',	3,	2,	3,	NULL,	NULL),
('jointing',	'tenaoshi',	'luggageASSY',	5,	2,	4,	NULL,	NULL),
('jointing',	'tenaoshi',	'luggageASSY',	6,	2,	5,	NULL,	NULL),
('jointing',	'tenaoshi',	'luggageASSY',	7,	2,	6,	NULL,	NULL),
('jointing',	'tenaoshi',	'luggageASSY',	8,	2,	7,	NULL,	NULL),
('jointing',	'tenaoshi',	'luggageASSY',	9,	2,	8,	NULL,	NULL),
('molding',	'gaikan',	'doorInner',	1,	2,	1,	NULL,	NULL),
('molding',	'gaikan',	'doorInner',	9,	2,	2,	NULL,	NULL),
('molding',	'gaikan',	'luggageInner',	1,	2,	1,	NULL,	NULL),
('molding',	'gaikan',	'luggageInner',	9,	2,	2,	NULL,	NULL);

TRUNCATE `parts`;
INSERT INTO `parts` (`id`, `panel_id`, `pn`, `family_id`, `created_at`, `updated_at`) VALUES
(1,	'00000000',	6714211020,	NULL,	'2017-03-23 10:39:11',	'2017-03-23 10:39:11'),
(2,	'00000000',	6715211020,	NULL,	'2017-03-23 10:39:50',	'2017-03-23 10:39:50'),
(3,	'11111111',	6714211020,	NULL,	'2017-03-24 02:18:27',	'2017-03-24 02:18:27'),
(4,	'11111111',	6714111020,	NULL,	'2017-03-24 02:20:14',	'2017-03-24 02:20:14'),
(5,	'11111111',	6715211020,	NULL,	'2017-03-24 02:22:09',	'2017-03-24 02:22:09'),
(6,	'11111111',	6715111020,	NULL,	'2017-03-24 02:22:09',	'2017-03-24 02:22:09'),
(7,	'11111111',	6441211010,	NULL,	'2017-03-24 02:23:28',	'2017-03-24 02:23:28'),
(8,	'11111111',	6441211020,	NULL,	'2017-03-24 02:25:13',	'2017-03-24 02:25:13'),
(9,	'11111111',	6441111010,	NULL,	'2017-03-24 02:26:04',	'2017-03-24 02:26:04'),
(10,	'11111111',	6441111020,	NULL,	'2017-03-24 02:26:51',	'2017-03-24 02:26:51'),
(11,	'111111',	6714111020,	NULL,	'2017-03-24 03:14:41',	'2017-03-24 03:14:41'),
(12,	'33333333',	6714111020,	NULL,	'2017-03-24 03:17:10',	'2017-03-24 03:17:10'),
(13,	'33333333',	6715111020,	NULL,	'2017-03-24 03:17:10',	'2017-03-24 03:17:10');

TRUNCATE `part_families`;

TRUNCATE `part_types`;
INSERT INTO `part_types` (`pn`, `pn2`, `name`, `en`, `short_name`, `division1`, `division2`, `sort`, `created_at`, `updated_at`) VALUES
(6440111010,	0,	'ラゲージASSY STD',	'luggageASSY STD',	'RAS',	'luggage',	'luggageASSY',	11,	'2017-03-23 06:40:13',	'2017-03-23 06:40:13'),
(6440111020,	0,	'ラゲージASSY ARW',	'luggageASSY ARW',	'RAA',	'luggage',	'luggageASSY',	12,	'2017-03-23 06:40:13',	'2017-03-23 06:40:13'),
(6441111010,	3,	'ラゲージアウタSTD',	'luggageOuterSTD',	'ROS',	'luggage',	'luggageOuter',	7,	'2017-03-23 06:40:13',	'2017-03-23 06:40:13'),
(6441111020,	5,	'ラゲージアウタARW',	'luggageOuterARW',	'ROA',	'luggage',	'luggageOuter',	8,	'2017-03-23 06:40:13',	'2017-03-23 06:40:13'),
(6441211010,	2,	'ラゲージインナSTD',	'luggageInnerSTD',	'RIS',	'luggage',	'luggageInner',	5,	'2017-03-23 06:40:13',	'2017-03-23 06:40:13'),
(6441211020,	4,	'ラゲージインナARW',	'luggageInnerARW',	'RIA',	'luggage',	'luggageInner',	6,	'2017-03-23 06:40:13',	'2017-03-23 06:40:13'),
(6701511020,	0,	'ドアASSY RH',	'doorASSY RH',	'DAR',	'door',	'doorASSY',	10,	'2017-03-23 06:40:13',	'2017-03-23 06:40:13'),
(6701611020,	0,	'ドアASSY LH',	'doorASSY LH',	'DAL',	'door',	'doorASSY',	9,	'2017-03-23 06:40:13',	'2017-03-23 06:40:13'),
(6714111020,	6,	'ドアインナR',	'doorInnerR',	'DIR',	'door',	'doorInner',	2,	'2017-03-23 06:40:13',	'2017-03-23 06:40:13'),
(6714211020,	6,	'ドアインナL',	'doorInnerL',	'DIL',	'door',	'doorInner',	1,	'2017-03-23 06:40:13',	'2017-03-23 06:40:13'),
(6715111020,	6,	'リンフォースR',	'reinforceR',	'RR',	'door',	'reinforce',	4,	'2017-03-23 06:40:13',	'2017-03-23 06:40:13'),
(6715211020,	6,	'リンフォースL',	'reinforceL',	'RL',	'door',	'reinforce',	3,	'2017-03-23 06:40:13',	'2017-03-23 06:40:13');

TRUNCATE `processes`;
INSERT INTO `processes` (`en`, `name`, `sort`, `created_at`, `updated_at`) VALUES
('holing',	'穴あけ',	2,	'2017-03-23 06:40:13',	'2017-03-23 06:40:13'),
('jointing',	'かしめ/接着',	3,	'2017-03-23 06:40:13',	'2017-03-23 06:40:13'),
('molding',	'成型',	1,	'2017-03-23 06:40:13',	'2017-03-23 06:40:13');

TRUNCATE `workers`;
INSERT INTO `workers` (`id`, `name`, `yomi`, `code`, `status`, `choku_code`, `created_at`, `updated_at`) VALUES
(1,	'田村 良二',	'タムラリョウジ',	'0001',	1,	'W',	'2017-03-23 06:40:13',	'2017-03-23 06:40:13'),
(2,	'高木 洋一',	'タカギヨウイチ',	'0002',	1,	'W',	'2017-03-23 06:40:13',	'2017-03-23 06:40:13'),
(3,	'山本 佳祐',	'ヤマシタケイスケ',	'0003',	1,	'W',	'2017-03-23 06:40:13',	'2017-03-23 06:40:13'),
(4,	'森下 和哉',	'モリシタカズヤ',	'0004',	1,	'W',	'2017-03-23 06:40:13',	'2017-03-23 06:40:13'),
(5,	'浅田 英幸',	'アサダヒデユキ',	'0005',	1,	'W',	'2017-03-23 06:40:13',	'2017-03-23 06:40:13'),
(6,	'青木 匠',	'アオキタクミ',	'0006',	1,	'W',	'2017-03-23 06:40:13',	'2017-03-23 06:40:13'),
(7,	'谷口 勇人',	'タニグチ',	'0007',	1,	'W',	'2017-03-23 06:40:13',	'2017-03-23 06:40:13'),
(8,	'矢澤 鉱一',	'ヤザワコウイチ',	'0008',	1,	'W',	'2017-03-23 06:40:13',	'2017-03-23 06:40:13'),
(9,	'大園 博美',	'オオゾノヒロミ',	'0009',	1,	'Y',	'2017-03-23 06:40:13',	'2017-03-23 06:40:13'),
(10,	'川畑 英義',	'カワバタヒデヨシ',	'0010',	1,	'Y',	'2017-03-23 06:40:13',	'2017-03-23 06:40:13'),
(11,	'金谷 達弘',	'カナヤタツヒロ',	'0011',	1,	'Y',	'2017-03-23 06:40:13',	'2017-03-23 06:40:13'),
(12,	'阿部 哲士',	'アベテツシ',	'0012',	1,	'Y',	'2017-03-23 06:40:13',	'2017-03-23 06:40:13'),
(13,	'黒崎 将平',	'クロサキ ショウヘイ',	'0013',	1,	'Y',	'2017-03-23 06:40:13',	'2017-03-23 06:40:13'),
(14,	'小川 晟央',	'オガワマサオ',	'0014',	1,	'Y',	'2017-03-23 06:40:13',	'2017-03-23 06:40:13'),
(15,	'古井 康真',	'フルイヤスシ',	'0015',	1,	'Y',	'2017-03-23 06:40:13',	'2017-03-23 06:40:13'),
(16,	'大塚 絢貴',	'オオツカアヤタカ',	'0016',	1,	'Y',	'2017-03-23 06:40:13',	'2017-03-23 06:40:13'),
(17,	'濱田 政雄',	'ハマダマサオ',	'0017',	1,	'W',	'2017-03-23 06:40:13',	'2017-03-23 06:40:13'),
(18,	'岡本 崇弘',	'オカモトタカヒロ',	'0018',	1,	'W',	'2017-03-23 06:40:13',	'2017-03-23 06:40:13'),
(19,	'戸上 憲一',	'トガミケンイチ',	'0019',	1,	'W',	'2017-03-23 06:40:13',	'2017-03-23 06:40:13'),
(20,	'西嶋 慎吾',	'ニシジマシンゴ',	'0020',	1,	'W',	'2017-03-23 06:40:13',	'2017-03-23 06:40:13'),
(21,	'橋本 高浩',	'ハシモトタカヒロ',	'0021',	1,	'W',	'2017-03-23 06:40:13',	'2017-03-23 06:40:13'),
(22,	'西川 佳孝',	'ニシカワヨシタカ',	'0022',	1,	'W',	'2017-03-23 06:40:13',	'2017-03-23 06:40:13'),
(23,	'嶋津 直樹',	'シマズナオキ',	'0023',	1,	'W',	'2017-03-23 06:40:13',	'2017-03-23 06:40:13'),
(24,	'梅田 雄司',	'ウメダユウジ',	'0024',	1,	'Y',	'2017-03-23 06:40:13',	'2017-03-23 06:40:13'),
(25,	'山尾 祐介',	'ヤマオユウスケ',	'0025',	1,	'Y',	'2017-03-23 06:40:13',	'2017-03-23 06:40:13'),
(26,	'白波瀬 忍',	'シロナミセシノブ',	'0026',	1,	'Y',	'2017-03-23 06:40:13',	'2017-03-23 06:40:13'),
(27,	'中田 将吾',	'ナカダショウゴ',	'0027',	1,	'Y',	'2017-03-23 06:40:13',	'2017-03-23 06:40:13'),
(28,	'井坂 光雄',	'イサカミツオ',	'0028',	1,	'Y',	'2017-03-23 06:40:13',	'2017-03-23 06:40:13'),
(29,	'大寺 真悟',	'オオデラシンゴ',	'0029',	1,	'Y',	'2017-03-23 06:40:13',	'2017-03-23 06:40:13'),
(30,	'大谷 直人',	'オオタニナオト',	'0030',	1,	'W',	'2017-03-23 06:40:13',	'2017-03-23 06:40:13'),
(31,	'児嶋 誠',	'コジママコト',	'0031',	1,	'W',	'2017-03-23 06:40:13',	'2017-03-23 06:40:13'),
(32,	'吉武 伸浩',	'ヨシタケノブヒロ',	'0032',	1,	'W',	'2017-03-23 06:40:13',	'2017-03-23 06:40:13'),
(33,	'加藤 徹',	'カトウトオル',	'0033',	1,	'W',	'2017-03-23 06:40:13',	'2017-03-23 06:40:13'),
(34,	'瀬川 瑛志',	'セガワエイシ',	'0034',	1,	'W',	'2017-03-23 06:40:13',	'2017-03-23 06:40:13'),
(35,	'宗像 徹郎',	'ムナカタテツロウ',	'0035',	1,	'W',	'2017-03-23 06:40:13',	'2017-03-23 06:40:13'),
(36,	'田村 豊',	'タムラユタカ',	'0036',	1,	'Y',	'2017-03-23 06:40:13',	'2017-03-23 06:40:13'),
(37,	'伊藤 伸一',	'イトウシンイチ',	'0037',	1,	'Y',	'2017-03-23 06:40:13',	'2017-03-23 06:40:13'),
(38,	'中本 直樹',	'ナカモトナオキ',	'0038',	1,	'Y',	'2017-03-23 06:40:13',	'2017-03-23 06:40:13'),
(39,	'尾前 裕也',	'オマエユウヤ',	'0039',	1,	'Y',	'2017-03-23 06:40:13',	'2017-03-23 06:40:13'),
(40,	'蘭 龍二',	'ランリュウジ',	'0040',	1,	'Y',	'2017-03-23 06:40:13',	'2017-03-23 06:40:13'),
(41,	'渡辺 孝司',	'ワタナベコウジ',	'0041',	1,	'Y',	'2017-03-23 06:40:13',	'2017-03-23 06:40:13'),
(42,	'大石 峰志',	'オオイシタカシ',	'0042',	1,	'Y',	'2017-03-23 06:40:13',	'2017-03-23 06:40:13'),
(43,	'土居 豊',	'ツチイ ユタカ',	'0043',	1,	'W',	'2017-03-23 06:40:13',	'2017-03-23 06:40:13'),
(44,	'龍田 憲太',	'タツタケンタ',	'0044',	1,	'W',	'2017-03-23 06:40:13',	'2017-03-23 06:40:13'),
(45,	'小林 徹也',	'コバヤシテツヤ',	'0045',	1,	'W',	'2017-03-23 06:40:13',	'2017-03-23 06:40:13'),
(46,	'渡久地 政通',	'トグチマサトシ',	'0046',	1,	'W',	'2017-03-23 06:40:13',	'2017-03-23 06:40:13'),
(47,	'浅野 秀明',	'アサノヒデアキ',	'0047',	1,	'W',	'2017-03-23 06:40:13',	'2017-03-23 06:40:13'),
(48,	'蜂谷 拓也',	'ハチヤタクヤ',	'0048',	1,	'W',	'2017-03-23 06:40:13',	'2017-03-23 06:40:13'),
(49,	'瀬畑 長正',	'セバタナガマサ',	'0049',	1,	'Y',	'2017-03-23 06:40:13',	'2017-03-23 06:40:13'),
(50,	'長畑 学',	'ナガハタマナブ',	'0050',	1,	'Y',	'2017-03-23 06:40:13',	'2017-03-23 06:40:13'),
(51,	'吉川 慎吾',	'ヨシカワ シンゴ',	'0051',	1,	'Y',	'2017-03-23 06:40:13',	'2017-03-23 06:40:13'),
(52,	'東野 博',	'ヒガシノヒロシ',	'0052',	1,	'Y',	'2017-03-23 06:40:13',	'2017-03-23 06:40:13'),
(53,	'藤川 徹',	'フジカワトオル',	'0053',	1,	'Y',	'2017-03-23 06:40:13',	'2017-03-23 06:40:13'),
(54,	'萩野 隆',	'ハギノタカシ',	'0054',	1,	'Y',	'2017-03-23 06:40:13',	'2017-03-23 06:40:13'),
(55,	'安田 康平',	'ヤスダコウヘイ',	'0055',	1,	'Y',	'2017-03-23 06:40:13',	'2017-03-23 06:40:13');

TRUNCATE `worker_related`;
INSERT INTO `worker_related` (`worker_id`, `process`, `inspection`, `division`, `sort`, `created_at`, `updated_at`) VALUES
(1,	'molding',	'gaikan',	'door',	1,	NULL,	NULL),
(1,	'molding',	'gaikan',	'luggage',	1,	NULL,	NULL),
(2,	'molding',	'gaikan',	'door',	2,	NULL,	NULL),
(2,	'molding',	'gaikan',	'luggage',	2,	NULL,	NULL),
(3,	'molding',	'gaikan',	'door',	3,	NULL,	NULL),
(3,	'molding',	'gaikan',	'luggage',	3,	NULL,	NULL),
(5,	'molding',	'gaikan',	'door',	5,	NULL,	NULL),
(5,	'molding',	'gaikan',	'luggage',	5,	NULL,	NULL),
(6,	'molding',	'gaikan',	'door',	6,	NULL,	NULL),
(6,	'molding',	'gaikan',	'luggage',	6,	NULL,	NULL),
(7,	'molding',	'gaikan',	'door',	7,	NULL,	NULL),
(7,	'molding',	'gaikan',	'luggage',	7,	NULL,	NULL),
(8,	'molding',	'gaikan',	'door',	8,	NULL,	NULL),
(8,	'molding',	'gaikan',	'luggage',	8,	NULL,	NULL),
(9,	'molding',	'gaikan',	'door',	1,	NULL,	NULL),
(9,	'molding',	'gaikan',	'luggage',	1,	NULL,	NULL),
(10,	'molding',	'gaikan',	'door',	2,	NULL,	NULL),
(10,	'molding',	'gaikan',	'luggage',	2,	NULL,	NULL),
(11,	'molding',	'gaikan',	'door',	3,	NULL,	NULL),
(11,	'molding',	'gaikan',	'luggage',	3,	NULL,	NULL),
(12,	'molding',	'gaikan',	'door',	4,	NULL,	NULL),
(12,	'molding',	'gaikan',	'luggage',	4,	NULL,	NULL),
(13,	'molding',	'gaikan',	'door',	5,	NULL,	NULL),
(13,	'molding',	'gaikan',	'luggage',	5,	NULL,	NULL),
(14,	'molding',	'gaikan',	'door',	6,	NULL,	NULL),
(14,	'molding',	'gaikan',	'luggage',	6,	NULL,	NULL),
(15,	'molding',	'gaikan',	'door',	7,	NULL,	NULL),
(15,	'molding',	'gaikan',	'luggage',	7,	NULL,	NULL),
(16,	'holing',	'ana',	'door',	1,	NULL,	NULL),
(16,	'holing',	'ana',	'luggage',	1,	NULL,	NULL),
(16,	'holing',	'atogaikan',	'door',	1,	NULL,	NULL),
(16,	'holing',	'atogaikan',	'luggage',	1,	NULL,	NULL),
(16,	'holing',	'maegaikan',	'door',	1,	NULL,	NULL),
(16,	'holing',	'maegaikan',	'luggage',	1,	NULL,	NULL),
(16,	'holing',	'tenaoshi',	'door',	1,	NULL,	NULL),
(16,	'holing',	'tenaoshi',	'luggage',	1,	NULL,	NULL),
(16,	'molding',	'gaikan',	'door',	8,	NULL,	NULL),
(16,	'molding',	'gaikan',	'luggage',	8,	NULL,	NULL),
(17,	'holing',	'ana',	'door',	1,	NULL,	NULL),
(17,	'holing',	'ana',	'luggage',	1,	NULL,	NULL),
(17,	'holing',	'atogaikan',	'door',	1,	NULL,	NULL),
(17,	'holing',	'atogaikan',	'luggage',	1,	NULL,	NULL),
(17,	'holing',	'maegaikan',	'door',	1,	NULL,	NULL),
(17,	'holing',	'maegaikan',	'luggage',	1,	NULL,	NULL),
(17,	'holing',	'tenaoshi',	'door',	1,	NULL,	NULL),
(17,	'holing',	'tenaoshi',	'luggage',	1,	NULL,	NULL),
(18,	'holing',	'ana',	'door',	2,	NULL,	NULL),
(18,	'holing',	'ana',	'luggage',	2,	NULL,	NULL),
(18,	'holing',	'atogaikan',	'door',	2,	NULL,	NULL),
(18,	'holing',	'atogaikan',	'luggage',	2,	NULL,	NULL),
(18,	'holing',	'maegaikan',	'door',	2,	NULL,	NULL),
(18,	'holing',	'maegaikan',	'luggage',	2,	NULL,	NULL),
(18,	'holing',	'tenaoshi',	'door',	2,	NULL,	NULL),
(18,	'holing',	'tenaoshi',	'luggage',	2,	NULL,	NULL),
(19,	'holing',	'ana',	'door',	3,	NULL,	NULL),
(19,	'holing',	'ana',	'luggage',	3,	NULL,	NULL),
(19,	'holing',	'atogaikan',	'door',	3,	NULL,	NULL),
(19,	'holing',	'atogaikan',	'luggage',	3,	NULL,	NULL),
(19,	'holing',	'maegaikan',	'door',	3,	NULL,	NULL),
(19,	'holing',	'maegaikan',	'luggage',	3,	NULL,	NULL),
(19,	'holing',	'tenaoshi',	'door',	3,	NULL,	NULL),
(19,	'holing',	'tenaoshi',	'luggage',	3,	NULL,	NULL),
(20,	'holing',	'ana',	'door',	4,	NULL,	NULL),
(20,	'holing',	'ana',	'luggage',	4,	NULL,	NULL),
(20,	'holing',	'atogaikan',	'door',	4,	NULL,	NULL),
(20,	'holing',	'atogaikan',	'luggage',	4,	NULL,	NULL),
(20,	'holing',	'maegaikan',	'door',	4,	NULL,	NULL),
(20,	'holing',	'maegaikan',	'luggage',	4,	NULL,	NULL),
(20,	'holing',	'tenaoshi',	'door',	4,	NULL,	NULL),
(20,	'holing',	'tenaoshi',	'luggage',	4,	NULL,	NULL),
(21,	'holing',	'ana',	'door',	5,	NULL,	NULL),
(21,	'holing',	'ana',	'luggage',	5,	NULL,	NULL),
(21,	'holing',	'atogaikan',	'door',	5,	NULL,	NULL),
(21,	'holing',	'atogaikan',	'luggage',	5,	NULL,	NULL),
(21,	'holing',	'maegaikan',	'door',	5,	NULL,	NULL),
(21,	'holing',	'maegaikan',	'luggage',	5,	NULL,	NULL),
(21,	'holing',	'tenaoshi',	'door',	5,	NULL,	NULL),
(21,	'holing',	'tenaoshi',	'luggage',	5,	NULL,	NULL),
(22,	'holing',	'ana',	'door',	6,	NULL,	NULL),
(22,	'holing',	'ana',	'luggage',	6,	NULL,	NULL),
(22,	'holing',	'atogaikan',	'door',	6,	NULL,	NULL),
(22,	'holing',	'atogaikan',	'luggage',	6,	NULL,	NULL),
(22,	'holing',	'maegaikan',	'door',	6,	NULL,	NULL),
(22,	'holing',	'maegaikan',	'luggage',	6,	NULL,	NULL),
(22,	'holing',	'tenaoshi',	'door',	6,	NULL,	NULL),
(22,	'holing',	'tenaoshi',	'luggage',	6,	NULL,	NULL),
(23,	'holing',	'ana',	'door',	7,	NULL,	NULL),
(23,	'holing',	'ana',	'luggage',	7,	NULL,	NULL),
(23,	'holing',	'atogaikan',	'door',	7,	NULL,	NULL),
(23,	'holing',	'atogaikan',	'luggage',	7,	NULL,	NULL),
(23,	'holing',	'maegaikan',	'door',	7,	NULL,	NULL),
(23,	'holing',	'maegaikan',	'luggage',	7,	NULL,	NULL),
(23,	'holing',	'tenaoshi',	'door',	7,	NULL,	NULL),
(23,	'holing',	'tenaoshi',	'luggage',	7,	NULL,	NULL),
(24,	'holing',	'ana',	'door',	2,	NULL,	NULL),
(24,	'holing',	'ana',	'luggage',	2,	NULL,	NULL),
(24,	'holing',	'atogaikan',	'door',	2,	NULL,	NULL),
(24,	'holing',	'atogaikan',	'luggage',	2,	NULL,	NULL),
(24,	'holing',	'maegaikan',	'door',	2,	NULL,	NULL),
(24,	'holing',	'maegaikan',	'luggage',	2,	NULL,	NULL),
(24,	'holing',	'tenaoshi',	'door',	2,	NULL,	NULL),
(24,	'holing',	'tenaoshi',	'luggage',	2,	NULL,	NULL),
(25,	'holing',	'ana',	'door',	3,	NULL,	NULL),
(25,	'holing',	'ana',	'luggage',	3,	NULL,	NULL),
(25,	'holing',	'atogaikan',	'door',	3,	NULL,	NULL),
(25,	'holing',	'atogaikan',	'luggage',	3,	NULL,	NULL),
(25,	'holing',	'maegaikan',	'door',	3,	NULL,	NULL),
(25,	'holing',	'maegaikan',	'luggage',	3,	NULL,	NULL),
(25,	'holing',	'tenaoshi',	'door',	3,	NULL,	NULL),
(25,	'holing',	'tenaoshi',	'luggage',	3,	NULL,	NULL),
(26,	'holing',	'ana',	'door',	4,	NULL,	NULL),
(26,	'holing',	'ana',	'luggage',	4,	NULL,	NULL),
(26,	'holing',	'atogaikan',	'door',	4,	NULL,	NULL),
(26,	'holing',	'atogaikan',	'luggage',	4,	NULL,	NULL),
(26,	'holing',	'maegaikan',	'door',	4,	NULL,	NULL),
(26,	'holing',	'maegaikan',	'luggage',	4,	NULL,	NULL),
(26,	'holing',	'tenaoshi',	'door',	4,	NULL,	NULL),
(26,	'holing',	'tenaoshi',	'luggage',	4,	NULL,	NULL),
(27,	'holing',	'ana',	'door',	5,	NULL,	NULL),
(27,	'holing',	'ana',	'luggage',	5,	NULL,	NULL),
(27,	'holing',	'atogaikan',	'door',	5,	NULL,	NULL),
(27,	'holing',	'atogaikan',	'luggage',	5,	NULL,	NULL),
(27,	'holing',	'maegaikan',	'door',	5,	NULL,	NULL),
(27,	'holing',	'maegaikan',	'luggage',	5,	NULL,	NULL),
(27,	'holing',	'tenaoshi',	'door',	5,	NULL,	NULL),
(27,	'holing',	'tenaoshi',	'luggage',	5,	NULL,	NULL),
(28,	'holing',	'ana',	'door',	6,	NULL,	NULL),
(28,	'holing',	'ana',	'luggage',	6,	NULL,	NULL),
(28,	'holing',	'atogaikan',	'door',	6,	NULL,	NULL),
(28,	'holing',	'atogaikan',	'luggage',	6,	NULL,	NULL),
(28,	'holing',	'maegaikan',	'door',	6,	NULL,	NULL),
(28,	'holing',	'maegaikan',	'luggage',	6,	NULL,	NULL),
(28,	'holing',	'tenaoshi',	'door',	6,	NULL,	NULL),
(28,	'holing',	'tenaoshi',	'luggage',	6,	NULL,	NULL),
(29,	'holing',	'ana',	'door',	7,	NULL,	NULL),
(29,	'holing',	'ana',	'luggage',	7,	NULL,	NULL),
(29,	'holing',	'atogaikan',	'door',	7,	NULL,	NULL),
(29,	'holing',	'atogaikan',	'luggage',	7,	NULL,	NULL),
(29,	'holing',	'maegaikan',	'door',	7,	NULL,	NULL),
(29,	'holing',	'maegaikan',	'luggage',	7,	NULL,	NULL),
(29,	'holing',	'tenaoshi',	'door',	7,	NULL,	NULL),
(29,	'holing',	'tenaoshi',	'luggage',	7,	NULL,	NULL),
(30,	'jointing',	'gaikan',	'door',	1,	NULL,	NULL),
(30,	'jointing',	'kashimego',	'door',	1,	NULL,	NULL),
(30,	'jointing',	'kashimego',	'luggage',	1,	NULL,	NULL),
(30,	'jointing',	'tenaoshi',	'door',	1,	NULL,	NULL),
(31,	'jointing',	'gaikan',	'door',	2,	NULL,	NULL),
(31,	'jointing',	'kashimego',	'door',	2,	NULL,	NULL),
(31,	'jointing',	'kashimego',	'luggage',	2,	NULL,	NULL),
(31,	'jointing',	'tenaoshi',	'door',	2,	NULL,	NULL),
(32,	'jointing',	'gaikan',	'door',	3,	NULL,	NULL),
(32,	'jointing',	'kashimego',	'door',	3,	NULL,	NULL),
(32,	'jointing',	'kashimego',	'luggage',	3,	NULL,	NULL),
(32,	'jointing',	'tenaoshi',	'door',	3,	NULL,	NULL),
(33,	'jointing',	'gaikan',	'door',	4,	NULL,	NULL),
(33,	'jointing',	'kashimego',	'door',	4,	NULL,	NULL),
(33,	'jointing',	'kashimego',	'luggage',	4,	NULL,	NULL),
(33,	'jointing',	'tenaoshi',	'door',	4,	NULL,	NULL),
(34,	'jointing',	'gaikan',	'door',	5,	NULL,	NULL),
(34,	'jointing',	'kashimego',	'door',	5,	NULL,	NULL),
(34,	'jointing',	'kashimego',	'luggage',	5,	NULL,	NULL),
(34,	'jointing',	'tenaoshi',	'door',	5,	NULL,	NULL),
(35,	'jointing',	'gaikan',	'door',	6,	NULL,	NULL),
(35,	'jointing',	'kashimego',	'door',	6,	NULL,	NULL),
(35,	'jointing',	'kashimego',	'luggage',	6,	NULL,	NULL),
(35,	'jointing',	'tenaoshi',	'door',	6,	NULL,	NULL),
(36,	'jointing',	'gaikan',	'door',	1,	NULL,	NULL),
(36,	'jointing',	'kashimego',	'door',	1,	NULL,	NULL),
(36,	'jointing',	'kashimego',	'luggage',	1,	NULL,	NULL),
(36,	'jointing',	'tenaoshi',	'door',	1,	NULL,	NULL),
(37,	'jointing',	'gaikan',	'door',	2,	NULL,	NULL),
(37,	'jointing',	'kashimego',	'door',	2,	NULL,	NULL),
(37,	'jointing',	'kashimego',	'luggage',	2,	NULL,	NULL),
(37,	'jointing',	'tenaoshi',	'door',	2,	NULL,	NULL),
(38,	'jointing',	'gaikan',	'door',	3,	NULL,	NULL),
(38,	'jointing',	'kashimego',	'door',	3,	NULL,	NULL),
(38,	'jointing',	'kashimego',	'luggage',	3,	NULL,	NULL),
(38,	'jointing',	'tenaoshi',	'door',	3,	NULL,	NULL),
(39,	'jointing',	'gaikan',	'door',	4,	NULL,	NULL),
(39,	'jointing',	'kashimego',	'door',	4,	NULL,	NULL),
(39,	'jointing',	'kashimego',	'luggage',	4,	NULL,	NULL),
(39,	'jointing',	'tenaoshi',	'door',	4,	NULL,	NULL),
(40,	'jointing',	'gaikan',	'door',	5,	NULL,	NULL),
(40,	'jointing',	'kashimego',	'door',	5,	NULL,	NULL),
(40,	'jointing',	'kashimego',	'luggage',	5,	NULL,	NULL),
(40,	'jointing',	'tenaoshi',	'door',	5,	NULL,	NULL),
(41,	'jointing',	'gaikan',	'door',	6,	NULL,	NULL),
(41,	'jointing',	'kashimego',	'door',	6,	NULL,	NULL),
(41,	'jointing',	'kashimego',	'luggage',	6,	NULL,	NULL),
(41,	'jointing',	'tenaoshi',	'door',	6,	NULL,	NULL),
(42,	'jointing',	'gaikan',	'door',	7,	NULL,	NULL),
(42,	'jointing',	'kashimego',	'door',	7,	NULL,	NULL),
(42,	'jointing',	'kashimego',	'luggage',	7,	NULL,	NULL),
(42,	'jointing',	'tenaoshi',	'door',	7,	NULL,	NULL),
(43,	'jointing',	'gaikan',	'luggage',	1,	NULL,	NULL),
(43,	'jointing',	'gaishushiage',	'luggage',	1,	NULL,	NULL),
(43,	'jointing',	'pateshufukugo',	'luggage',	1,	NULL,	NULL),
(43,	'jointing',	'suikengo',	'luggage',	1,	NULL,	NULL),
(43,	'jointing',	'tenaoshi',	'luggage',	1,	NULL,	NULL),
(43,	'jointing',	'tosoukeirego',	'luggage',	1,	NULL,	NULL),
(44,	'jointing',	'gaikan',	'luggage',	2,	NULL,	NULL),
(44,	'jointing',	'gaishushiage',	'luggage',	2,	NULL,	NULL),
(44,	'jointing',	'pateshufukugo',	'luggage',	2,	NULL,	NULL),
(44,	'jointing',	'suikengo',	'luggage',	2,	NULL,	NULL),
(44,	'jointing',	'tenaoshi',	'luggage',	2,	NULL,	NULL),
(44,	'jointing',	'tosoukeirego',	'luggage',	2,	NULL,	NULL),
(44,	'molding',	'gaikan',	'door',	4,	NULL,	NULL),
(44,	'molding',	'gaikan',	'luggage',	4,	NULL,	NULL),
(45,	'jointing',	'gaikan',	'luggage',	3,	NULL,	NULL),
(45,	'jointing',	'gaishushiage',	'luggage',	3,	NULL,	NULL),
(45,	'jointing',	'pateshufukugo',	'luggage',	3,	NULL,	NULL),
(45,	'jointing',	'suikengo',	'luggage',	3,	NULL,	NULL),
(45,	'jointing',	'tenaoshi',	'luggage',	3,	NULL,	NULL),
(45,	'jointing',	'tosoukeirego',	'luggage',	3,	NULL,	NULL),
(46,	'jointing',	'gaikan',	'luggage',	4,	NULL,	NULL),
(46,	'jointing',	'gaishushiage',	'luggage',	4,	NULL,	NULL),
(46,	'jointing',	'pateshufukugo',	'luggage',	4,	NULL,	NULL),
(46,	'jointing',	'suikengo',	'luggage',	4,	NULL,	NULL),
(46,	'jointing',	'tenaoshi',	'luggage',	4,	NULL,	NULL),
(46,	'jointing',	'tosoukeirego',	'luggage',	4,	NULL,	NULL),
(47,	'jointing',	'gaikan',	'luggage',	5,	NULL,	NULL),
(47,	'jointing',	'gaishushiage',	'luggage',	5,	NULL,	NULL),
(47,	'jointing',	'pateshufukugo',	'luggage',	5,	NULL,	NULL),
(47,	'jointing',	'suikengo',	'luggage',	5,	NULL,	NULL),
(47,	'jointing',	'tenaoshi',	'luggage',	5,	NULL,	NULL),
(47,	'jointing',	'tosoukeirego',	'luggage',	5,	NULL,	NULL),
(48,	'jointing',	'gaikan',	'luggage',	6,	NULL,	NULL),
(48,	'jointing',	'gaishushiage',	'luggage',	6,	NULL,	NULL),
(48,	'jointing',	'pateshufukugo',	'luggage',	6,	NULL,	NULL),
(48,	'jointing',	'suikengo',	'luggage',	6,	NULL,	NULL),
(48,	'jointing',	'tenaoshi',	'luggage',	6,	NULL,	NULL),
(48,	'jointing',	'tosoukeirego',	'luggage',	6,	NULL,	NULL),
(49,	'jointing',	'gaikan',	'luggage',	1,	NULL,	NULL),
(49,	'jointing',	'gaishushiage',	'luggage',	1,	NULL,	NULL),
(49,	'jointing',	'pateshufukugo',	'luggage',	1,	NULL,	NULL),
(49,	'jointing',	'suikengo',	'luggage',	1,	NULL,	NULL),
(49,	'jointing',	'tenaoshi',	'luggage',	1,	NULL,	NULL),
(49,	'jointing',	'tosoukeirego',	'luggage',	1,	NULL,	NULL),
(50,	'jointing',	'gaikan',	'luggage',	2,	NULL,	NULL),
(50,	'jointing',	'gaishushiage',	'luggage',	2,	NULL,	NULL),
(50,	'jointing',	'pateshufukugo',	'luggage',	2,	NULL,	NULL),
(50,	'jointing',	'suikengo',	'luggage',	2,	NULL,	NULL),
(50,	'jointing',	'tenaoshi',	'luggage',	2,	NULL,	NULL),
(50,	'jointing',	'tosoukeirego',	'luggage',	2,	NULL,	NULL),
(51,	'jointing',	'gaikan',	'luggage',	3,	NULL,	NULL),
(51,	'jointing',	'gaishushiage',	'luggage',	3,	NULL,	NULL),
(51,	'jointing',	'pateshufukugo',	'luggage',	3,	NULL,	NULL),
(51,	'jointing',	'suikengo',	'luggage',	3,	NULL,	NULL),
(51,	'jointing',	'tenaoshi',	'luggage',	3,	NULL,	NULL),
(51,	'jointing',	'tosoukeirego',	'luggage',	3,	NULL,	NULL),
(52,	'jointing',	'gaikan',	'luggage',	4,	NULL,	NULL),
(52,	'jointing',	'gaishushiage',	'luggage',	4,	NULL,	NULL),
(52,	'jointing',	'pateshufukugo',	'luggage',	4,	NULL,	NULL),
(52,	'jointing',	'suikengo',	'luggage',	4,	NULL,	NULL),
(52,	'jointing',	'tenaoshi',	'luggage',	4,	NULL,	NULL),
(52,	'jointing',	'tosoukeirego',	'luggage',	4,	NULL,	NULL),
(53,	'jointing',	'gaikan',	'luggage',	5,	NULL,	NULL),
(53,	'jointing',	'gaishushiage',	'luggage',	5,	NULL,	NULL),
(53,	'jointing',	'pateshufukugo',	'luggage',	5,	NULL,	NULL),
(53,	'jointing',	'suikengo',	'luggage',	5,	NULL,	NULL),
(53,	'jointing',	'tenaoshi',	'luggage',	5,	NULL,	NULL),
(53,	'jointing',	'tosoukeirego',	'luggage',	5,	NULL,	NULL),
(54,	'jointing',	'gaikan',	'luggage',	6,	NULL,	NULL),
(54,	'jointing',	'gaishushiage',	'luggage',	6,	NULL,	NULL),
(54,	'jointing',	'pateshufukugo',	'luggage',	6,	NULL,	NULL),
(54,	'jointing',	'suikengo',	'luggage',	6,	NULL,	NULL),
(54,	'jointing',	'tenaoshi',	'luggage',	6,	NULL,	NULL),
(54,	'jointing',	'tosoukeirego',	'luggage',	6,	NULL,	NULL),
(55,	'holing',	'ana',	'door',	8,	NULL,	NULL),
(55,	'holing',	'ana',	'luggage',	8,	NULL,	NULL),
(55,	'holing',	'atogaikan',	'door',	8,	NULL,	NULL),
(55,	'holing',	'atogaikan',	'luggage',	8,	NULL,	NULL),
(55,	'holing',	'maegaikan',	'door',	8,	NULL,	NULL),
(55,	'holing',	'maegaikan',	'luggage',	8,	NULL,	NULL),
(55,	'holing',	'tenaoshi',	'door',	8,	NULL,	NULL),
(55,	'holing',	'tenaoshi',	'luggage',	8,	NULL,	NULL);

-- 2017-03-24 06:05:20
